rid,doi,found,source,oa_status,pdf_url,title_devuelto,jaccard_titulo,chars,texto_valido,tried,lote,intento,consulta_ok,arxiv_id,arxiv_title,archivo_arxiv,texto_usado_en_recribado
W1807706124,10.1007/978-3-319-23144-0_20,True,unpaywall,green,https://uwo.scholaris.ca/bitstreams/02e3b733-170b-4ca8-9220-d296409aafdb/download,In Need of a Domain-Specific Language Modeling Notation for Smartphone Applications with Portable Capability,1.0,17056,True,"[{""source"":""unpaywall"",""status"":200}]",Texto 1,1.ª pasada,,,,,True
W2086589250,10.1016/j.jlamp.2015.03.001,False,,bronze,,Lightweight formalization and validation of ORM models,1.0,,False,"[{""source"":""unpaywall"",""status"":200,""reason"":""no OA location returned valid PDF""},{""source"":""semantic_scholar"",""reason"":""URL returned text/html, not a PDF""},{""source"":""pmc"",""status"":200,""reason"":""no PMCID found""},{""source"":""crossref_tdm"",""reason"":""no TDM link returned accessible content""},{""source"":""doi_resolve"",""status"":200,""reason"":""landing page accessible but full text requires HTML scraping — consider uploading PDF manually""}]",Texto 1,1.ª pasada,,,,,False
W1825009991,10.1007/s00766-015-0233-3,False,,closed,,The role of distances in requirements communication: a case study,1.0,,False,"[{""source"":""unpaywall"",""status"":200,""reason"":""no OA location""},{""source"":""semantic_scholar"",""status"":200,""reason"":""no openAccessPdf""},{""source"":""pmc"",""status"":200,""reason"":""no PMCID found""},{""source"":""crossref_tdm"",""reason"":""no TDM link returned accessible content""},{""source"":""doi_resolve"",""status"":200,""reason"":""landing page accessible but full text requires HTML scraping — consider uploading PDF manually""}]",Texto 1,1.ª pasada,,,,,False
W2259064926,10.1007/978-3-662-48634-4_12,False,,green,,Using an Ideas Creation System to Assist and Inspire Creativity in Requirements Engineering,1.0,,False,"[{""source"":""unpaywall"",""status"":200,""reason"":""no OA location returned valid PDF""},{""source"":""semantic_scholar"",""reason"":""SafeFetchError: safeFetch: https-only (got http://) — http://www.springer.com/gb/book/9783662486337""},{""source"":""pmc"",""status"":200,""reason"":""no PMCID found""},{""source"":""crossref_tdm"",""reason"":""no TDM links in CrossRef""},{""source"":""doi_resolve"",""status"":200,""reason"":""landing page accessible but full text requires HTML scraping — consider uploading PDF manually""}]",Texto 1,1.ª pasada,,,,,False
D-W2562174527,10.5753/isys.2016.321,True,unpaywall,gold,https://sol.sbc.org.br/journals/index.php/isys/article/download/321/330,GenNormas: um processo genérico para a Conformidade Legal de Requisitos na Engenharia de Requisitos,1.0,63703,True,"[{""source"":""unpaywall"",""status"":200}]",Texto 1,1.ª pasada,,,,,True
W2496251943,10.1007/s00165-016-0387-x,True,unpaywall,green,https://eprints.whiterose.ac.uk/id/eprint/103139/1/fac.pdf,Modelling timed reactive systems from natural-language requirements,1.0,150057,True,"[{""source"":""unpaywall"",""status"":200}]",Texto 1,1.ª pasada,,,,,True
W2788478879,10.11591/ijece.v8i3.pp1766-1773,False,,gold,,Anaphora Resolution in Business Process Requirement Engineering,1.0,,False,"[{""source"":""unpaywall"",""status"":200,""reason"":""no OA location returned valid PDF""},{""source"":""semantic_scholar"",""reason"":""SafeFetchError: safeFetch: https-only (got http://) — http://ijece.iaescore.com/index.php/IJECE/article/download/9356/8716""},{""source"":""pmc"",""status"":200,""reason"":""no PMCID found""},{""source"":""crossref_tdm"",""reason"":""no TDM link returned accessible content""},{""source"":""doi_resolve"",""status"":200,""reason"":""landing page accessible but full text requires HTML scraping — consider uploading PDF manually""}]",Texto 1,1.ª pasada,,,,,False
D-W2885496033,10.31908/19098367.3711,True,unpaywall,gold,https://revistas.ucp.edu.co/index.php/entrecienciaeingenieria/article/download/23/20,Concern detection along the requirement development,1.0,27655,True,"[{""source"":""unpaywall"",""status"":200}]",Texto 1,1.ª pasada,,,,,True
W2891130414,10.14569/ijacsa.2018.090832,False,,gold,,Impact and Challenges of Requirements Management in Enterprise Resource Planning (ERP) via ERP Thesaurus,1.0,,False,"[{""source"":""unpaywall"",""status"":200,""reason"":""no OA location returned valid PDF""},{""source"":""semantic_scholar"",""reason"":""SafeFetchError: safeFetch: https-only (got http://) — http://thesai.org/Downloads/Volume9No8/Paper_32-Impact_and_Challenges_of_Requirements_Management.pdf""},{""source"":""pmc"",""status"":200,""reason"":""no PMCID found""},{""source"":""crossref_tdm"",""reason"":""no TDM links in CrossRef""},{""source"":""doi_resolve"",""status"":200,""reason"":""landing page accessible but full text requires HTML scraping — consider uploading PDF manually""}]",Texto 1,1.ª pasada,,,,,False
W2806644626,10.14569/ijacsa.2018.090528,False,,gold,,Integration of heterogeneous requirements using ontologies,1.0,,False,"[{""source"":""unpaywall"",""status"":200,""reason"":""no OA location returned valid PDF""},{""source"":""semantic_scholar"",""reason"":""SafeFetchError: safeFetch: https-only (got http://) — http://thesai.org/Downloads/Volume9No5/Paper_28-Integration_of_Heterogeneous_Requirements.pdf""},{""source"":""pmc"",""status"":200,""reason"":""no PMCID found""},{""source"":""crossref_tdm"",""reason"":""no TDM links in CrossRef""},{""source"":""doi_resolve"",""status"":200,""reason"":""landing page accessible but full text requires HTML scraping — consider uploading PDF manually""}]",Texto 1,1.ª pasada,,,,,False
W2914587112,10.1007/978-3-030-11641-5_43,True,unpaywall,green,https://unsworks.unsw.edu.au/bitstreams/d2693abe-c2f1-499c-b7d6-7456187c8260/download,From Requirements to Data Analytics Process: An Ontology-Based Approach,1.0,26237,True,"[{""source"":""unpaywall"",""status"":200}]",Texto 1,1.ª pasada,,,,,True
W2929906942,10.14569/ijacsa.2019.0100329,False,,gold,,A Domain Ontology for Software Requirements Change Management in Global Software Development Environment,1.0,,False,"[{""source"":""unpaywall"",""status"":200,""reason"":""no OA location returned valid PDF""},{""source"":""semantic_scholar"",""reason"":""SafeFetchError: safeFetch: https-only (got http://) — http://thesai.org/Downloads/Volume10No3/Paper_29-Supply_Chain_Modeling_and_Simulation.pdf""},{""source"":""pmc"",""status"":200,""reason"":""no PMCID found""},{""source"":""crossref_tdm"",""reason"":""no TDM links in CrossRef""},{""source"":""doi_resolve"",""status"":200,""reason"":""landing page accessible but full text requires HTML scraping — consider uploading PDF manually""}]",Texto 1,1.ª pasada,,,,,False
D-W3135853123,10.54789/reddi.5.2.6,False,,bronze,,Análisis de variantes de un proceso de requisitos,1.0,,False,"[{""source"":""unpaywall"",""status"":200,""reason"":""no OA location returned valid PDF""},{""source"":""semantic_scholar"",""reason"":""PDF fetch failed: 403""},{""source"":""pmc"",""status"":200,""reason"":""no PMCID found""},{""source"":""crossref_tdm"",""reason"":""no TDM links in CrossRef""},{""source"":""doi_resolve"",""status"":403,""reason"":""HTTP 403""}]",Texto 1,1.ª pasada,,,,,False
D-W3087529712,10.54789/reddi.5.1.6,False,,bronze,,Especificación de requisitos de calidad de software: un aporte a los pliegos licitatorios en el Estado Argentino,1.0,,False,"[{""source"":""unpaywall"",""status"":200,""reason"":""no OA location returned valid PDF""},{""source"":""semantic_scholar"",""reason"":""PDF fetch failed: 403""},{""source"":""pmc"",""status"":200,""reason"":""no PMCID found""},{""source"":""crossref_tdm"",""reason"":""no TDM links in CrossRef""},{""source"":""doi_resolve"",""status"":403,""reason"":""HTTP 403""}]",Texto 1,1.ª pasada,,,,,False
W3138862798,10.1155/2021/6616564,False,,hybrid,,An Intelligent Analytics Approach to Minimize Complexity in Ambiguous Software Requirements,1.0,,False,"[{""source"":""unpaywall"",""status"":200,""reason"":""no OA location returned valid PDF""},{""source"":""semantic_scholar"",""reason"":""PDF fetch failed: 403""},{""source"":""pmc"",""status"":200,""reason"":""no PMCID found""},{""source"":""crossref_tdm"",""reason"":""no TDM link returned accessible content""},{""source"":""doi_resolve"",""status"":403,""reason"":""HTTP 403""}]",Texto 1,1.ª pasada,,,,,False
W3204811114,10.1007/978-3-030-88081-1_49,False,,green,,Establishing the Informational Requirements for Modelling Open Domain Dialogue and Prototyping a Retrieval Open Domain Dialogue System,1.0,,False,"[{""source"":""unpaywall"",""status"":200,""reason"":""no OA location returned valid PDF""},{""source"":""semantic_scholar"",""reason"":""PDF fetch failed: 403""},{""source"":""pmc"",""status"":200,""reason"":""no PMCID found""},{""source"":""crossref_tdm"",""reason"":""no TDM links in CrossRef""},{""source"":""doi_resolve"",""status"":200,""reason"":""landing page accessible but full text requires HTML scraping — consider uploading PDF manually""}]",Texto 1,1.ª pasada,,,,,False
W3205313195,10.3390/a14100298,False,,gold,,SENSE: A Flow-Down Semantics-Based Requirements Engineering Framework,1.0,,False,"[{""source"":""unpaywall"",""status"":200,""reason"":""no OA location returned valid PDF""},{""source"":""semantic_scholar"",""reason"":""PDF fetch failed: 403""},{""source"":""pmc"",""status"":200,""reason"":""no PMCID found""},{""source"":""crossref_tdm"",""reason"":""no TDM links in CrossRef""},{""source"":""doi_resolve"",""status"":403,""reason"":""HTTP 403""}]",Texto 1,1.ª pasada,,,,,False
W4285148038,10.1007/978-3-031-07475-2_15,True,unpaywall,green,https://ris.utwente.nl/ws/files/301073386/guizz_ama_guizz_mylo_EMMSAD2022_CR.pdf,Eliciting Ethicality Requirements Using the Ontology-Based Requirements Engineering Method,1.0,42956,True,"[{""source"":""unpaywall"",""status"":200}]",Texto 1,1.ª pasada,,,,,True
W4212920838,10.5539/cis.v15n2p15,False,,,,,,,False,"[{""source"":""crossref"",""status"":502,""reason"":""CrossRef lookup failed — cannot verify DOI exists""}]",Texto 1,1.ª pasada,,,,,True
W4381436450,10.3390/electronics12122734,False,,gold,,An Automatic Generation and Verification Method of Software Requirements Specification,1.0,,False,"[{""source"":""unpaywall"",""status"":200,""reason"":""no OA location returned valid PDF""},{""source"":""semantic_scholar"",""reason"":""PDF fetch failed: 403""},{""source"":""pmc"",""status"":200,""reason"":""no PMCID found""},{""source"":""crossref_tdm"",""reason"":""no TDM links in CrossRef""},{""source"":""doi_resolve"",""status"":403,""reason"":""HTTP 403""}]",Texto 1,1.ª pasada,,,,,False
W4388198630,10.1007/978-3-031-47112-4_22,True,unpaywall,green,https://biblio.ugent.be/publication/01HDZWCFMQPB8AB5GQJ895M8K2/file/01HDZWG7Q53K9RHHREKR3YNVPV.pdf,One Model to Rule Them All,1.0,33095,True,"[{""source"":""unpaywall"",""status"":200}]",Texto 1,1.ª pasada,,,,,True
W4396736584,10.1007/s10270-024-01176-y,True,unpaywall,green,https://pure.tue.nl/ws/files/348033491/s10270-024-01176-y.pdf,Generating domain models from natural language text using NLP: a benchmark dataset and experimental comparison of tools,1.0,71610,True,"[{""source"":""unpaywall"",""status"":200}]",Texto 1,1.ª pasada,,,,,True
W4402652005,10.7717/peerj-cs.2229,True,unpaywall,gold,https://uhra.herts.ac.uk/id/eprint/11417/1/peerj-cs-2229.pdf,Gamify4LexAmb: a gamification-based approach to address lexical ambiguity in natural language requirements,1.0,67851,True,"[{""source"":""unpaywall"",""status"":200}]",Texto 1,1.ª pasada,,,,,True
W4404887250,10.1007/978-3-031-72107-6_12,True,unpaywall,green,https://ris.utwente.nl/ws/files/499489274/978-3-031-72107-6_12.pdf,Using i* to Analyze Ethicality Requirements Following Ontology-Based Requirements Engineering,1.0,47855,True,"[{""source"":""unpaywall"",""status"":200}]",Texto 1,1.ª pasada,,,,,True
D-W7169652653,10.63688/cognitivatech.v2.i1.25,True,unpaywall,hybrid,https://cognitivatech.org/index.php/cognitivatech/article/download/25/40,Usabilidad en la práctica del desarrollo de software: análisis de discusiones en stack overflow y su relación con requisitos no funcionales,1.0,27673,True,"[{""source"":""unpaywall"",""status"":200}]",Texto 1,1.ª pasada,,,,,True
W4414729937,10.1007/978-3-032-00718-6_15,False,,green,,State of the Art on User Story Mapping and Scenarios to Specify Software Requirements,1.0,,False,"[{""source"":""unpaywall"",""status"":200,""reason"":""no OA location returned valid PDF""},{""source"":""semantic_scholar"",""status"":404,""reason"":""HTTP 404""},{""source"":""pmc"",""status"":200,""reason"":""no PMCID found""},{""source"":""crossref_tdm"",""reason"":""no TDM links in CrossRef""},{""source"":""doi_resolve"",""status"":200,""reason"":""landing page accessible but full text requires HTML scraping — consider uploading PDF manually""}]",Texto 1,1.ª pasada,,,,,False
W4411811291,10.1007/978-3-031-97141-9_9,True,unpaywall,green,https://pureadmin.qub.ac.uk/ws/files/642269902/samplepaper.pdf,Duplicate Bug Report Retrieval for New Bug Reports,1.0,40581,True,"[{""source"":""unpaywall"",""status"":200}]",Texto 1,1.ª pasada,,,,,True
W4406744209,10.1007/978-3-031-88531-0_10,True,unpaywall,green,https://inria.hal.science/hal-04907365v1/file/_REFSQ2025_.pdf,An Interactive Tool for Goal Model Construction Using a Knowledge Graph,1.0,42950,True,"[{""source"":""unpaywall"",""status"":200}]",Texto 1,1.ª pasada,,,,,True
D-W4406905674,10.12957/cadinf.2024.88057,True,unpaywall,gold,https://www.e-publicacoes.uerj.br/cadinf/article/download/88057/53055,Methodology supported by a tool for Capturing Domain Language in Web Applications.,1.0,35355,True,"[{""source"":""unpaywall"",""status"":200}]",Texto 1,1.ª pasada,,,,,True
W7153456199,10.1007/s10115-026-02747-9,False,,closed,,Mining conflicting opinions from user reviews: a semantic rule-based framework for software requirements engineering,1.0,,False,"[{""source"":""unpaywall"",""status"":200,""reason"":""no OA location""},{""source"":""semantic_scholar"",""status"":200,""reason"":""no openAccessPdf""},{""source"":""pmc"",""status"":200,""reason"":""no PMCID found""},{""source"":""crossref_tdm"",""reason"":""no TDM link returned accessible content""},{""source"":""doi_resolve"",""status"":200,""reason"":""landing page accessible but full text requires HTML scraping — consider uploading PDF manually""}]",Texto 1,1.ª pasada,,,,,False
W7151580078,10.33545/2707661x.2026.v7.i1b.194,True,unpaywall,bronze,https://www.computersciencejournals.com/ijcit/archives/2026/vol7issue1/PartB/7-1-32-294.pdf,Semantic and intelligent mining of requirements from structured software specifications,1.0,31934,True,"[{""source"":""unpaywall"",""status"":200}]",Texto 1,1.ª pasada,,,,,True
W7130950848,10.70593/978-93-7185-114-5_1,True,unpaywall,gold,https://deepscienceresearch.com/dsr/catalog/download/501/2180/4120,Foundations of Operational Intelligence Engineering,1.0,38833,True,"[{""source"":""unpaywall"",""status"":200}]",Texto 1,1.ª pasada,,,,,True
W1468885472,10.1007/978-94-017-7236-5_14,False,,closed,,Comparison of Conceptual Class Diagrams for Verifying Software Model Redesign,1.0,,False,"[{""source"":""unpaywall"",""status"":200,""reason"":""no OA location""},{""source"":""semantic_scholar"",""status"":200,""reason"":""no openAccessPdf""},{""source"":""pmc"",""status"":200,""reason"":""no PMCID found""},{""source"":""crossref_tdm"",""reason"":""no TDM links in CrossRef""},{""source"":""doi_resolve"",""status"":200,""reason"":""landing page accessible but full text requires HTML scraping — consider uploading PDF manually""}]",Texto 1,1.ª pasada,,,,,False
W973328774,10.1007/978-3-319-16274-4_14,False,,green,,Translation of Requirements Engineering Models,1.0,,False,"[{""source"":""unpaywall"",""status"":200,""reason"":""no OA location""},{""source"":""semantic_scholar"",""reason"":""URL returned text/html; charset=UTF-8, not a PDF""},{""source"":""pmc"",""status"":200,""reason"":""no PMCID found""},{""source"":""crossref_tdm"",""reason"":""no TDM links in CrossRef""},{""source"":""doi_resolve"",""status"":200,""reason"":""landing page accessible but full text requires HTML scraping — consider uploading PDF manually""}]",Texto 1,1.ª pasada,,,,,False
W307565400,10.1007/978-3-319-18714-3_9,False,,closed,,Proposal for Requirements Driven Design Science Research,1.0,,False,"[{""source"":""unpaywall"",""status"":200,""reason"":""no OA location""},{""source"":""semantic_scholar"",""status"":200,""reason"":""no openAccessPdf""},{""source"":""pmc"",""status"":200,""reason"":""no PMCID found""},{""source"":""crossref_tdm"",""reason"":""no TDM links in CrossRef""},{""source"":""doi_resolve"",""status"":200,""reason"":""landing page accessible but full text requires HTML scraping — consider uploading PDF manually""}]",Texto 1,1.ª pasada,,,,,False
W2397196484,10.1007/978-3-319-25840-9_28,False,,closed,,How to Build Ontologies for Requirements Systems Engineering Projects Aiding the Quality Management Process,1.0,,False,"[{""source"":""unpaywall"",""status"":200,""reason"":""no OA location""},{""source"":""semantic_scholar"",""status"":200,""reason"":""no openAccessPdf""},{""source"":""pmc"",""status"":200,""reason"":""no PMCID found""},{""source"":""crossref_tdm"",""reason"":""no TDM links in CrossRef""},{""source"":""doi_resolve"",""status"":200,""reason"":""landing page accessible but full text requires HTML scraping — consider uploading PDF manually""}]",Texto 1,1.ª pasada,,,,,False
W1154089677,10.1007/978-3-319-19147-8_4,False,,closed,,Profiling of Software Requirements for the Pharmaceutical Enterprise Manufacturing Execution System,1.0,,False,"[{""source"":""unpaywall"",""status"":200,""reason"":""no OA location""},{""source"":""semantic_scholar"",""status"":200,""reason"":""no openAccessPdf""},{""source"":""pmc"",""status"":200,""reason"":""no PMCID found""},{""source"":""crossref_tdm"",""reason"":""no TDM links in CrossRef""},{""source"":""doi_resolve"",""status"":200,""reason"":""landing page accessible but full text requires HTML scraping — consider uploading PDF manually""}]",Texto 1,1.ª pasada,,,,,False
W55103004,10.1016/bs.adcom.2014.10.003,False,,closed,,Advances in Behavior Modeling,1.0,,False,"[{""source"":""unpaywall"",""status"":200,""reason"":""no OA location""},{""source"":""semantic_scholar"",""status"":200,""reason"":""no openAccessPdf""},{""source"":""pmc"",""status"":200,""reason"":""no PMCID found""},{""source"":""crossref_tdm"",""reason"":""no TDM link returned accessible content""},{""source"":""doi_resolve"",""status"":200,""reason"":""landing page accessible but full text requires HTML scraping — consider uploading PDF manually""}]",Texto 1,1.ª pasada,,,,,False
W2293582102,10.1007/978-3-319-25017-5_38,False,,closed,,A Semantic Driven Approach for Consistency Verification Between Requirements and FMEA,1.0,,False,"[{""source"":""unpaywall"",""status"":200,""reason"":""no OA location""},{""source"":""semantic_scholar"",""status"":200,""reason"":""no openAccessPdf""},{""source"":""pmc"",""status"":200,""reason"":""no PMCID found""},{""source"":""crossref_tdm"",""reason"":""no TDM links in CrossRef""},{""source"":""doi_resolve"",""status"":200,""reason"":""landing page accessible but full text requires HTML scraping — consider uploading PDF manually""}]",Texto 1,1.ª pasada,,,,,False
W2286396457,10.1109/iciict.2015.7396079,False,,closed,,Ontology construction for explicit description of domain knowledge,1.0,,False,"[{""source"": ""unpaywall"", ""status"": 200, ""reason"": ""no OA location""}, {""source"": ""semantic_scholar"", ""status"": 200, ""reason"": ""no openAccessPdf""}, {""source"": ""pmc"", ""status"": 200, ""reason"": ""no PMCID found""}, {""source"": ""crossref_tdm"", ""reason"": ""no TDM links in CrossRef""}, {""source"": ""doi_resolve"", ""status"": 202, ""reason"": ""HTTP 202""}]",Texto 2,1.ª pasada,,,,,False
W2292634343,10.1007/978-3-319-28031-8_17,False,,closed,,Software Requirement Elicitation Using Natural Language Processing,1.0,,False,"[{""source"": ""unpaywall"", ""status"": 200, ""reason"": ""no OA location""}, {""source"": ""semantic_scholar"", ""status"": 200, ""reason"": ""no openAccessPdf""}, {""source"": ""pmc"", ""status"": 200, ""reason"": ""no PMCID found""}, {""source"": ""crossref_tdm"", ""reason"": ""no TDM links in CrossRef""}, {""source"": ""doi_resolve"", ""status"": 200, ""reason"": ""landing page accessible but full text requires HTML scraping — consider uploading PDF manually""}]",Texto 2,1.ª pasada,,,,,False
W2466929610,10.1007/978-3-319-27653-3_26,False,,closed,,Knowledge Identification from Requirements Specification,1.0,,False,"[{""source"": ""unpaywall"", ""status"": 200, ""reason"": ""no OA location""}, {""source"": ""semantic_scholar"", ""status"": 200, ""reason"": ""no openAccessPdf""}, {""source"": ""pmc"", ""status"": 200, ""reason"": ""no PMCID found""}, {""source"": ""crossref_tdm"", ""reason"": ""no TDM links in CrossRef""}, {""source"": ""doi_resolve"", ""status"": 200, ""reason"": ""landing page accessible but full text requires HTML scraping — consider uploading PDF manually""}]",Texto 2,1.ª pasada,,,,,False
W4237513841,10.1007/978-3-319-18821-8_9,False,,closed,,Categories,1.0,,False,"[{""source"": ""unpaywall"", ""status"": 200, ""reason"": ""no OA location""}, {""source"": ""semantic_scholar"", ""status"": 404, ""reason"": ""HTTP 404""}, {""source"": ""pmc"", ""status"": 200, ""reason"": ""no PMCID found""}, {""source"": ""crossref_tdm"", ""reason"": ""no TDM links in CrossRef""}, {""source"": ""doi_resolve"", ""status"": 200, ""reason"": ""landing page accessible but full text requires HTML scraping — consider uploading PDF manually""}]",Texto 2,1.ª pasada,,,,,False
W2181759940,10.1016/j.infsof.2015.11.006,False,,closed,,Terminological inconsistency analysis of natural language requirements,1.0,,False,"[{""source"": ""unpaywall"", ""status"": 200, ""reason"": ""no OA location""}, {""source"": ""semantic_scholar"", ""status"": 200, ""reason"": ""no openAccessPdf""}, {""source"": ""pmc"", ""status"": 200, ""reason"": ""no PMCID found""}, {""source"": ""crossref_tdm"", ""reason"": ""no TDM link returned accessible content""}, {""source"": ""doi_resolve"", ""status"": 200, ""reason"": ""landing page accessible but full text requires HTML scraping — consider uploading PDF manually""}]",Texto 2,1.ª pasada,,,,,False
W2296412217,10.5220/0005398301880200,False,,gold,,OnTheme/Doc - An Ontology-based Approach for Crosscutting Concern Identification from Software Requirements,1.0,,False,"[{""source"": ""unpaywall"", ""status"": 200, ""reason"": ""no OA location""}, {""source"": ""semantic_scholar"", ""reason"": ""URL is a DOI redirect, not a direct PDF""}, {""source"": ""pmc"", ""status"": 200, ""reason"": ""no PMCID found""}, {""source"": ""crossref_tdm"", ""reason"": ""no TDM links in CrossRef""}, {""source"": ""doi_resolve"", ""status"": 200, ""reason"": ""landing page accessible but full text requires HTML scraping — consider uploading PDF manually""}]",Texto 2,1.ª pasada,,,,,False
W2935193705,10.14257/ijunesst.2015.8.11.01,True,doi_resolve,closed,https://article.nadiapub.com/IJUNESST/vol8_no11/1.pdf,Capturing Software Requirements Modeling from Ontology Tree,1.0,22139,True,"[{""source"": ""unpaywall"", ""status"": 200, ""reason"": ""no OA location""}, {""source"": ""semantic_scholar"", ""status"": 200, ""reason"": ""no openAccessPdf""}, {""source"": ""pmc"", ""status"": 200, ""reason"": ""no PMCID found""}, {""source"": ""crossref_tdm"", ""reason"": ""no TDM links in CrossRef""}, {""source"": ""doi_resolve"", ""status"": 200}]",Texto 2,1.ª pasada,,,,,True
W395385492,10.1007/978-3-319-15618-7_13,False,,,,,,,False,"[{""source"": ""crossref"", ""status"": 502, ""reason"": ""CrossRef lookup failed — cannot verify DOI exists""}]",Texto 2,1.ª pasada,,,,,False
W1602445004,10.1109/icdew.2015.7129546,False,,green,,SemTree: An index for supporting semantic retrieval of documents,1.0,,False,"[{""source"": ""unpaywall"", ""status"": 200, ""reason"": ""no OA location""}, {""source"": ""semantic_scholar"", ""reason"": ""PDF fetch failed: 403""}, {""source"": ""pmc"", ""status"": 200, ""reason"": ""no PMCID found""}, {""source"": ""crossref_tdm"", ""reason"": ""no TDM links in CrossRef""}, {""source"": ""doi_resolve"", ""status"": 202, ""reason"": ""HTTP 202""}]",Texto 2,1.ª pasada,,,,,False
W4235280327,10.1007/978-3-319-18597-2_8,False,,closed,,Modelling,1.0,,False,"[{""source"": ""unpaywall"", ""status"": 200, ""reason"": ""no OA location""}, {""source"": ""semantic_scholar"", ""status"": 404, ""reason"": ""HTTP 404""}, {""source"": ""pmc"", ""status"": 200, ""reason"": ""no PMCID found""}, {""source"": ""crossref_tdm"", ""reason"": ""no TDM links in CrossRef""}, {""source"": ""doi_resolve"", ""status"": 200, ""reason"": ""landing page accessible but full text requires HTML scraping — consider uploading PDF manually""}]",Texto 2,1.ª pasada,,,,,False
W1961724537,10.1504/ijhpcn.2015.071261,False,,closed,,A semantic driven approach for requirements consistency verification,1.0,,False,"[{""source"": ""unpaywall"", ""status"": 200, ""reason"": ""no OA location""}, {""source"": ""semantic_scholar"", ""status"": 200, ""reason"": ""no openAccessPdf""}, {""source"": ""pmc"", ""status"": 200, ""reason"": ""no PMCID found""}, {""source"": ""crossref_tdm"", ""reason"": ""no TDM links in CrossRef""}, {""source"": ""doi_resolve"", ""status"": 403, ""reason"": ""HTTP 403""}]",Texto 2,1.ª pasada,,,,,False
W2405457986,10.1007/978-3-319-29133-8_19,False,,closed,,CrossCutting Concerns Identification Supported by Ontologies: A Preliminary Study,1.0,,False,"[{""source"": ""unpaywall"", ""status"": 200, ""reason"": ""no OA location""}, {""source"": ""semantic_scholar"", ""status"": 200, ""reason"": ""no openAccessPdf""}, {""source"": ""pmc"", ""status"": 200, ""reason"": ""no PMCID found""}, {""source"": ""crossref_tdm"", ""reason"": ""no TDM links in CrossRef""}, {""source"": ""doi_resolve"", ""status"": 200, ""reason"": ""landing page accessible but full text requires HTML scraping — consider uploading PDF manually""}]",Texto 2,1.ª pasada,,,,,False
W282834435,10.1007/978-3-319-16101-3_11,False,,closed,,From Stakeholder Requirements to Formal Specifications Through Refinement,1.0,,False,"[{""source"": ""unpaywall"", ""status"": 200, ""reason"": ""no OA location""}, {""source"": ""semantic_scholar"", ""reason"": ""SafeFetchError: safeFetch: https-only (got http://) — http://www.inf.ufes.br/%7Egguizzardi/REFSQ2015.pdf""}, {""source"": ""pmc"", ""status"": 200, ""reason"": ""no PMCID found""}, {""source"": ""crossref_tdm"", ""reason"": ""no TDM links in CrossRef""}, {""source"": ""doi_resolve"", ""status"": 200, ""reason"": ""landing page accessible but full text requires HTML scraping — consider uploading PDF manually""}]",Texto 2,1.ª pasada,,,,,False
W2151073382,10.1007/978-3-319-19216-1_11,False,,green,,Towards an Ontology-Based Approach to Safety Management in Cooperative Intelligent Transportation Systems,1.0,,False,"[{""source"": ""unpaywall"", ""status"": 200, ""reason"": ""no OA location""}, {""source"": ""semantic_scholar"", ""reason"": ""SafeFetchError: safeFetch: https-only (got http://) — http://urn.kb.se/resolve?urn=urn:nbn:se:kth:diva-172509""}, {""source"": ""pmc"", ""status"": 200, ""reason"": ""no PMCID found""}, {""source"": ""crossref_tdm"", ""reason"": ""no TDM links in CrossRef""}, {""source"": ""doi_resolve"", ""status"": 200, ""reason"": ""landing page accessible but full text requires HTML scraping — consider uploading PDF manually""}]",Texto 2,1.ª pasada,,,,,False
W2528116301,10.1007/978-3-319-47677-3_7,False,,closed,,Computing Specification-Sensitive Abstractions for Program Verification,1.0,,False,"[{""source"": ""unpaywall"", ""status"": 200, ""reason"": ""no OA location""}, {""source"": ""semantic_scholar"", ""status"": 200, ""reason"": ""no openAccessPdf""}, {""source"": ""pmc"", ""status"": 200, ""reason"": ""no PMCID found""}, {""source"": ""crossref_tdm"", ""reason"": ""no TDM links in CrossRef""}, {""source"": ""doi_resolve"", ""status"": 200, ""reason"": ""landing page accessible but full text requires HTML scraping — consider uploading PDF manually""}]",Texto 2,1.ª pasada,,,,,False
W2520262450,10.1007/978-981-10-2419-1_19,False,,,,,,,False,"[{""source"": ""crossref"", ""status"": 502, ""reason"": ""CrossRef lookup failed — cannot verify DOI exists""}]",Texto 2,1.ª pasada,,,,,False
W2510893491,10.1007/978-3-319-43606-7_3,False,,closed,,Domain Modeling Based on Requirements Specification and Ontology,1.0,,False,"[{""source"": ""unpaywall"", ""status"": 200, ""reason"": ""no OA location""}, {""source"": ""semantic_scholar"", ""status"": 200, ""reason"": ""no openAccessPdf""}, {""source"": ""pmc"", ""status"": 200, ""reason"": ""no PMCID found""}, {""source"": ""crossref_tdm"", ""reason"": ""no TDM links in CrossRef""}, {""source"": ""doi_resolve"", ""status"": 200, ""reason"": ""landing page accessible but full text requires HTML scraping — consider uploading PDF manually""}]",Texto 2,1.ª pasada,,,,,False
W2518120659,10.1007/978-3-319-43606-7_5,False,,closed,,RSL-DL: Representing Domain Knowledge for the Purpose of Code Generation,1.0,,False,"[{""source"": ""unpaywall"", ""status"": 200, ""reason"": ""no OA location""}, {""source"": ""semantic_scholar"", ""status"": 200, ""reason"": ""no openAccessPdf""}, {""source"": ""pmc"", ""status"": 200, ""reason"": ""no PMCID found""}, {""source"": ""crossref_tdm"", ""reason"": ""no TDM links in CrossRef""}, {""source"": ""doi_resolve"", ""status"": 200, ""reason"": ""landing page accessible but full text requires HTML scraping — consider uploading PDF manually""}]",Texto 2,1.ª pasada,,,,,False
W2611816619,10.1109/skima.2016.7916218,False,,,,,,,False,"[{""source"": ""crossref"", ""status"": 502, ""reason"": ""CrossRef lookup failed — cannot verify DOI exists""}]",Texto 2,1.ª pasada,,,,,False
W2473847603,10.1007/978-3-319-33245-1_14,False,,closed,,Towards a Core Ontology of Occupational Safety and Health,1.0,,False,"[{""source"": ""unpaywall"", ""status"": 200, ""reason"": ""no OA location""}, {""source"": ""semantic_scholar"", ""status"": 200, ""reason"": ""no openAccessPdf""}, {""source"": ""pmc"", ""status"": 200, ""reason"": ""no PMCID found""}, {""source"": ""crossref_tdm"", ""reason"": ""no TDM links in CrossRef""}, {""source"": ""doi_resolve"", ""status"": 200, ""reason"": ""landing page accessible but full text requires HTML scraping — consider uploading PDF manually""}]",Texto 2,1.ª pasada,,,,,False
W2560676530,10.1007/978-3-319-51055-2_16,False,,closed,,Towards an Ontology of Requirements for Pervasive Games Based Learning Systems: A Requirements Engineering Perspective,1.0,,False,"[{""source"": ""unpaywall"", ""status"": 200, ""reason"": ""no OA location""}, {""source"": ""semantic_scholar"", ""status"": 200, ""reason"": ""no openAccessPdf""}, {""source"": ""pmc"", ""status"": 200, ""reason"": ""no PMCID found""}, {""source"": ""crossref_tdm"", ""reason"": ""no TDM links in CrossRef""}, {""source"": ""doi_resolve"", ""status"": 200, ""reason"": ""landing page accessible but full text requires HTML scraping — consider uploading PDF manually""}]",Texto 2,1.ª pasada,,,,,False
W2248592387,10.1016/j.infsof.2015.12.011,False,,closed,,Automated COSMIC Function Point measurement using a requirements engineering ontology,1.0,,False,"[{""source"": ""unpaywall"", ""status"": 200, ""reason"": ""no OA location""}, {""source"": ""semantic_scholar"", ""status"": 200, ""reason"": ""no openAccessPdf""}, {""source"": ""pmc"", ""status"": 200, ""reason"": ""no PMCID found""}, {""source"": ""crossref_tdm"", ""reason"": ""no TDM link returned accessible content""}, {""source"": ""doi_resolve"", ""status"": 200, ""reason"": ""landing page accessible but full text requires HTML scraping — consider uploading PDF manually""}]",Texto 2,1.ª pasada,,,,,False
W2490593799,10.1007/978-3-319-42089-9_27,False,,closed,,A Methodological Approach to Identify Type of Dependency from User Requirements,1.0,,False,"[{""source"": ""unpaywall"", ""status"": 200, ""reason"": ""no OA location""}, {""source"": ""semantic_scholar"", ""status"": 200, ""reason"": ""no openAccessPdf""}, {""source"": ""pmc"", ""status"": 200, ""reason"": ""no PMCID found""}, {""source"": ""crossref_tdm"", ""reason"": ""no TDM links in CrossRef""}, {""source"": ""doi_resolve"", ""status"": 200, ""reason"": ""landing page accessible but full text requires HTML scraping — consider uploading PDF manually""}]",Texto 2,1.ª pasada,,,,,False
W2489393935,10.1007/978-3-319-39696-5_14,False,,closed,,Engineering Requirements with Desiree: An Empirical Evaluation,1.0,,False,"[{""source"": ""unpaywall"", ""status"": 200, ""reason"": ""no OA location""}, {""source"": ""semantic_scholar"", ""status"": 200, ""reason"": ""no openAccessPdf""}, {""source"": ""pmc"", ""status"": 200, ""reason"": ""no PMCID found""}, {""source"": ""crossref_tdm"", ""reason"": ""no TDM links in CrossRef""}, {""source"": ""doi_resolve"", ""status"": 200, ""reason"": ""landing page accessible but full text requires HTML scraping — consider uploading PDF manually""}]",Texto 2,1.ª pasada,,,,,False
W2346441090,10.1007/s00766-016-0252-8,False,,closed,,"Detecting, classifying, and tracing non-functional software requirements",1.0,,False,"[{""source"": ""unpaywall"", ""status"": 200, ""reason"": ""no OA location""}, {""source"": ""semantic_scholar"", ""status"": 200, ""reason"": ""no openAccessPdf""}, {""source"": ""pmc"", ""status"": 200, ""reason"": ""no PMCID found""}, {""source"": ""crossref_tdm"", ""reason"": ""no TDM link returned accessible content""}, {""source"": ""doi_resolve"", ""status"": 200, ""reason"": ""landing page accessible but full text requires HTML scraping — consider uploading PDF manually""}]",Texto 2,1.ª pasada,,,,,False
W2496461653,10.1007/978-3-319-38980-6_32,False,,closed,,Smart Requirements: How Smart Can They Get?,1.0,,False,"[{""source"": ""unpaywall"", ""status"": 200, ""reason"": ""no OA location""}, {""source"": ""semantic_scholar"", ""status"": 200, ""reason"": ""no openAccessPdf""}, {""source"": ""pmc"", ""status"": 200, ""reason"": ""no PMCID found""}, {""source"": ""crossref_tdm"", ""reason"": ""no TDM links in CrossRef""}, {""source"": ""doi_resolve"", ""status"": 200, ""reason"": ""landing page accessible but full text requires HTML scraping — consider uploading PDF manually""}]",Texto 2,1.ª pasada,,,,,False
W2461549254,10.1007/978-3-319-30243-0_6,False,,green,,Towards a CBSE Framework for Enhancing Software Reuse: Matching Component Properties Using Semi-formal Specifications and Ontologies,1.0,,False,"[{""source"": ""unpaywall"", ""status"": 200, ""reason"": ""no OA location""}, {""source"": ""semantic_scholar"", ""reason"": ""SafeFetchError: safeFetch: https-only (got http://) — http://urn.kb.se/resolve?urn=urn:nbn:se:ri:diva-24517""}, {""source"": ""pmc"", ""status"": 200, ""reason"": ""no PMCID found""}, {""source"": ""crossref_tdm"", ""reason"": ""no TDM links in CrossRef""}, {""source"": ""doi_resolve"", ""status"": 200, ""reason"": ""landing page accessible but full text requires HTML scraping — consider uploading PDF manually""}]",Texto 2,1.ª pasada,,,,,False
W2528410472,10.1007/978-3-319-47166-2_23,False,,closed,,On the Use of Domain and System Knowledge Modeling in Goal-Based Event-B Specifications,1.0,,False,"[{""source"": ""unpaywall"", ""status"": 200, ""reason"": ""no OA location""}, {""source"": ""semantic_scholar"", ""status"": 200, ""reason"": ""no openAccessPdf""}, {""source"": ""pmc"", ""status"": 200, ""reason"": ""no PMCID found""}, {""source"": ""crossref_tdm"", ""reason"": ""no TDM links in CrossRef""}, {""source"": ""doi_resolve"", ""status"": 200, ""reason"": ""landing page accessible but full text requires HTML scraping — consider uploading PDF manually""}]",Texto 2,1.ª pasada,,,,,False
W2587684450,10.1109/intech.2016.7845068,False,,closed,,Sematic analysis of business rules using discourse representation theory,1.0,,False,"[{""source"": ""unpaywall"", ""status"": 200, ""reason"": ""no OA location""}, {""source"": ""semantic_scholar"", ""status"": 200, ""reason"": ""no openAccessPdf""}, {""source"": ""pmc"", ""status"": 200, ""reason"": ""no PMCID found""}, {""source"": ""crossref_tdm"", ""reason"": ""no TDM links in CrossRef""}, {""source"": ""doi_resolve"", ""status"": 202, ""reason"": ""HTTP 202""}]",Texto 2,1.ª pasada,,,,,False
W2399720201,10.1007/978-3-319-29473-5_11,False,,closed,,Test Case Generation from Natural Language Requirements Using CPN Simulation,1.0,,False,"[{""source"": ""unpaywall"", ""status"": 200, ""reason"": ""no OA location""}, {""source"": ""semantic_scholar"", ""status"": 200, ""reason"": ""no openAccessPdf""}, {""source"": ""pmc"", ""status"": 200, ""reason"": ""no PMCID found""}, {""source"": ""crossref_tdm"", ""reason"": ""no TDM links in CrossRef""}, {""source"": ""doi_resolve"", ""status"": 200, ""reason"": ""landing page accessible but full text requires HTML scraping — consider uploading PDF manually""}]",Texto 2,1.ª pasada,,,,,False
W2461521309,10.1007/978-3-319-46397-1_35,False,,closed,,Visualizing User Story Requirements at Multiple Granularity Levels via Semantic Relatedness,1.0,,False,"[{""source"": ""unpaywall"", ""status"": 200, ""reason"": ""no OA location""}, {""source"": ""semantic_scholar"", ""status"": 200, ""reason"": ""no openAccessPdf""}, {""source"": ""pmc"", ""status"": 200, ""reason"": ""no PMCID found""}, {""source"": ""crossref_tdm"", ""reason"": ""no TDM links in CrossRef""}, {""source"": ""doi_resolve"", ""status"": 200, ""reason"": ""landing page accessible but full text requires HTML scraping — consider uploading PDF manually""}]",Texto 2,1.ª pasada,,,,,False
W2472794676,10.22360/springsim.2016.anss.061,False,,closed,,Extended variability modeling using system entity structure ontology within MATLAB/Simulink,1.0,,False,"[{""source"": ""unpaywall"", ""status"": 200, ""reason"": ""no OA location""}, {""source"": ""semantic_scholar"", ""status"": 200, ""reason"": ""no openAccessPdf""}, {""source"": ""pmc"", ""status"": 200, ""reason"": ""no PMCID found""}, {""source"": ""crossref_tdm"", ""reason"": ""no TDM links in CrossRef""}, {""source"": ""doi_resolve"", ""status"": 403, ""reason"": ""HTTP 403""}]",Texto 2,1.ª pasada,,,,,False
W2331329182,10.1007/s10559-016-9808-3,False,,closed,,Requirements Engineering and Semantic Web*,1.0,,False,"[{""source"": ""unpaywall"", ""status"": 200, ""reason"": ""no OA location""}, {""source"": ""semantic_scholar"", ""status"": 200, ""reason"": ""no openAccessPdf""}, {""source"": ""pmc"", ""status"": 200, ""reason"": ""no PMCID found""}, {""source"": ""crossref_tdm"", ""reason"": ""no TDM link returned accessible content""}, {""source"": ""doi_resolve"", ""status"": 200, ""reason"": ""landing page accessible but full text requires HTML scraping — consider uploading PDF manually""}]",Texto 2,1.ª pasada,,,,,False
W2551021142,10.1007/s10009-016-0443-0,False,,closed,,The role of user requirements in data repository design,1.0,,False,"[{""source"": ""unpaywall"", ""status"": 200, ""reason"": ""no OA location""}, {""source"": ""semantic_scholar"", ""status"": 200, ""reason"": ""no openAccessPdf""}, {""source"": ""pmc"", ""status"": 200, ""reason"": ""no PMCID found""}, {""source"": ""crossref_tdm"", ""reason"": ""no TDM link returned accessible content""}, {""source"": ""doi_resolve"", ""status"": 200, ""reason"": ""landing page accessible but full text requires HTML scraping — consider uploading PDF manually""}]",Texto 2,1.ª pasada,,,,,False
W2468997147,10.1007/978-3-319-30337-6_13,False,,closed,,Requirements Verification Method for System Engineering Based on a RDF Logic View,1.0,,False,"[{""source"": ""unpaywall"", ""status"": 200, ""reason"": ""no OA location""}, {""source"": ""semantic_scholar"", ""status"": 200, ""reason"": ""no openAccessPdf""}, {""source"": ""pmc"", ""status"": 200, ""reason"": ""no PMCID found""}, {""source"": ""crossref_tdm"", ""reason"": ""no TDM links in CrossRef""}, {""source"": ""doi_resolve"", ""status"": 200, ""reason"": ""landing page accessible but full text requires HTML scraping — consider uploading PDF manually""}]",Texto 2,1.ª pasada,,,,,False
W2606487253,10.1007/978-3-319-57955-9_3,False,,closed,,Adding Quality of Information to the Ontological Model of an Enterprise,1.0,,False,"[{""source"": ""unpaywall"", ""status"": 200, ""reason"": ""no OA location""}, {""source"": ""semantic_scholar"", ""status"": 429, ""reason"": ""HTTP 429""}, {""source"": ""pmc"", ""status"": 200, ""reason"": ""no PMCID found""}, {""source"": ""crossref_tdm"", ""reason"": ""no TDM links in CrossRef""}, {""source"": ""doi_resolve"", ""status"": 200, ""reason"": ""landing page accessible but full text requires HTML scraping — consider uploading PDF manually""}]",Texto 2,1.ª pasada,,,,,False
W2600476158,10.1142/s2425038416300123,False,,closed,,Semantic software engineering,1.0,,False,"[{""source"": ""unpaywall"", ""status"": 200, ""reason"": ""no OA location""}, {""source"": ""semantic_scholar"", ""status"": 200, ""reason"": ""no openAccessPdf""}, {""source"": ""pmc"", ""status"": 200, ""reason"": ""no PMCID found""}, {""source"": ""crossref_tdm"", ""reason"": ""no TDM links in CrossRef""}, {""source"": ""doi_resolve"", ""status"": 403, ""reason"": ""HTTP 403""}]",Texto 2,1.ª pasada,,,,,False
W2614145427,10.1007/978-3-319-58694-6_39,False,,closed,,Ontology Learning from Software Requirements Specification (SRS),1.0,,False,"[{""source"": ""unpaywall"", ""status"": 200, ""reason"": ""no OA location""}, {""source"": ""semantic_scholar"", ""status"": 429, ""reason"": ""HTTP 429""}, {""source"": ""pmc"", ""status"": 200, ""reason"": ""no PMCID found""}, {""source"": ""crossref_tdm"", ""reason"": ""no TDM links in CrossRef""}, {""source"": ""doi_resolve"", ""status"": 200, ""reason"": ""landing page accessible but full text requires HTML scraping — consider uploading PDF manually""}]",Texto 2,1.ª pasada,,,,,False
W2753115148,10.1007/978-3-319-64861-3_71,False,,closed,,Forming System Requirements for Software Development Using Semantic Technology,1.0,,False,"[{""source"": ""unpaywall"", ""status"": 200, ""reason"": ""no OA location""}, {""source"": ""semantic_scholar"", ""status"": 200, ""reason"": ""no openAccessPdf""}, {""source"": ""pmc"", ""status"": 200, ""reason"": ""no PMCID found""}, {""source"": ""crossref_tdm"", ""reason"": ""no TDM links in CrossRef""}, {""source"": ""doi_resolve"", ""status"": 200, ""reason"": ""landing page accessible but full text requires HTML scraping — consider uploading PDF manually""}]",Texto 2,1.ª pasada,,,,,False
W2594264723,10.1007/s10579-017-9381-z,False,,green,,Software requirements as an application domain for natural language processing,1.0,,False,"[{""source"": ""unpaywall"", ""status"": 200, ""reason"": ""no OA location""}, {""source"": ""semantic_scholar"", ""reason"": ""PDF fetch failed: 403""}, {""source"": ""pmc"", ""status"": 200, ""reason"": ""no PMCID found""}, {""source"": ""crossref_tdm"", ""reason"": ""no TDM link returned accessible content""}, {""source"": ""doi_resolve"", ""status"": 200, ""reason"": ""landing page accessible but full text requires HTML scraping — consider uploading PDF manually""}]",Texto 3,1.ª pasada,,,,,False
W2619335553,10.1007/978-3-319-60131-1_47,False,,closed,,CSQuaRE: Approach for Quality Control in Crowdsourcing,1.0,,False,"[{""source"": ""unpaywall"", ""status"": 200, ""reason"": ""no OA location""}, {""source"": ""semantic_scholar"", ""status"": 200, ""reason"": ""no openAccessPdf""}, {""source"": ""pmc"", ""status"": 200, ""reason"": ""no PMCID found""}, {""source"": ""crossref_tdm"", ""reason"": ""no TDM links in CrossRef""}, {""source"": ""doi_resolve"", ""status"": 200, ""reason"": ""landing page accessible but full text requires HTML scraping — consider uploading PDF manually""}]",Texto 3,1.ª pasada,,,,,False
W2611299143,10.1007/978-3-319-58451-5_8,False,,closed,,Ontology-Driven Unified Governance in Software Engineering: The PoolParty Case Study,1.0,,False,"[{""source"": ""unpaywall"", ""status"": 200, ""reason"": ""no OA location""}, {""source"": ""semantic_scholar"", ""status"": 200, ""reason"": ""no openAccessPdf""}, {""source"": ""pmc"", ""status"": 200, ""reason"": ""no PMCID found""}, {""source"": ""crossref_tdm"", ""reason"": ""no TDM links in CrossRef""}, {""source"": ""doi_resolve"", ""status"": 200, ""reason"": ""landing page accessible but full text requires HTML scraping — consider uploading PDF manually""}]",Texto 3,1.ª pasada,,,,,False
W2772863937,10.1016/j.infsof.2017.11.011,False,,closed,,Sustainability analysis and ease of learning in artifact-based requirements engineering: The newest member of the family of studies (It's a girl!),1.0,,False,"[{""source"": ""unpaywall"", ""status"": 200, ""reason"": ""no OA location""}, {""source"": ""semantic_scholar"", ""status"": 200, ""reason"": ""no openAccessPdf""}, {""source"": ""pmc"", ""status"": 200, ""reason"": ""no PMCID found""}, {""source"": ""crossref_tdm"", ""reason"": ""no TDM link returned accessible content""}, {""source"": ""doi_resolve"", ""status"": 200, ""reason"": ""landing page accessible but full text requires HTML scraping — consider uploading PDF manually""}]",Texto 3,1.ª pasada,,,,,False
W2755375180,10.1007/s00766-017-0279-5,False,,closed,,Using the AMAN-DA method to generate security requirements: a case study in the maritime domain,1.0,,False,"[{""source"": ""unpaywall"", ""status"": 200, ""reason"": ""no OA location""}, {""source"": ""semantic_scholar"", ""status"": 200, ""reason"": ""no openAccessPdf""}, {""source"": ""pmc"", ""status"": 200, ""reason"": ""no PMCID found""}, {""source"": ""crossref_tdm"", ""reason"": ""no TDM link returned accessible content""}, {""source"": ""doi_resolve"", ""status"": 200, ""reason"": ""landing page accessible but full text requires HTML scraping — consider uploading PDF manually""}]",Texto 3,1.ª pasada,,,,,False
W2610831067,10.1007/s00766-017-0267-9,False,,closed,,Hazard Relation Diagrams: a diagrammatic representation to increase validation objectivity of requirements-based hazard mitigations,1.0,,False,"[{""source"": ""unpaywall"", ""status"": 200, ""reason"": ""no OA location""}, {""source"": ""semantic_scholar"", ""status"": 200, ""reason"": ""no openAccessPdf""}, {""source"": ""pmc"", ""status"": 200, ""reason"": ""no PMCID found""}, {""source"": ""crossref_tdm"", ""reason"": ""no TDM link returned accessible content""}, {""source"": ""doi_resolve"", ""status"": 200, ""reason"": ""landing page accessible but full text requires HTML scraping — consider uploading PDF manually""}]",Texto 3,1.ª pasada,,,,,False
W2768228955,10.1007/978-3-319-71440-0_5,False,,closed,,Expert Sourcing to Support the Identification of Model Elements in System Descriptions,1.0,,False,"[{""source"": ""unpaywall"", ""status"": 200, ""reason"": ""no OA location""}, {""source"": ""semantic_scholar"", ""status"": 200, ""reason"": ""no openAccessPdf""}, {""source"": ""pmc"", ""status"": 200, ""reason"": ""no PMCID found""}, {""source"": ""crossref_tdm"", ""reason"": ""no TDM links in CrossRef""}, {""source"": ""doi_resolve"", ""status"": 200, ""reason"": ""landing page accessible but full text requires HTML scraping — consider uploading PDF manually""}]",Texto 3,1.ª pasada,,,,,False
W2590479606,10.1007/978-3-319-54627-8_7,False,,green,,Application of Inference Rules to a Software Requirements Ontology to Generate Software Test Cases,1.0,,False,"[{""source"": ""unpaywall"", ""status"": 200, ""reason"": ""no OA location""}, {""source"": ""semantic_scholar"", ""reason"": ""SafeFetchError: safeFetch: https-only (got http://) — http://urn.kb.se/resolve?urn=urn:nbn:se:hj:diva-35164""}, {""source"": ""pmc"", ""status"": 200, ""reason"": ""no PMCID found""}, {""source"": ""crossref_tdm"", ""reason"": ""no TDM links in CrossRef""}, {""source"": ""doi_resolve"", ""status"": 200, ""reason"": ""landing page accessible but full text requires HTML scraping — consider uploading PDF manually""}]",Texto 3,1.ª pasada,,,,,False
W2746919277,10.17781/p002271,False,,closed,,Onto-Engineering: A Conceptual framework for Integrating Requirement Engineering Process with scientifically tuned Digital Forensics Ontologies,1.0,,False,"[{""source"": ""unpaywall"", ""status"": 200, ""reason"": ""no OA location""}, {""source"": ""semantic_scholar"", ""status"": 200, ""reason"": ""no openAccessPdf""}, {""source"": ""pmc"", ""status"": 200, ""reason"": ""no PMCID found""}, {""source"": ""crossref_tdm"", ""reason"": ""no TDM links in CrossRef""}, {""source"": ""doi_resolve"", ""reason"": ""SafeFetchError: safeFetch: too many redirects (> 5) — started at https://doi.org/10.17781/p002271""}]",Texto 3,1.ª pasada,,,,,False
W2769191291,10.1007/978-3-319-70581-1_12,False,,closed,,Information Technology for Assurance of Veracity of Quality Information in the Software Requirements Specification,1.0,,False,"[{""source"": ""unpaywall"", ""status"": 200, ""reason"": ""no OA location""}, {""source"": ""semantic_scholar"", ""status"": 200, ""reason"": ""no openAccessPdf""}, {""source"": ""pmc"", ""status"": 200, ""reason"": ""no PMCID found""}, {""source"": ""crossref_tdm"", ""reason"": ""no TDM links in CrossRef""}, {""source"": ""doi_resolve"", ""status"": 200, ""reason"": ""landing page accessible but full text requires HTML scraping — consider uploading PDF manually""}]",Texto 3,1.ª pasada,,,,,False
W2886442554,10.1007/978-3-319-97885-7_17,False,,closed,,Method of Activity of Ontology-Based Intelligent Agent for Evaluating Initial Stages of the Software Lifecycle,1.0,,False,"[{""source"": ""unpaywall"", ""status"": 200, ""reason"": ""no OA location""}, {""source"": ""semantic_scholar"", ""status"": 200, ""reason"": ""no openAccessPdf""}, {""source"": ""pmc"", ""status"": 200, ""reason"": ""no PMCID found""}, {""source"": ""crossref_tdm"", ""reason"": ""no TDM links in CrossRef""}, {""source"": ""doi_resolve"", ""status"": 200, ""reason"": ""landing page accessible but full text requires HTML scraping — consider uploading PDF manually""}]",Texto 3,1.ª pasada,,,,,False
W2893541723,10.1007/978-3-030-00847-5_30,False,,closed,,Increasing the Semantic Transparency of the KAOS Goal Model Concrete Syntax,1.0,,False,"[{""source"": ""unpaywall"", ""status"": 200, ""reason"": ""no OA location""}, {""source"": ""semantic_scholar"", ""status"": 200, ""reason"": ""no openAccessPdf""}, {""source"": ""pmc"", ""status"": 200, ""reason"": ""no PMCID found""}, {""source"": ""crossref_tdm"", ""reason"": ""no TDM links in CrossRef""}, {""source"": ""doi_resolve"", ""status"": 200, ""reason"": ""landing page accessible but full text requires HTML scraping — consider uploading PDF manually""}]",Texto 3,1.ª pasada,,,,,False
W2896559200,10.1007/978-3-030-02302-7_13,False,,green,,Reconciling Practice and Rigour in Ontology-Based Heterogeneous Information Systems Construction,1.0,,False,"[{""source"": ""unpaywall"", ""status"": 200, ""reason"": ""no OA location""}, {""source"": ""semantic_scholar"", ""reason"": ""URL returned text/html; charset=utf-8, not a PDF""}, {""source"": ""pmc"", ""status"": 200, ""reason"": ""no PMCID found""}, {""source"": ""crossref_tdm"", ""reason"": ""no TDM links in CrossRef""}, {""source"": ""doi_resolve"", ""status"": 200, ""reason"": ""landing page accessible but full text requires HTML scraping — consider uploading PDF manually""}]",Texto 3,1.ª pasada,,,,,False
W2803178916,10.1007/978-3-319-91635-4_23,False,,closed,,Intelligent Computing for Building Performance Analysis,1.0,,False,"[{""source"": ""unpaywall"", ""status"": 200, ""reason"": ""no OA location""}, {""source"": ""semantic_scholar"", ""status"": 200, ""reason"": ""no openAccessPdf""}, {""source"": ""pmc"", ""status"": 200, ""reason"": ""no PMCID found""}, {""source"": ""crossref_tdm"", ""reason"": ""no TDM links in CrossRef""}, {""source"": ""doi_resolve"", ""status"": 200, ""reason"": ""landing page accessible but full text requires HTML scraping — consider uploading PDF manually""}]",Texto 3,1.ª pasada,,,,,False
W2890187298,10.1007/978-3-030-00787-4_1,False,,closed,,Enterprise Ontology-Driven Development,1.0,,False,"[{""source"": ""unpaywall"", ""status"": 200, ""reason"": ""no OA location""}, {""source"": ""semantic_scholar"", ""status"": 200, ""reason"": ""no openAccessPdf""}, {""source"": ""pmc"", ""status"": 200, ""reason"": ""no PMCID found""}, {""source"": ""crossref_tdm"", ""reason"": ""no TDM links in CrossRef""}, {""source"": ""doi_resolve"", ""status"": 200, ""reason"": ""landing page accessible but full text requires HTML scraping — consider uploading PDF manually""}]",Texto 3,1.ª pasada,,,,,False
W2792929624,10.1007/978-3-319-77243-1_8,False,,green,,Pinpointing Ambiguity and Incompleteness in Requirements Engineering via Information Visualization and NLP,1.0,,False,"[{""source"": ""unpaywall"", ""status"": 200, ""reason"": ""no OA location""}, {""source"": ""semantic_scholar"", ""reason"": ""URL returned text/html; charset=utf-8, not a PDF""}, {""source"": ""pmc"", ""status"": 200, ""reason"": ""no PMCID found""}, {""source"": ""crossref_tdm"", ""reason"": ""no TDM links in CrossRef""}, {""source"": ""doi_resolve"", ""status"": 200, ""reason"": ""landing page accessible but full text requires HTML scraping — consider uploading PDF manually""}]",Texto 3,1.ª pasada,,,,,False
W2889857138,10.1007/978-3-319-99007-1_102,False,,closed,,Non-functional Ontology Requirements Specifications: Islamic Banking Domain,1.0,,False,"[{""source"": ""unpaywall"", ""status"": 200, ""reason"": ""no OA location""}, {""source"": ""semantic_scholar"", ""status"": 200, ""reason"": ""no openAccessPdf""}, {""source"": ""pmc"", ""status"": 200, ""reason"": ""no PMCID found""}, {""source"": ""crossref_tdm"", ""reason"": ""no TDM links in CrossRef""}, {""source"": ""doi_resolve"", ""status"": 200, ""reason"": ""landing page accessible but full text requires HTML scraping — consider uploading PDF manually""}]",Texto 3,1.ª pasada,,,,,False
W2886614420,10.1007/978-3-319-98938-9_22,False,,closed,,Formalisation of SysML/KAOS Goal Assignments with B System Component Decompositions,1.0,,False,"[{""source"": ""unpaywall"", ""status"": 200, ""reason"": ""no OA location""}, {""source"": ""semantic_scholar"", ""status"": 200, ""reason"": ""no openAccessPdf""}, {""source"": ""pmc"", ""status"": 200, ""reason"": ""no PMCID found""}, {""source"": ""crossref_tdm"", ""reason"": ""no TDM links in CrossRef""}, {""source"": ""doi_resolve"", ""status"": 200, ""reason"": ""landing page accessible but full text requires HTML scraping — consider uploading PDF manually""}]",Texto 3,1.ª pasada,,,,,False
W2898635348,10.1007/978-3-030-03424-5_3,False,,closed,,Dynamic Logic for Ensembles,1.0,,False,"[{""source"": ""unpaywall"", ""status"": 200, ""reason"": ""no OA location""}, {""source"": ""semantic_scholar"", ""status"": 200, ""reason"": ""no openAccessPdf""}, {""source"": ""pmc"", ""status"": 200, ""reason"": ""no PMCID found""}, {""source"": ""crossref_tdm"", ""reason"": ""no TDM links in CrossRef""}, {""source"": ""doi_resolve"", ""status"": 200, ""reason"": ""landing page accessible but full text requires HTML scraping — consider uploading PDF manually""}]",Texto 3,1.ª pasada,,,,,False
W2904611516,10.1007/978-3-030-03003-2_7,False,,closed,,Intelligent Support of Requirements Management in Agile Environment,1.0,,False,"[{""source"": ""unpaywall"", ""status"": 200, ""reason"": ""no OA location""}, {""source"": ""semantic_scholar"", ""status"": 200, ""reason"": ""no openAccessPdf""}, {""source"": ""pmc"", ""status"": 200, ""reason"": ""no PMCID found""}, {""source"": ""crossref_tdm"", ""reason"": ""no TDM links in CrossRef""}, {""source"": ""doi_resolve"", ""status"": 200, ""reason"": ""landing page accessible but full text requires HTML scraping — consider uploading PDF manually""}]",Texto 3,1.ª pasada,,,,,False
W2971466396,10.1007/978-3-030-30278-8_29,False,,closed,,Formalizing Requirement Specifications for Problem Solving in a Research Domain,1.0,,False,"[{""source"": ""unpaywall"", ""status"": 200, ""reason"": ""no OA location""}, {""source"": ""semantic_scholar"", ""status"": 200, ""reason"": ""no openAccessPdf""}, {""source"": ""pmc"", ""status"": 200, ""reason"": ""no PMCID found""}, {""source"": ""crossref_tdm"", ""reason"": ""no TDM links in CrossRef""}, {""source"": ""doi_resolve"", ""status"": 200, ""reason"": ""landing page accessible but full text requires HTML scraping — consider uploading PDF manually""}]",Texto 3,1.ª pasada,,,,,False
W2962876524,10.1007/978-3-030-26474-1_32,False,,closed,,Ontology-Based Intelligent Agent for Determination of Sufficiency of Metric Information in the Software Requirements,1.0,,False,"[{""source"": ""unpaywall"", ""status"": 200, ""reason"": ""no OA location""}, {""source"": ""semantic_scholar"", ""status"": 200, ""reason"": ""no openAccessPdf""}, {""source"": ""pmc"", ""status"": 200, ""reason"": ""no PMCID found""}, {""source"": ""crossref_tdm"", ""reason"": ""no TDM links in CrossRef""}, {""source"": ""doi_resolve"", ""status"": 200, ""reason"": ""landing page accessible but full text requires HTML scraping — consider uploading PDF manually""}]",Texto 3,1.ª pasada,,,,,False
W2947055438,10.1007/978-3-030-21290-2_42,False,,closed,,Behavior-Derived Variability Analysis: Mining Views for Comparison and Evaluation,1.0,,False,"[{""source"": ""unpaywall"", ""status"": 200, ""reason"": ""no OA location""}, {""source"": ""semantic_scholar"", ""status"": 200, ""reason"": ""no openAccessPdf""}, {""source"": ""pmc"", ""status"": 200, ""reason"": ""no PMCID found""}, {""source"": ""crossref_tdm"", ""reason"": ""no TDM links in CrossRef""}, {""source"": ""doi_resolve"", ""status"": 200, ""reason"": ""landing page accessible but full text requires HTML scraping — consider uploading PDF manually""}]",Texto 3,1.ª pasada,,,,,False
W2947300383,10.1007/978-3-030-21290-2_10,False,,closed,,Towards an Ontology-Based Approach for Eliciting Possible Solutions to Non-Functional Requirements,1.0,,False,"[{""source"": ""unpaywall"", ""status"": 200, ""reason"": ""no OA location""}, {""source"": ""semantic_scholar"", ""status"": 200, ""reason"": ""no openAccessPdf""}, {""source"": ""pmc"", ""status"": 200, ""reason"": ""no PMCID found""}, {""source"": ""crossref_tdm"", ""reason"": ""no TDM links in CrossRef""}, {""source"": ""doi_resolve"", ""status"": 200, ""reason"": ""landing page accessible but full text requires HTML scraping — consider uploading PDF manually""}]",Texto 3,1.ª pasada,,,,,False
D-W2917554907,10.22533/at.ed.2511918026,False,,closed,,EXPERIÊNCIA DE USO DE MAPEAMENTO DE PROCESSOS DE NEGÓCIO COMO FERRAMENTA DE APOIO AO LEVANTAMENTO E ELICITAÇÃO DE REQUISITOS DE SOFTWARE,1.0,,False,"[{""source"": ""unpaywall"", ""status"": 200, ""reason"": ""no OA location""}, {""source"": ""semantic_scholar"", ""status"": 200, ""reason"": ""no openAccessPdf""}, {""source"": ""pmc"", ""status"": 200, ""reason"": ""no PMCID found""}, {""source"": ""crossref_tdm"", ""reason"": ""no TDM links in CrossRef""}, {""source"": ""doi_resolve"", ""status"": 404, ""reason"": ""HTTP 404""}]",Texto 3,1.ª pasada,,,,,False
W2983883424,10.1007/978-981-15-0029-9_2,False,,closed,,Toward Development Framework for Eliciting and Documenting Knowledge in Requirements Elicitation,1.0,,False,"[{""source"": ""unpaywall"", ""status"": 200, ""reason"": ""no OA location""}, {""source"": ""semantic_scholar"", ""status"": 200, ""reason"": ""no openAccessPdf""}, {""source"": ""pmc"", ""status"": 200, ""reason"": ""no PMCID found""}, {""source"": ""crossref_tdm"", ""reason"": ""no TDM links in CrossRef""}, {""source"": ""doi_resolve"", ""status"": 200, ""reason"": ""landing page accessible but full text requires HTML scraping — consider uploading PDF manually""}]",Texto 3,1.ª pasada,,,,,False
W2982819643,10.1007/978-3-030-35646-0_9,False,,closed,,SHACL Shapes Generation from Textual Documents,1.0,,False,"[{""source"": ""unpaywall"", ""status"": 200, ""reason"": ""no OA location""}, {""source"": ""semantic_scholar"", ""status"": 200, ""reason"": ""no openAccessPdf""}, {""source"": ""pmc"", ""status"": 200, ""reason"": ""no PMCID found""}, {""source"": ""crossref_tdm"", ""reason"": ""no TDM links in CrossRef""}, {""source"": ""doi_resolve"", ""status"": 200, ""reason"": ""landing page accessible but full text requires HTML scraping — consider uploading PDF manually""}]",Texto 3,1.ª pasada,,,,,False
D-W4239846734,10.22533/at.ed.02919190311,False,,closed,,A INFLUÊNCIA DO LEAN SOFTWARE DEVELOPMENT NA ENGENHARIA DE REQUISITOS DE SOFTWARE,1.0,,False,"[{""source"": ""unpaywall"", ""status"": 200, ""reason"": ""no OA location""}, {""source"": ""semantic_scholar"", ""status"": 404, ""reason"": ""HTTP 404""}, {""source"": ""pmc"", ""status"": 200, ""reason"": ""no PMCID found""}, {""source"": ""crossref_tdm"", ""reason"": ""no TDM links in CrossRef""}, {""source"": ""doi_resolve"", ""status"": 404, ""reason"": ""HTTP 404""}]",Texto 3,1.ª pasada,,,,,False
W2982880800,10.1007/s00450-019-00422-9,True,semantic_scholar,green,https://mediatum.ub.tum.de/doc/1515954/document.pdf,EURECA: epistemic uncertainty classification scheme for runtime information exchange in collaborative system groups,1.0,65177,True,"[{""source"": ""unpaywall"", ""status"": 200, ""reason"": ""no OA location""}, {""source"": ""semantic_scholar""}]",Texto 3,1.ª pasada,,,,,True
W2972437529,10.1007/978-981-15-0310-8_6,False,,closed,,Software Requirements Elicitation Based on Ontology Learning,1.0,,False,"[{""source"": ""unpaywall"", ""status"": 200, ""reason"": ""no OA location""}, {""source"": ""semantic_scholar"", ""status"": 200, ""reason"": ""no openAccessPdf""}, {""source"": ""pmc"", ""status"": 200, ""reason"": ""no PMCID found""}, {""source"": ""crossref_tdm"", ""reason"": ""no TDM links in CrossRef""}, {""source"": ""doi_resolve"", ""status"": 200, ""reason"": ""landing page accessible but full text requires HTML scraping — consider uploading PDF manually""}]",Texto 3,1.ª pasada,,,,,False
W4242247971,10.35940/ijitee.b9003.129219,False,,gold,,Realm for Metamorphose Management in Software Requirements for global Software progress Environment,1.0,,False,"[{""source"": ""unpaywall"", ""status"": 200, ""reason"": ""no OA location""}, {""source"": ""semantic_scholar"", ""reason"": ""URL is a DOI redirect, not a direct PDF""}, {""source"": ""pmc"", ""status"": 200, ""reason"": ""no PMCID found""}, {""source"": ""crossref_tdm"", ""reason"": ""no TDM links in CrossRef""}, {""source"": ""doi_resolve"", ""status"": 200, ""reason"": ""landing page accessible but full text requires HTML scraping — consider uploading PDF manually""}]",Texto 3,1.ª pasada,,,,,False
D-W3153301358,10.24133/infociencia.v9i1.976,False,,,,,,,False,"[{""source"": ""crossref"", ""status"": 404, ""reason"": ""DOI not found in CrossRef — may be invalid or not yet registered""}]",Texto 3,1.ª pasada,,,,,False
W2999060535,10.1007/978-3-030-35510-4_6,False,,closed,,Semantic Similarities in Natural Language Requirements,1.0,,False,"[{""source"": ""unpaywall"", ""status"": 200, ""reason"": ""no OA location""}, {""source"": ""semantic_scholar"", ""status"": 429, ""reason"": ""HTTP 429""}, {""source"": ""pmc"", ""status"": 200, ""reason"": ""no PMCID found""}, {""source"": ""crossref_tdm"", ""reason"": ""no TDM links in CrossRef""}, {""source"": ""doi_resolve"", ""status"": 200, ""reason"": ""landing page accessible but full text requires HTML scraping — consider uploading PDF manually""}]",Texto 3,1.ª pasada,,,,,False
W4241863337,10.1007/s10009-019-00542-2,False,,closed,,Modeling the hybrid ERTMS/ETCS level 3 standard using a formal requirements engineering approach,1.0,,False,"[{""source"": ""unpaywall"", ""status"": 200, ""reason"": ""no OA location""}, {""source"": ""semantic_scholar"", ""status"": 429, ""reason"": ""HTTP 429""}, {""source"": ""pmc"", ""status"": 200, ""reason"": ""no PMCID found""}, {""source"": ""crossref_tdm"", ""reason"": ""no TDM link returned accessible content""}, {""source"": ""doi_resolve"", ""status"": 200, ""reason"": ""landing page accessible but full text requires HTML scraping — consider uploading PDF manually""}]",Texto 3,1.ª pasada,,,,,False
W2982252666,10.1007/978-3-030-34146-6_15,False,,closed,,GORO 2.0: Evolving an Ontology for Goal-Oriented Requirements Engineering,1.0,,False,"[{""source"": ""unpaywall"", ""status"": 200, ""reason"": ""no OA location""}, {""source"": ""semantic_scholar"", ""status"": 429, ""reason"": ""HTTP 429""}, {""source"": ""pmc"", ""status"": 200, ""reason"": ""no PMCID found""}, {""source"": ""crossref_tdm"", ""reason"": ""no TDM links in CrossRef""}, {""source"": ""doi_resolve"", ""status"": 200, ""reason"": ""landing page accessible but full text requires HTML scraping — consider uploading PDF manually""}]",Texto 3,1.ª pasada,,,,,False
W2995822904,10.1007/978-3-030-37487-7_17,False,,closed,,An Ontology-Based Approach to the Agile Requirements Engineering,1.0,,False,"[{""source"": ""unpaywall"", ""status"": 200, ""reason"": ""no OA location""}, {""source"": ""semantic_scholar"", ""status"": 429, ""reason"": ""HTTP 429""}, {""source"": ""pmc"", ""status"": 200, ""reason"": ""no PMCID found""}, {""source"": ""crossref_tdm"", ""reason"": ""no TDM links in CrossRef""}, {""source"": ""doi_resolve"", ""status"": 200, ""reason"": ""landing page accessible but full text requires HTML scraping — consider uploading PDF manually""}]",Texto 3,1.ª pasada,,,,,False
W2947201799,10.1145/3318236.3318257,False,,closed,,An Ontological Approach to Specify Conflicts among Non-Functional Requirements,1.0,,False,"[{""source"": ""unpaywall"", ""status"": 200, ""reason"": ""no OA location""}, {""source"": ""semantic_scholar"", ""status"": 200, ""reason"": ""no openAccessPdf""}, {""source"": ""pmc"", ""status"": 200, ""reason"": ""no PMCID found""}, {""source"": ""crossref_tdm"", ""reason"": ""no TDM link returned accessible content""}, {""source"": ""doi_resolve"", ""status"": 403, ""reason"": ""HTTP 403""}]",Texto 3,1.ª pasada,,,,,False
W2973115441,10.1007/978-3-030-28005-5_46,False,,green,,Formalising Process Assessment and Capability Determination: An Ontology Approach,1.0,,False,"[{""source"": ""unpaywall"", ""status"": 200, ""reason"": ""no OA location""}, {""source"": ""semantic_scholar"", ""reason"": ""SafeFetchError: safeFetch: https-only (got http://) — http://hdl.handle.net/10072/392783""}, {""source"": ""pmc"", ""status"": 200, ""reason"": ""no PMCID found""}, {""source"": ""crossref_tdm"", ""reason"": ""no TDM links in CrossRef""}, {""source"": ""doi_resolve"", ""status"": 200, ""reason"": ""landing page accessible but full text requires HTML scraping — consider uploading PDF manually""}]",Texto 3,1.ª pasada,,,,,False
W2969220981,10.1007/978-981-32-9244-4_36,False,,closed,,"Improvement of QSL by Ontologies of E-Questionnaire, E-Testing, and E-Voting Systems",1.0,,False,"[{""source"": ""unpaywall"", ""status"": 200, ""reason"": ""no OA location""}, {""source"": ""semantic_scholar"", ""status"": 200, ""reason"": ""no openAccessPdf""}, {""source"": ""pmc"", ""status"": 200, ""reason"": ""no PMCID found""}, {""source"": ""crossref_tdm"", ""reason"": ""no TDM links in CrossRef""}, {""source"": ""doi_resolve"", ""status"": 200, ""reason"": ""landing page accessible but full text requires HTML scraping — consider uploading PDF manually""}]",Texto 3,1.ª pasada,,,,,False
D-W2979677127,10.1007/978-981-13-8475-2_2,False,,closed,,Building Up a VET System: Formal VET,1.0,,False,"[{""source"": ""unpaywall"", ""status"": 200, ""reason"": ""no OA location""}, {""source"": ""semantic_scholar"", ""status"": 200, ""reason"": ""no openAccessPdf""}, {""source"": ""pmc"", ""status"": 200, ""reason"": ""no PMCID found""}, {""source"": ""crossref_tdm"", ""reason"": ""no TDM links in CrossRef""}, {""source"": ""doi_resolve"", ""status"": 200, ""reason"": ""landing page accessible but full text requires HTML scraping — consider uploading PDF manually""}]",Texto 4,1.ª pasada,,,,,False
W2952053506,10.1007/978-3-030-00114-8_33,False,,closed,,Ontology-Driven Requirements Engineering in the Responsive and Formal Design Process,1.0,,False,"[{""source"": ""unpaywall"", ""status"": 200, ""reason"": ""no OA location""}, {""source"": ""semantic_scholar"", ""status"": 200, ""reason"": ""no openAccessPdf""}, {""source"": ""pmc"", ""status"": 200, ""reason"": ""no PMCID found""}, {""source"": ""crossref_tdm"", ""reason"": ""no TDM links in CrossRef""}, {""source"": ""doi_resolve"", ""status"": 200, ""reason"": ""landing page accessible but full text requires HTML scraping — consider uploading PDF manually""}]",Texto 4,1.ª pasada,,,,,False
W2912775330,10.1007/978-3-030-12085-6_6,False,,closed,,Threat Modeling the Cloud: An Ontology Based Approach,1.0,,False,"[{""source"": ""unpaywall"", ""status"": 200, ""reason"": ""no OA location""}, {""source"": ""semantic_scholar"", ""status"": 200, ""reason"": ""no openAccessPdf""}, {""source"": ""pmc"", ""status"": 200, ""reason"": ""no PMCID found""}, {""source"": ""crossref_tdm"", ""reason"": ""no TDM links in CrossRef""}, {""source"": ""doi_resolve"", ""status"": 200, ""reason"": ""landing page accessible but full text requires HTML scraping — consider uploading PDF manually""}]",Texto 4,1.ª pasada,,,,,False
W2979323956,10.1109/qrs-c.2019.00031,False,,closed,,Security Requirements Analysis – A Vision for an Automated Toolchain,1.0,,False,"[{""source"": ""unpaywall"", ""status"": 200, ""reason"": ""no OA location""}, {""source"": ""semantic_scholar"", ""status"": 200, ""reason"": ""no openAccessPdf""}, {""source"": ""pmc"", ""status"": 200, ""reason"": ""no PMCID found""}, {""source"": ""crossref_tdm"", ""reason"": ""no TDM links in CrossRef""}, {""source"": ""doi_resolve"", ""status"": 202, ""reason"": ""HTTP 202""}]",Texto 4,1.ª pasada,,,,,False
W3014599045,10.1007/978-3-030-30106-4_3,False,,,,,,,False,"[{""source"": ""crossref"", ""status"": 502, ""reason"": ""CrossRef lookup failed — cannot verify DOI exists""}]",Texto 4,1.ª pasada,,,,,False
W3101342235,10.1007/978-3-030-62327-2_39,False,,green,,Semantic Parsing of Textual Requirements,1.0,,False,"[{""source"": ""unpaywall"", ""status"": 200, ""reason"": ""no OA location""}, {""source"": ""semantic_scholar"", ""reason"": ""SafeFetchError: safeFetch: https-only (got http://) — http://hdl.handle.net/10852/114123""}, {""source"": ""pmc"", ""status"": 200, ""reason"": ""no PMCID found""}, {""source"": ""crossref_tdm"", ""reason"": ""no TDM links in CrossRef""}, {""source"": ""doi_resolve"", ""status"": 200, ""reason"": ""landing page accessible but full text requires HTML scraping — consider uploading PDF manually""}]",Texto 4,1.ª pasada,,,,,False
W4407907675,10.31891/2307-5732-2020-281-1-77-81,False,,closed,,STRUCTURE OF ONTOLOGY-BASED AGENT-ORIENTED INFORMATION TECHNOLOGY FOR ASSESSMENT OF THE BEGINNING STAGES OF THE SOFTWARE LIFE CYCLE,1.0,,False,"[{""source"": ""unpaywall"", ""status"": 200, ""reason"": ""no OA location""}, {""source"": ""semantic_scholar"", ""status"": 200, ""reason"": ""no openAccessPdf""}, {""source"": ""pmc"", ""status"": 200, ""reason"": ""no PMCID found""}, {""source"": ""crossref_tdm"", ""reason"": ""no TDM links in CrossRef""}, {""source"": ""doi_resolve"", ""status"": 200, ""reason"": ""landing page accessible but full text requires HTML scraping — consider uploading PDF manually""}]",Texto 4,1.ª pasada,,,,,False
W4233402990,10.35940/ijrte.e5849.018520,False,,gold,,Actionable Analytics on Software Requirement Specifications,1.0,,False,"[{""source"": ""unpaywall"", ""status"": 200, ""reason"": ""no OA location""}, {""source"": ""semantic_scholar"", ""reason"": ""URL is a DOI redirect, not a direct PDF""}, {""source"": ""pmc"", ""status"": 200, ""reason"": ""no PMCID found""}, {""source"": ""crossref_tdm"", ""reason"": ""no TDM links in CrossRef""}, {""source"": ""doi_resolve"", ""status"": 200, ""reason"": ""landing page accessible but full text requires HTML scraping — consider uploading PDF manually""}]",Texto 4,1.ª pasada,,,,,False
W3037649786,10.1007/978-3-030-50316-1_28,False,,green,,COPri - A Core Ontology for Privacy Requirements Engineering,1.0,,False,"[{""source"": ""unpaywall"", ""status"": 200, ""reason"": ""no OA location""}, {""source"": ""semantic_scholar"", ""reason"": ""SafeFetchError: safeFetch: https-only (got http://) — http://hdl.handle.net/11572/291783""}, {""source"": ""pmc"", ""status"": 200, ""reason"": ""no PMCID found""}, {""source"": ""crossref_tdm"", ""reason"": ""no TDM links in CrossRef""}, {""source"": ""doi_resolve"", ""status"": 200, ""reason"": ""landing page accessible but full text requires HTML scraping — consider uploading PDF manually""}]",Texto 4,1.ª pasada,,,,,False
W3004827127,10.1007/s00500-020-04688-z,False,,,,,,,False,"[{""source"": ""crossref"", ""status"": 502, ""reason"": ""CrossRef lookup failed — cannot verify DOI exists""}]",Texto 4,1.ª pasada,,,,,False
W3015105962,10.1007/978-3-030-30106-4_4,False,,closed,,Mining Software Requirements,1.0,,False,"[{""source"": ""unpaywall"", ""status"": 200, ""reason"": ""no OA location""}, {""source"": ""semantic_scholar"", ""status"": 200, ""reason"": ""no openAccessPdf""}, {""source"": ""pmc"", ""status"": 200, ""reason"": ""no PMCID found""}, {""source"": ""crossref_tdm"", ""reason"": ""no TDM links in CrossRef""}, {""source"": ""doi_resolve"", ""status"": 200, ""reason"": ""landing page accessible but full text requires HTML scraping — consider uploading PDF manually""}]",Texto 4,1.ª pasada,,,,,False
W3011637770,10.1007/s00766-020-00329-x,False,,green,,A retrospective on Telos as a metamodeling language for requirements engineering,1.0,,False,"[{""source"": ""unpaywall"", ""status"": 200, ""reason"": ""no OA location""}, {""source"": ""semantic_scholar"", ""reason"": ""SafeFetchError: safeFetch: https-only (got http://) — http://urn.kb.se/resolve?urn=urn:nbn:se:his:diva-18313""}, {""source"": ""pmc"", ""status"": 200, ""reason"": ""no PMCID found""}, {""source"": ""crossref_tdm"", ""reason"": ""no TDM link returned accessible content""}, {""source"": ""doi_resolve"", ""status"": 200, ""reason"": ""landing page accessible but full text requires HTML scraping — consider uploading PDF manually""}]",Texto 4,1.ª pasada,,,,,False
W3019384108,10.1080/09720529.2020.1721884,False,,closed,,Ontology driven software development for automatic detection and updation of software requirement specifications,1.0,,False,"[{""source"": ""unpaywall"", ""status"": 200, ""reason"": ""no OA location""}, {""source"": ""semantic_scholar"", ""status"": 200, ""reason"": ""no openAccessPdf""}, {""source"": ""pmc"", ""status"": 200, ""reason"": ""no PMCID found""}, {""source"": ""crossref_tdm"", ""reason"": ""no TDM links in CrossRef""}, {""source"": ""doi_resolve"", ""status"": 403, ""reason"": ""HTTP 403""}]",Texto 4,1.ª pasada,,,,,False
W3120999377,10.1007/s42979-020-00420-8,False,,closed,,An Ontology-Based Approach to Automated Test Case Generation,1.0,,False,"[{""source"": ""unpaywall"", ""status"": 200, ""reason"": ""no OA location""}, {""source"": ""semantic_scholar"", ""status"": 200, ""reason"": ""no openAccessPdf""}, {""source"": ""pmc"", ""status"": 200, ""reason"": ""no PMCID found""}, {""source"": ""crossref_tdm"", ""reason"": ""no TDM link returned accessible content""}, {""source"": ""doi_resolve"", ""status"": 200, ""reason"": ""landing page accessible but full text requires HTML scraping — consider uploading PDF manually""}]",Texto 4,1.ª pasada,,,,,False
W3206604291,10.1007/978-3-030-89022-3_21,False,,green,,Trustworthiness Requirements: The Pix Case Study,1.0,,False,"[{""source"": ""unpaywall"", ""status"": 200, ""reason"": ""no OA location""}, {""source"": ""semantic_scholar"", ""reason"": ""URL returned text/html;charset=UTF-8, not a PDF""}, {""source"": ""pmc"", ""status"": 200, ""reason"": ""no PMCID found""}, {""source"": ""crossref_tdm"", ""reason"": ""no TDM links in CrossRef""}, {""source"": ""doi_resolve"", ""status"": 200, ""reason"": ""landing page accessible but full text requires HTML scraping — consider uploading PDF manually""}]",Texto 4,1.ª pasada,,,,,False
W3216957416,10.1007/978-3-030-91305-2_15,False,,closed,,An Enhanced Personal Profile Ontology for Software Requirements Engineering Tasks Allocation,1.0,,False,"[{""source"": ""unpaywall"", ""status"": 200, ""reason"": ""no OA location""}, {""source"": ""semantic_scholar"", ""status"": 200, ""reason"": ""no openAccessPdf""}, {""source"": ""pmc"", ""status"": 200, ""reason"": ""no PMCID found""}, {""source"": ""crossref_tdm"", ""reason"": ""no TDM links in CrossRef""}, {""source"": ""doi_resolve"", ""status"": 200, ""reason"": ""landing page accessible but full text requires HTML scraping — consider uploading PDF manually""}]",Texto 4,1.ª pasada,,,,,False
W3168649092,10.1007/978-3-030-79022-6_7,False,,closed,,Problem of Semantic Enrichment of Sentences Used in Textual Requirements Specification,1.0,,False,"[{""source"": ""unpaywall"", ""status"": 200, ""reason"": ""no OA location""}, {""source"": ""semantic_scholar"", ""status"": 200, ""reason"": ""no openAccessPdf""}, {""source"": ""pmc"", ""status"": 200, ""reason"": ""no PMCID found""}, {""source"": ""crossref_tdm"", ""reason"": ""no TDM links in CrossRef""}, {""source"": ""doi_resolve"", ""status"": 200, ""reason"": ""landing page accessible but full text requires HTML scraping — consider uploading PDF manually""}]",Texto 4,1.ª pasada,,,,,False
W3185661983,10.1007/978-3-030-81200-3_14,False,,closed,,An Approach to Extracting Ontology Concepts from Requirements,1.0,,False,"[{""source"": ""unpaywall"", ""status"": 200, ""reason"": ""no OA location""}, {""source"": ""semantic_scholar"", ""status"": 200, ""reason"": ""no openAccessPdf""}, {""source"": ""pmc"", ""status"": 200, ""reason"": ""no PMCID found""}, {""source"": ""crossref_tdm"", ""reason"": ""no TDM links in CrossRef""}, {""source"": ""doi_resolve"", ""status"": 200, ""reason"": ""landing page accessible but full text requires HTML scraping — consider uploading PDF manually""}]",Texto 4,1.ª pasada,,,,,False
W3197224874,10.32604/cmc.2022.018779,False,,gold,,Towards Aspect Based Components Integration Framework for Cyber-Physical System,1.0,,False,"[{""source"": ""unpaywall"", ""status"": 200, ""reason"": ""no OA location""}, {""source"": ""semantic_scholar"", ""reason"": ""URL is a DOI redirect, not a direct PDF""}, {""source"": ""pmc"", ""status"": 200, ""reason"": ""no PMCID found""}, {""source"": ""crossref_tdm"", ""reason"": ""no TDM links in CrossRef""}, {""source"": ""doi_resolve"", ""status"": 200, ""reason"": ""landing page accessible but full text requires HTML scraping — consider uploading PDF manually""}]",Texto 4,1.ª pasada,,,,,False
W3152451932,10.1007/978-3-030-73128-1_3,False,,closed,,Improving Trace Link Recovery Using Semantic Relation Graphs and Spreading Activation,1.0,,False,"[{""source"": ""unpaywall"", ""status"": 200, ""reason"": ""no OA location""}, {""source"": ""semantic_scholar"", ""status"": 200, ""reason"": ""no openAccessPdf""}, {""source"": ""pmc"", ""status"": 200, ""reason"": ""no PMCID found""}, {""source"": ""crossref_tdm"", ""reason"": ""no TDM links in CrossRef""}, {""source"": ""doi_resolve"", ""status"": 200, ""reason"": ""landing page accessible but full text requires HTML scraping — consider uploading PDF manually""}]",Texto 4,1.ª pasada,,,,,False
W3144518144,10.1007/978-981-33-6141-6_2,False,,closed,,A Deep Classifier for Crowdsourcing User Requests,1.0,,False,"[{""source"": ""unpaywall"", ""status"": 200, ""reason"": ""no OA location""}, {""source"": ""semantic_scholar"", ""status"": 200, ""reason"": ""no openAccessPdf""}, {""source"": ""pmc"", ""status"": 200, ""reason"": ""no PMCID found""}, {""source"": ""crossref_tdm"", ""reason"": ""no TDM links in CrossRef""}, {""source"": ""doi_resolve"", ""status"": 200, ""reason"": ""landing page accessible but full text requires HTML scraping — consider uploading PDF manually""}]",Texto 4,1.ª pasada,,,,,False
W3186665505,10.1007/s10515-021-00291-0,False,,,,,,,False,"[{""source"": ""crossref"", ""status"": 502, ""reason"": ""CrossRef lookup failed — cannot verify DOI exists""}]",Texto 4,1.ª pasada,,,,,False
W3179347808,10.1007/978-3-030-73758-0_5,False,,closed,,FASTEN: An Extensible Platform to Experiment with Rigorous Modeling of Safety-Critical Systems,1.0,,False,"[{""source"": ""unpaywall"", ""status"": 200, ""reason"": ""no OA location""}, {""source"": ""semantic_scholar"", ""status"": 200, ""reason"": ""no openAccessPdf""}, {""source"": ""pmc"", ""status"": 200, ""reason"": ""no PMCID found""}, {""source"": ""crossref_tdm"", ""reason"": ""no TDM links in CrossRef""}, {""source"": ""doi_resolve"", ""status"": 200, ""reason"": ""landing page accessible but full text requires HTML scraping — consider uploading PDF manually""}]",Texto 4,1.ª pasada,,,,,False
W3199085669,10.1109/compsac51774.2021.00171,False,,closed,,A Model to Helping the Construction of Creative Service-Based Software,1.0,,False,"[{""source"": ""unpaywall"", ""status"": 200, ""reason"": ""no OA location""}, {""source"": ""semantic_scholar"", ""status"": 200, ""reason"": ""no openAccessPdf""}, {""source"": ""pmc"", ""status"": 200, ""reason"": ""no PMCID found""}, {""source"": ""crossref_tdm"", ""reason"": ""no TDM links in CrossRef""}, {""source"": ""doi_resolve"", ""status"": 202, ""reason"": ""HTTP 202""}]",Texto 4,1.ª pasada,,,,,False
W3206124440,10.1007/978-3-030-89247-0_7,False,,green,,Event-Driven Temporal Logic Pattern for Control Software Requirements Specification,1.0,,False,"[{""source"": ""unpaywall"", ""status"": 200, ""reason"": ""no OA location""}, {""source"": ""semantic_scholar"", ""reason"": ""URL returned text/html; charset=UTF-8, not a PDF""}, {""source"": ""pmc"", ""status"": 200, ""reason"": ""no PMCID found""}, {""source"": ""crossref_tdm"", ""reason"": ""no TDM links in CrossRef""}, {""source"": ""doi_resolve"", ""status"": 200, ""reason"": ""landing page accessible but full text requires HTML scraping — consider uploading PDF manually""}]",Texto 4,1.ª pasada,,,,,False
W4206623951,10.1109/dsa52907.2021.00074,False,,closed,,Constructing A Creative Service Software with Semantic Web,1.0,,False,"[{""source"": ""unpaywall"", ""status"": 200, ""reason"": ""no OA location""}, {""source"": ""semantic_scholar"", ""status"": 200, ""reason"": ""no openAccessPdf""}, {""source"": ""pmc"", ""status"": 200, ""reason"": ""no PMCID found""}, {""source"": ""crossref_tdm"", ""reason"": ""no TDM links in CrossRef""}, {""source"": ""doi_resolve"", ""status"": 202, ""reason"": ""HTTP 202""}]",Texto 4,1.ª pasada,,,,,False
W3216278056,10.1007/s10515-021-00301-1,False,,,,,,,False,"[{""source"": ""crossref"", ""status"": 502, ""reason"": ""CrossRef lookup failed — cannot verify DOI exists""}]",Texto 4,1.ª pasada,,,,,False
W4285291333,10.1007/978-981-19-2211-4_3,False,,closed,,Semantically Driven Machine Learning-Infused Approach for Tracing Evolution on Software Requirements,1.0,,False,"[{""source"": ""unpaywall"", ""status"": 200, ""reason"": ""no OA location""}, {""source"": ""semantic_scholar"", ""status"": 404, ""reason"": ""HTTP 404""}, {""source"": ""pmc"", ""status"": 200, ""reason"": ""no PMCID found""}, {""source"": ""crossref_tdm"", ""reason"": ""no TDM links in CrossRef""}, {""source"": ""doi_resolve"", ""status"": 200, ""reason"": ""landing page accessible but full text requires HTML scraping — consider uploading PDF manually""}]",Texto 4,1.ª pasada,,,,,False
W4220979487,10.1016/j.aei.2022.101557,False,,closed,,Natural language generation and deep learning for intelligent building codes,1.0,,False,"[{""source"": ""unpaywall"", ""status"": 200, ""reason"": ""no OA location""}, {""source"": ""semantic_scholar"", ""status"": 200, ""reason"": ""no openAccessPdf""}, {""source"": ""pmc"", ""status"": 200, ""reason"": ""no PMCID found""}, {""source"": ""crossref_tdm"", ""reason"": ""no TDM link returned accessible content""}, {""source"": ""doi_resolve"", ""status"": 200, ""reason"": ""landing page accessible but full text requires HTML scraping — consider uploading PDF manually""}]",Texto 4,1.ª pasada,,,,,False
W4226275196,10.1007/978-3-030-98464-9_6,False,,closed,,Abbreviation-Expansion Pair Detection for Glossary Term Extraction,1.0,,False,"[{""source"": ""unpaywall"", ""status"": 200, ""reason"": ""no OA location""}, {""source"": ""semantic_scholar"", ""status"": 200, ""reason"": ""no openAccessPdf""}, {""source"": ""pmc"", ""status"": 200, ""reason"": ""no PMCID found""}, {""source"": ""crossref_tdm"", ""reason"": ""no TDM links in CrossRef""}, {""source"": ""doi_resolve"", ""status"": 200, ""reason"": ""landing page accessible but full text requires HTML scraping — consider uploading PDF manually""}]",Texto 4,1.ª pasada,,,,,False
W4294738754,10.1007/978-3-031-14602-2_8,False,,closed,,Digital Modeling of a Domain Ontology for Hospital Information Systems,1.0,,False,"[{""source"": ""unpaywall"", ""status"": 200, ""reason"": ""no OA location""}, {""source"": ""semantic_scholar"", ""status"": 404, ""reason"": ""HTTP 404""}, {""source"": ""pmc"", ""status"": 200, ""reason"": ""no PMCID found""}, {""source"": ""crossref_tdm"", ""reason"": ""no TDM links in CrossRef""}, {""source"": ""doi_resolve"", ""status"": 200, ""reason"": ""landing page accessible but full text requires HTML scraping — consider uploading PDF manually""}]",Texto 4,1.ª pasada,,,,,False
W4312964919,10.1007/978-3-031-17292-2_6,False,,closed,,An Approach to Software Assets Reusing,1.0,,False,"[{""source"": ""unpaywall"", ""status"": 200, ""reason"": ""no OA location""}, {""source"": ""semantic_scholar"", ""status"": 404, ""reason"": ""HTTP 404""}, {""source"": ""pmc"", ""status"": 200, ""reason"": ""no PMCID found""}, {""source"": ""crossref_tdm"", ""reason"": ""no TDM links in CrossRef""}, {""source"": ""doi_resolve"", ""status"": 200, ""reason"": ""landing page accessible but full text requires HTML scraping — consider uploading PDF manually""}]",Texto 4,1.ª pasada,,,,,False
W4287385199,10.1007/978-3-031-10548-7_49,False,,closed,,Software Functional Requirements Classification Using Ensemble Learning,1.0,,False,"[{""source"": ""unpaywall"", ""status"": 200, ""reason"": ""no OA location""}, {""source"": ""semantic_scholar"", ""status"": 200, ""reason"": ""no openAccessPdf""}, {""source"": ""pmc"", ""status"": 200, ""reason"": ""no PMCID found""}, {""source"": ""crossref_tdm"", ""reason"": ""no TDM links in CrossRef""}, {""source"": ""doi_resolve"", ""status"": 200, ""reason"": ""landing page accessible but full text requires HTML scraping — consider uploading PDF manually""}]",Texto 4,1.ª pasada,,,,,False
W4285270336,10.1007/978-3-031-02447-4_8,False,,closed,,HSCRD: Hybridized Semantic Approach for Knowledge Centric Requirement Discovery,1.0,,False,"[{""source"": ""unpaywall"", ""status"": 200, ""reason"": ""no OA location""}, {""source"": ""semantic_scholar"", ""status"": 404, ""reason"": ""HTTP 404""}, {""source"": ""pmc"", ""status"": 200, ""reason"": ""no PMCID found""}, {""source"": ""crossref_tdm"", ""reason"": ""no TDM links in CrossRef""}, {""source"": ""doi_resolve"", ""status"": 200, ""reason"": ""landing page accessible but full text requires HTML scraping — consider uploading PDF manually""}]",Texto 4,1.ª pasada,,,,,False
W4214611632,10.1007/s00766-022-00374-8,False,,closed,,Detecting coreferent entities in natural language requirements,1.0,,False,"[{""source"": ""unpaywall"", ""status"": 200, ""reason"": ""no OA location""}, {""source"": ""semantic_scholar"", ""status"": 200, ""reason"": ""no openAccessPdf""}, {""source"": ""pmc"", ""status"": 200, ""reason"": ""no PMCID found""}, {""source"": ""crossref_tdm"", ""reason"": ""no TDM link returned accessible content""}, {""source"": ""doi_resolve"", ""status"": 200, ""reason"": ""landing page accessible but full text requires HTML scraping — consider uploading PDF manually""}]",Texto 4,1.ª pasada,,,,,False
W4312343973,10.1007/978-3-031-19961-5_4,False,,closed,,Alignment Techniques in Domain-Specific Models,1.0,,False,"[{""source"": ""unpaywall"", ""status"": 200, ""reason"": ""no OA location""}, {""source"": ""semantic_scholar"", ""status"": 200, ""reason"": ""no openAccessPdf""}, {""source"": ""pmc"", ""status"": 200, ""reason"": ""no PMCID found""}, {""source"": ""crossref_tdm"", ""reason"": ""no TDM links in CrossRef""}, {""source"": ""doi_resolve"", ""status"": 200, ""reason"": ""landing page accessible but full text requires HTML scraping — consider uploading PDF manually""}]",Texto 4,1.ª pasada,,,,,False
W4313048395,10.1007/978-3-031-11686-5_2,False,,closed,,Feature and Variability Extraction from Natural Language Requirements,1.0,,False,"[{""source"": ""unpaywall"", ""status"": 200, ""reason"": ""no OA location""}, {""source"": ""semantic_scholar"", ""status"": 200, ""reason"": ""no openAccessPdf""}, {""source"": ""pmc"", ""status"": 200, ""reason"": ""no PMCID found""}, {""source"": ""crossref_tdm"", ""reason"": ""no TDM links in CrossRef""}, {""source"": ""doi_resolve"", ""status"": 200, ""reason"": ""landing page accessible but full text requires HTML scraping — consider uploading PDF manually""}]",Texto 4,1.ª pasada,,,,,False
W4225363106,10.1007/978-981-16-8403-6_28,False,,closed,,OntoReqC: An Ontology Focused Integrative Approach for Classification of Software Requirements,1.0,,False,"[{""source"": ""unpaywall"", ""status"": 200, ""reason"": ""no OA location""}, {""source"": ""semantic_scholar"", ""status"": 404, ""reason"": ""HTTP 404""}, {""source"": ""pmc"", ""status"": 200, ""reason"": ""no PMCID found""}, {""source"": ""crossref_tdm"", ""reason"": ""no TDM links in CrossRef""}, {""source"": ""doi_resolve"", ""status"": 200, ""reason"": ""landing page accessible but full text requires HTML scraping — consider uploading PDF manually""}]",Texto 4,1.ª pasada,,,,,False
W4282916014,10.1007/s10515-022-00334-0,False,,closed,,An Automated Security Concerns Recommender Based on Use Case Specification Ontology,1.0,,False,"[{""source"": ""unpaywall"", ""status"": 200, ""reason"": ""no OA location""}, {""source"": ""semantic_scholar"", ""status"": 200, ""reason"": ""no openAccessPdf""}, {""source"": ""pmc"", ""status"": 200, ""reason"": ""no PMCID found""}, {""source"": ""crossref_tdm"", ""reason"": ""no TDM link returned accessible content""}, {""source"": ""doi_resolve"", ""status"": 200, ""reason"": ""landing page accessible but full text requires HTML scraping — consider uploading PDF manually""}]",Texto 4,1.ª pasada,,,,,False
W4328107208,10.1016/j.infsof.2023.107203,False,,closed,,Enhanced abbreviation–expansion pair detection for glossary term extraction,1.0,,False,"[{""source"": ""unpaywall"", ""status"": 200, ""reason"": ""no OA location""}, {""source"": ""semantic_scholar"", ""status"": 404, ""reason"": ""HTTP 404""}, {""source"": ""pmc"", ""status"": 200, ""reason"": ""no PMCID found""}, {""source"": ""crossref_tdm"", ""reason"": ""no TDM link returned accessible content""}, {""source"": ""doi_resolve"", ""status"": 200, ""reason"": ""landing page accessible but full text requires HTML scraping — consider uploading PDF manually""}]",Texto 4,1.ª pasada,,,,,False
W4323654801,10.1016/j.infsof.2023.107195,False,,closed,,User story extraction from natural language for requirements elicitation: Identify software-related information from online news,1.0,,False,"[{""source"": ""unpaywall"", ""status"": 200, ""reason"": ""no OA location""}, {""source"": ""semantic_scholar"", ""status"": 404, ""reason"": ""HTTP 404""}, {""source"": ""pmc"", ""status"": 200, ""reason"": ""no PMCID found""}, {""source"": ""crossref_tdm"", ""reason"": ""no TDM link returned accessible content""}, {""source"": ""doi_resolve"", ""status"": 200, ""reason"": ""landing page accessible but full text requires HTML scraping — consider uploading PDF manually""}]",Texto 5,1.ª pasada,,,,,False
W4367021275,10.5220/0011994400003464,False,,gold,,Extracting Queryable Knowledge Graphs from User Stories: An Empirical Evaluation,1.0,,False,"[{""source"": ""unpaywall"", ""status"": 200, ""reason"": ""no OA location""}, {""source"": ""semantic_scholar"", ""reason"": ""URL is a DOI redirect, not a direct PDF""}, {""source"": ""pmc"", ""status"": 200, ""reason"": ""no PMCID found""}, {""source"": ""crossref_tdm"", ""reason"": ""no TDM links in CrossRef""}, {""source"": ""doi_resolve"", ""status"": 200, ""reason"": ""landing page accessible but full text requires HTML scraping — consider uploading PDF manually""}]",Texto 5,1.ª pasada,,,,,False
W4381302504,10.1007/978-3-031-27440-4_2,False,,closed,,KCReqRec: A Knowledge Centric Approach for Semantically Inclined Requirement Recommendation with Micro Requirement Mapping Using Hybrid Learning Models,1.0,,False,"[{""source"": ""unpaywall"", ""status"": 200, ""reason"": ""no OA location""}, {""source"": ""semantic_scholar"", ""status"": 200, ""reason"": ""no openAccessPdf""}, {""source"": ""pmc"", ""status"": 200, ""reason"": ""no PMCID found""}, {""source"": ""crossref_tdm"", ""reason"": ""no TDM links in CrossRef""}, {""source"": ""doi_resolve"", ""status"": 200, ""reason"": ""landing page accessible but full text requires HTML scraping — consider uploading PDF manually""}]",Texto 5,1.ª pasada,,,,,False
W4382405173,10.1016/j.scico.2023.102994,False,,closed,,TABASCO: A transformer based contextualization toolkit,1.0,,False,"[{""source"": ""unpaywall"", ""status"": 200, ""reason"": ""no OA location""}, {""source"": ""semantic_scholar"", ""status"": 200, ""reason"": ""no openAccessPdf""}, {""source"": ""pmc"", ""status"": 200, ""reason"": ""no PMCID found""}, {""source"": ""crossref_tdm"", ""reason"": ""no TDM link returned accessible content""}, {""source"": ""doi_resolve"", ""status"": 200, ""reason"": ""landing page accessible but full text requires HTML scraping — consider uploading PDF manually""}]",Texto 5,1.ª pasada,,,,,False
W4385981450,10.1007/978-3-031-36118-0_46,False,,closed,,Investigation of Drawbacks of the Software Development Artifacts Reuse Approaches based on Semantic Analysis,1.0,,False,"[{""source"": ""unpaywall"", ""status"": 200, ""reason"": ""no OA location""}, {""source"": ""semantic_scholar"", ""status"": 404, ""reason"": ""HTTP 404""}, {""source"": ""pmc"", ""status"": 200, ""reason"": ""no PMCID found""}, {""source"": ""crossref_tdm"", ""reason"": ""no TDM links in CrossRef""}, {""source"": ""doi_resolve"", ""status"": 200, ""reason"": ""landing page accessible but full text requires HTML scraping — consider uploading PDF manually""}]",Texto 5,1.ª pasada,,,,,False
W4377964933,10.1007/978-3-031-30031-8_6,False,,,,,,,False,"[{""source"": ""crossref"", ""status"": 502, ""reason"": ""CrossRef lookup failed — cannot verify DOI exists""}]",Texto 5,1.ª pasada,,,,,False
W4389672268,10.1007/978-3-031-46002-9_23,False,,closed,,"Large Language Model Assisted Software Engineering: Prospects, Challenges, and a Case Study",1.0,,False,"[{""source"": ""unpaywall"", ""status"": 200, ""reason"": ""no OA location""}, {""source"": ""semantic_scholar"", ""status"": 200, ""reason"": ""no openAccessPdf""}, {""source"": ""pmc"", ""status"": 200, ""reason"": ""no PMCID found""}, {""source"": ""crossref_tdm"", ""reason"": ""no TDM links in CrossRef""}, {""source"": ""doi_resolve"", ""status"": 200, ""reason"": ""landing page accessible but full text requires HTML scraping — consider uploading PDF manually""}]",Texto 5,1.ª pasada,,,,,False
W4393315161,10.1007/978-3-031-57327-9_22,False,,closed,,The Return of Formal Requirements Engineering in the Era of Large Language Models,1.0,,False,"[{""source"": ""unpaywall"", ""status"": 200, ""reason"": ""no OA location""}, {""source"": ""semantic_scholar"", ""status"": 200, ""reason"": ""no openAccessPdf""}, {""source"": ""pmc"", ""status"": 200, ""reason"": ""no PMCID found""}, {""source"": ""crossref_tdm"", ""reason"": ""no TDM links in CrossRef""}, {""source"": ""doi_resolve"", ""status"": 200, ""reason"": ""landing page accessible but full text requires HTML scraping — consider uploading PDF manually""}]",Texto 5,1.ª pasada,,,,,False
W4399266909,10.1007/978-3-031-62110-9_1,False,,closed,,AI-Generated User Stories Supporting Human-Centred Development: An Investigation on Quality,1.0,,False,"[{""source"": ""unpaywall"", ""status"": 200, ""reason"": ""no OA location""}, {""source"": ""semantic_scholar"", ""status"": 200, ""reason"": ""no openAccessPdf""}, {""source"": ""pmc"", ""status"": 200, ""reason"": ""no PMCID found""}, {""source"": ""crossref_tdm"", ""reason"": ""no TDM links in CrossRef""}, {""source"": ""doi_resolve"", ""status"": 200, ""reason"": ""landing page accessible but full text requires HTML scraping — consider uploading PDF manually""}]",Texto 5,1.ª pasada,,,,,False
W4401684273,10.1007/978-3-031-60935-0_14,False,,closed,,An Excursion to Ontology-Based Non-functional Requirements Specification,1.0,,False,"[{""source"": ""unpaywall"", ""status"": 200, ""reason"": ""no OA location""}, {""source"": ""semantic_scholar"", ""status"": 404, ""reason"": ""HTTP 404""}, {""source"": ""pmc"", ""status"": 200, ""reason"": ""no PMCID found""}, {""source"": ""crossref_tdm"", ""reason"": ""no TDM links in CrossRef""}, {""source"": ""doi_resolve"", ""status"": 200, ""reason"": ""landing page accessible but full text requires HTML scraping — consider uploading PDF manually""}]",Texto 5,1.ª pasada,,,,,False
W4405490426,10.1109/citds62610.2024.10791381,False,,closed,,Requirement Specification of an Information Bank,1.0,,False,"[{""source"": ""unpaywall"", ""status"": 200, ""reason"": ""no OA location""}, {""source"": ""semantic_scholar"", ""status"": 200, ""reason"": ""no openAccessPdf""}, {""source"": ""pmc"", ""status"": 200, ""reason"": ""no PMCID found""}, {""source"": ""crossref_tdm"", ""reason"": ""no TDM links in CrossRef""}, {""source"": ""doi_resolve"", ""status"": 202, ""reason"": ""HTTP 202""}]",Texto 5,1.ª pasada,,,,,False
W4393315148,10.1007/978-3-031-57327-9_4,False,,closed,,Learning to Rank Privacy Design Patterns: A Semantic Approach to Meeting Privacy Requirements,1.0,,False,"[{""source"": ""unpaywall"", ""status"": 200, ""reason"": ""no OA location""}, {""source"": ""semantic_scholar"", ""status"": 200, ""reason"": ""no openAccessPdf""}, {""source"": ""pmc"", ""status"": 200, ""reason"": ""no PMCID found""}, {""source"": ""crossref_tdm"", ""reason"": ""no TDM links in CrossRef""}, {""source"": ""doi_resolve"", ""status"": 200, ""reason"": ""landing page accessible but full text requires HTML scraping — consider uploading PDF manually""}]",Texto 5,1.ª pasada,,,,,False
W4392367586,10.1007/s00766-024-00413-6,False,,closed,,GRLMerger: an automatic approach for integrating GRL models,1.0,,False,"[{""source"": ""unpaywall"", ""status"": 200, ""reason"": ""no OA location""}, {""source"": ""semantic_scholar"", ""status"": 200, ""reason"": ""no openAccessPdf""}, {""source"": ""pmc"", ""status"": 200, ""reason"": ""no PMCID found""}, {""source"": ""crossref_tdm"", ""reason"": ""no TDM link returned accessible content""}, {""source"": ""doi_resolve"", ""status"": 200, ""reason"": ""landing page accessible but full text requires HTML scraping — consider uploading PDF manually""}]",Texto 5,1.ª pasada,,,,,False
W4403228984,10.1007/978-3-031-73709-1_12,False,,closed,,Can AI Help with the Formalization of Railway Cybersecurity Requirements?,1.0,,False,"[{""source"": ""unpaywall"", ""status"": 200, ""reason"": ""no OA location""}, {""source"": ""semantic_scholar"", ""status"": 200, ""reason"": ""no openAccessPdf""}, {""source"": ""pmc"", ""status"": 200, ""reason"": ""no PMCID found""}, {""source"": ""crossref_tdm"", ""reason"": ""no TDM links in CrossRef""}, {""source"": ""doi_resolve"", ""status"": 200, ""reason"": ""landing page accessible but full text requires HTML scraping — consider uploading PDF manually""}]",Texto 5,1.ª pasada,,,,,False
W4404355356,10.1007/978-3-031-77000-5_1,False,,closed,,Extracting Tuple-Based Service Demands with Large Language Models for Automated Service Composition,1.0,,False,"[{""source"": ""unpaywall"", ""status"": 200, ""reason"": ""no OA location""}, {""source"": ""semantic_scholar"", ""status"": 200, ""reason"": ""no openAccessPdf""}, {""source"": ""pmc"", ""status"": 200, ""reason"": ""no PMCID found""}, {""source"": ""crossref_tdm"", ""reason"": ""no TDM links in CrossRef""}, {""source"": ""doi_resolve"", ""status"": 200, ""reason"": ""landing page accessible but full text requires HTML scraping — consider uploading PDF manually""}]",Texto 5,1.ª pasada,,,,,False
W4401853184,10.1016/j.scico.2024.103186,False,,closed,,A hybrid approach to extract conceptual diagram from software requirements,1.0,,False,"[{""source"": ""unpaywall"", ""status"": 200, ""reason"": ""no OA location""}, {""source"": ""semantic_scholar"", ""status"": 200, ""reason"": ""no openAccessPdf""}, {""source"": ""pmc"", ""status"": 200, ""reason"": ""no PMCID found""}, {""source"": ""crossref_tdm"", ""reason"": ""no TDM link returned accessible content""}, {""source"": ""doi_resolve"", ""status"": 200, ""reason"": ""landing page accessible but full text requires HTML scraping — consider uploading PDF manually""}]",Texto 5,1.ª pasada,,,,,False
W4402400535,10.1007/978-3-031-70245-7_17,False,,closed,,Classification of Crowd-Based Software Requirements via Unsupervised Learning,1.0,,False,"[{""source"": ""unpaywall"", ""status"": 200, ""reason"": ""no OA location""}, {""source"": ""semantic_scholar"", ""status"": 200, ""reason"": ""no openAccessPdf""}, {""source"": ""pmc"", ""status"": 200, ""reason"": ""no PMCID found""}, {""source"": ""crossref_tdm"", ""reason"": ""no TDM links in CrossRef""}, {""source"": ""doi_resolve"", ""status"": 200, ""reason"": ""landing page accessible but full text requires HTML scraping — consider uploading PDF manually""}]",Texto 5,1.ª pasada,,,,,False
W4400806047,10.1007/s00766-024-00428-z,False,,,,,,,False,"[{""source"": ""crossref"", ""status"": 502, ""reason"": ""CrossRef lookup failed — cannot verify DOI exists""}]",Texto 5,1.ª pasada,,,,,False
W4402968895,10.1016/j.jss.2024.112231,False,,closed,,Model-based safety analysis of requirement specifications,1.0,,False,"[{""source"": ""unpaywall"", ""status"": 200, ""reason"": ""no OA location""}, {""source"": ""semantic_scholar"", ""status"": 200, ""reason"": ""no openAccessPdf""}, {""source"": ""pmc"", ""status"": 200, ""reason"": ""no PMCID found""}, {""source"": ""crossref_tdm"", ""reason"": ""no TDM link returned accessible content""}, {""source"": ""doi_resolve"", ""status"": 200, ""reason"": ""landing page accessible but full text requires HTML scraping — consider uploading PDF manually""}]",Texto 5,1.ª pasada,,,,,False
W4393315514,10.1007/978-3-031-57327-9_14,False,,closed,,Towards a Comprehensive Ontology for Requirements Engineering for AI-Powered Systems,1.0,,False,"[{""source"": ""unpaywall"", ""status"": 200, ""reason"": ""no OA location""}, {""source"": ""semantic_scholar"", ""status"": 200, ""reason"": ""no openAccessPdf""}, {""source"": ""pmc"", ""status"": 200, ""reason"": ""no PMCID found""}, {""source"": ""crossref_tdm"", ""reason"": ""no TDM links in CrossRef""}, {""source"": ""doi_resolve"", ""status"": 200, ""reason"": ""landing page accessible but full text requires HTML scraping — consider uploading PDF manually""}]",Texto 5,1.ª pasada,,,,,False
W4402281491,10.1007/978-3-031-70011-8_39,False,,closed,,Towards a Semantic Annotation Software Design for Images and Texts,1.0,,False,"[{""source"": ""unpaywall"", ""status"": 200, ""reason"": ""no OA location""}, {""source"": ""semantic_scholar"", ""status"": 200, ""reason"": ""no openAccessPdf""}, {""source"": ""pmc"", ""status"": 200, ""reason"": ""no PMCID found""}, {""source"": ""crossref_tdm"", ""reason"": ""no TDM links in CrossRef""}, {""source"": ""doi_resolve"", ""status"": 200, ""reason"": ""landing page accessible but full text requires HTML scraping — consider uploading PDF manually""}]",Texto 5,1.ª pasada,,,,,False
W4396957427,10.1007/s10515-024-00444-x,False,,closed,,A novel automated framework for fine-grained sentiment analysis of application reviews using deep neural networks,1.0,,False,"[{""source"": ""unpaywall"", ""status"": 200, ""reason"": ""no OA location""}, {""source"": ""semantic_scholar"", ""status"": 200, ""reason"": ""no openAccessPdf""}, {""source"": ""pmc"", ""status"": 200, ""reason"": ""no PMCID found""}, {""source"": ""crossref_tdm"", ""reason"": ""no TDM link returned accessible content""}, {""source"": ""doi_resolve"", ""status"": 200, ""reason"": ""landing page accessible but full text requires HTML scraping — consider uploading PDF manually""}]",Texto 5,1.ª pasada,,,,,False
W4390475000,10.1007/978-3-031-39619-9_51,False,,closed,,A Case Study on Ontology Development for AI Based Decision Systems in Industry,1.0,,False,"[{""source"": ""unpaywall"", ""status"": 200, ""reason"": ""no OA location""}, {""source"": ""semantic_scholar"", ""status"": 404, ""reason"": ""HTTP 404""}, {""source"": ""pmc"", ""status"": 200, ""reason"": ""no PMCID found""}, {""source"": ""crossref_tdm"", ""reason"": ""no TDM links in CrossRef""}, {""source"": ""doi_resolve"", ""status"": 200, ""reason"": ""landing page accessible but full text requires HTML scraping — consider uploading PDF manually""}]",Texto 5,1.ª pasada,,,,,False
W4399906620,10.1007/s10515-024-00448-7,False,,,,,,,False,"[{""source"": ""crossref"", ""status"": 502, ""reason"": ""CrossRef lookup failed — cannot verify DOI exists""}]",Texto 5,1.ª pasada,,,,,False
W4392881824,10.1007/s10270-023-01142-0,False,,closed,,"Identifying and fixing ambiguities in, and semantically accurate formalisation of, behavioural requirements",1.0,,False,"[{""source"": ""unpaywall"", ""status"": 200, ""reason"": ""no OA location""}, {""source"": ""semantic_scholar"", ""status"": 200, ""reason"": ""no openAccessPdf""}, {""source"": ""pmc"", ""status"": 200, ""reason"": ""no PMCID found""}, {""source"": ""crossref_tdm"", ""reason"": ""no TDM link returned accessible content""}, {""source"": ""doi_resolve"", ""status"": 200, ""reason"": ""landing page accessible but full text requires HTML scraping — consider uploading PDF manually""}]",Texto 5,1.ª pasada,,,,,False
W4402115786,10.1007/978-3-031-66854-8_3,False,,closed,,Towards an Intelligent Test Case Generation Framework Using LLMs and Prompt Engineering,1.0,,False,"[{""source"": ""unpaywall"", ""status"": 200, ""reason"": ""no OA location""}, {""source"": ""semantic_scholar"", ""status"": 404, ""reason"": ""HTTP 404""}, {""source"": ""pmc"", ""status"": 200, ""reason"": ""no PMCID found""}, {""source"": ""crossref_tdm"", ""reason"": ""no TDM links in CrossRef""}, {""source"": ""doi_resolve"", ""status"": 200, ""reason"": ""landing page accessible but full text requires HTML scraping — consider uploading PDF manually""}]",Texto 5,1.ª pasada,,,,,False
W4404127502,10.1007/s10115-024-02244-x,False,,closed,,Hybrid deep learning and similarity measures for requirements-driven composition of semantic web services,1.0,,False,"[{""source"": ""unpaywall"", ""status"": 200, ""reason"": ""no OA location""}, {""source"": ""semantic_scholar"", ""status"": 200, ""reason"": ""no openAccessPdf""}, {""source"": ""pmc"", ""status"": 200, ""reason"": ""no PMCID found""}, {""source"": ""crossref_tdm"", ""reason"": ""no TDM link returned accessible content""}, {""source"": ""doi_resolve"", ""status"": 200, ""reason"": ""landing page accessible but full text requires HTML scraping — consider uploading PDF manually""}]",Texto 5,1.ª pasada,,,,,False
W4400962941,10.1007/978-3-031-64779-6_6,False,,closed,,SISRR: Semantically Inclined Strategic Learning Model for Software Requirement Recommendation Using Artificial Intelligence,1.0,,False,"[{""source"": ""unpaywall"", ""status"": 200, ""reason"": ""no OA location""}, {""source"": ""semantic_scholar"", ""status"": 404, ""reason"": ""HTTP 404""}, {""source"": ""pmc"", ""status"": 200, ""reason"": ""no PMCID found""}, {""source"": ""crossref_tdm"", ""reason"": ""no TDM links in CrossRef""}, {""source"": ""doi_resolve"", ""status"": 200, ""reason"": ""landing page accessible but full text requires HTML scraping — consider uploading PDF manually""}]",Texto 5,1.ª pasada,,,,,False
W4407907179,10.1145/3712464.3712507,False,,closed,,Automated Implementation Scheme for Low-Code Development Based on Large Language Models,1.0,,False,"[{""source"": ""unpaywall"", ""status"": 200, ""reason"": ""no OA location""}, {""source"": ""semantic_scholar"", ""status"": 200, ""reason"": ""no openAccessPdf""}, {""source"": ""pmc"", ""status"": 200, ""reason"": ""no PMCID found""}, {""source"": ""crossref_tdm"", ""reason"": ""no TDM link returned accessible content""}, {""source"": ""doi_resolve"", ""status"": 403, ""reason"": ""HTTP 403""}]",Texto 5,1.ª pasada,,,,,False
W4405094100,10.1007/978-981-96-0808-9_25,False,,closed,,Towards an Automated Verification Approach for ERC-Based Smart Contracts,1.0,,False,"[{""source"": ""unpaywall"", ""status"": 200, ""reason"": ""no OA location""}, {""source"": ""semantic_scholar"", ""status"": 200, ""reason"": ""no openAccessPdf""}, {""source"": ""pmc"", ""status"": 200, ""reason"": ""no PMCID found""}, {""source"": ""crossref_tdm"", ""reason"": ""no TDM links in CrossRef""}, {""source"": ""doi_resolve"", ""status"": 200, ""reason"": ""landing page accessible but full text requires HTML scraping — consider uploading PDF manually""}]",Texto 5,1.ª pasada,,,,,False
W4404878293,10.1007/978-3-031-72107-6_13,False,,closed,,Agent-Oriented Modeling for the Age of AI: Nine Pivots Toward a Reconceptualization of Requirements Engineering,1.0,,False,"[{""source"": ""unpaywall"", ""status"": 200, ""reason"": ""no OA location""}, {""source"": ""semantic_scholar"", ""status"": 429, ""reason"": ""HTTP 429""}, {""source"": ""pmc"", ""status"": 200, ""reason"": ""no PMCID found""}, {""source"": ""crossref_tdm"", ""reason"": ""no TDM links in CrossRef""}, {""source"": ""doi_resolve"", ""status"": 200, ""reason"": ""landing page accessible but full text requires HTML scraping — consider uploading PDF manually""}]",Texto 5,1.ª pasada,,,,,False
W4402675603,10.1016/j.infsof.2024.107584,False,,closed,,A search-and-fill strategy to code generation for complex software requirements,1.0,,False,"[{""source"": ""unpaywall"", ""status"": 200, ""reason"": ""no OA location""}, {""source"": ""semantic_scholar"", ""status"": 429, ""reason"": ""HTTP 429""}, {""source"": ""pmc"", ""status"": 200, ""reason"": ""no PMCID found""}, {""source"": ""crossref_tdm"", ""reason"": ""no TDM link returned accessible content""}, {""source"": ""doi_resolve"", ""status"": 200, ""reason"": ""landing page accessible but full text requires HTML scraping — consider uploading PDF manually""}]",Texto 5,1.ª pasada,,,,,False
W4402595032,10.1109/sse62657.2024.00026,False,,closed,,Software Service Engineering in the Era of Large Language Models,1.0,,False,"[{""source"": ""unpaywall"", ""status"": 200, ""reason"": ""no OA location""}, {""source"": ""semantic_scholar"", ""status"": 429, ""reason"": ""HTTP 429""}, {""source"": ""pmc"", ""status"": 200, ""reason"": ""no PMCID found""}, {""source"": ""crossref_tdm"", ""reason"": ""no TDM links in CrossRef""}, {""source"": ""doi_resolve"", ""status"": 202, ""reason"": ""HTTP 202""}]",Texto 5,1.ª pasada,,,,,False
W4405764339,10.1007/978-981-97-8798-2_7,False,,closed,,Enhancing TrUStAPIS Methodology in the Web of Things with LLM-Generated IoT Trust Semantics,1.0,,False,"[{""source"": ""unpaywall"", ""status"": 200, ""reason"": ""no OA location""}, {""source"": ""semantic_scholar"", ""status"": 429, ""reason"": ""HTTP 429""}, {""source"": ""pmc"", ""status"": 200, ""reason"": ""no PMCID found""}, {""source"": ""crossref_tdm"", ""reason"": ""no TDM links in CrossRef""}, {""source"": ""doi_resolve"", ""status"": 200, ""reason"": ""landing page accessible but full text requires HTML scraping — consider uploading PDF manually""}]",Texto 5,1.ª pasada,,,,,False
D-W4396679114,10.29367/issn.1809-3957.2024.04.220.45,True,doi_resolve,gold,https://sodebras.com.br/edicoes/N220.pdf#page=45,UMA ABORDAGEM PARA ASSOCIAÇÃO ENTRE NECESSIDADES DO CLIENTE E REQUISITOS DE SOFTWARE,1.0,156107,True,"[{""source"": ""unpaywall"", ""status"": 200, ""reason"": ""no OA location""}, {""source"": ""semantic_scholar"", ""status"": 429, ""reason"": ""HTTP 429""}, {""source"": ""pmc"", ""status"": 200, ""reason"": ""no PMCID found""}, {""source"": ""crossref_tdm"", ""reason"": ""no TDM links in CrossRef""}, {""source"": ""doi_resolve"", ""status"": 200}]",Texto 5,1.ª pasada,,,,,True
W4394015414,10.1016/j.eswa.2024.123927,False,,closed,,A deep learning-based approach to similarity calculation for UML use case models,1.0,,False,"[{""source"": ""unpaywall"", ""status"": 200, ""reason"": ""no OA location""}, {""source"": ""semantic_scholar"", ""status"": 429, ""reason"": ""HTTP 429""}, {""source"": ""pmc"", ""status"": 200, ""reason"": ""no PMCID found""}, {""source"": ""crossref_tdm"", ""reason"": ""no TDM link returned accessible content""}, {""source"": ""doi_resolve"", ""status"": 200, ""reason"": ""landing page accessible but full text requires HTML scraping — consider uploading PDF manually""}]",Texto 5,1.ª pasada,,,,,False
W4399203757,10.1007/978-3-031-55642-5_6,False,,closed,,Advancing Requirements Engineering Through Generative AI: Assessing the Role of LLMs,1.0,,False,"[{""source"": ""unpaywall"", ""status"": 200, ""reason"": ""no OA location""}, {""source"": ""semantic_scholar"", ""status"": 429, ""reason"": ""HTTP 429""}, {""source"": ""pmc"", ""status"": 200, ""reason"": ""no PMCID found""}, {""source"": ""crossref_tdm"", ""reason"": ""no TDM links in CrossRef""}, {""source"": ""doi_resolve"", ""status"": 200, ""reason"": ""landing page accessible but full text requires HTML scraping — consider uploading PDF manually""}]",Texto 5,1.ª pasada,,,,,True
W4405094075,10.1007/978-981-96-0808-9_17,False,,closed,,HSC: An Artificial Intelligence Service Composition Dataset from Hugging Face,1.0,,False,"[{""source"": ""unpaywall"", ""status"": 200, ""reason"": ""no OA location""}, {""source"": ""semantic_scholar"", ""status"": 200, ""reason"": ""no openAccessPdf""}, {""source"": ""pmc"", ""status"": 200, ""reason"": ""no PMCID found""}, {""source"": ""crossref_tdm"", ""reason"": ""no TDM links in CrossRef""}, {""source"": ""doi_resolve"", ""status"": 200, ""reason"": ""landing page accessible but full text requires HTML scraping — consider uploading PDF manually""}]",Texto 5,1.ª pasada,,,,,False
W4402240799,10.1016/j.datak.2024.102351,False,,closed,,"Unraveling the foundations and the evolution of conceptual modeling - Intellectual structure, current themes, and trajectories",1.0,,False,"[{""source"": ""unpaywall"", ""status"": 200, ""reason"": ""no OA location""}, {""source"": ""semantic_scholar"", ""status"": 200, ""reason"": ""no openAccessPdf""}, {""source"": ""pmc"", ""status"": 200, ""reason"": ""no PMCID found""}, {""source"": ""crossref_tdm"", ""reason"": ""no TDM link returned accessible content""}, {""source"": ""doi_resolve"", ""status"": 200, ""reason"": ""landing page accessible but full text requires HTML scraping — consider uploading PDF manually""}]",Texto 5,1.ª pasada,,,,,False
W4405599286,10.1007/978-3-031-71082-7_7,False,,closed,,Ontology-based Modeling and Analysis of Trustworthiness Requirements,1.0,,False,"[{""source"": ""unpaywall"", ""status"": 200, ""reason"": ""no OA location""}, {""source"": ""semantic_scholar"", ""status"": 404, ""reason"": ""HTTP 404""}, {""source"": ""pmc"", ""status"": 200, ""reason"": ""no PMCID found""}, {""source"": ""crossref_tdm"", ""reason"": ""no TDM links in CrossRef""}, {""source"": ""doi_resolve"", ""status"": 200, ""reason"": ""landing page accessible but full text requires HTML scraping — consider uploading PDF manually""}]",Texto 6,1.ª pasada,,,,,False
W4391954186,10.1007/978-3-031-50590-4_10,False,,,,,,,False,"[{""source"": ""crossref"", ""status"": 502, ""reason"": ""CrossRef lookup failed — cannot verify DOI exists""}]",Texto 6,1.ª pasada,,,,,False
W4412593420,10.1007/s10506-025-09474-6,False,,closed,,"Comprehensive research on semantic understanding, applicability, and impact analysis of legal provisions based on deep learning and natural language processing",1.0,,False,"[{""source"": ""unpaywall"", ""status"": 200, ""reason"": ""no OA location""}, {""source"": ""semantic_scholar"", ""status"": 200, ""reason"": ""no openAccessPdf""}, {""source"": ""pmc"", ""status"": 200, ""reason"": ""no PMCID found""}, {""source"": ""crossref_tdm"", ""reason"": ""no TDM link returned accessible content""}, {""source"": ""doi_resolve"", ""status"": 200, ""reason"": ""landing page accessible but full text requires HTML scraping — consider uploading PDF manually""}]",Texto 6,1.ª pasada,,,,,False
W4416303448,10.1007/978-3-032-12092-2_5,False,,closed,,Enhancing Regulation-Adherent Requirement Engineering with Contextual AI: An Industrial Study,1.0,,False,"[{""source"": ""unpaywall"", ""status"": 200, ""reason"": ""no OA location""}, {""source"": ""semantic_scholar"", ""status"": 200, ""reason"": ""no openAccessPdf""}, {""source"": ""pmc"", ""status"": 200, ""reason"": ""no PMCID found""}, {""source"": ""crossref_tdm"", ""reason"": ""no TDM links in CrossRef""}, {""source"": ""doi_resolve"", ""status"": 200, ""reason"": ""landing page accessible but full text requires HTML scraping — consider uploading PDF manually""}]",Texto 6,1.ª pasada,,,,,False
W4411293746,10.1007/s10270-025-01299-w,False,,closed,,Three decades of the OO-Method: fostering conceptual-model software engineering,1.0,,False,"[{""source"": ""unpaywall"", ""status"": 200, ""reason"": ""no OA location""}, {""source"": ""semantic_scholar"", ""status"": 200, ""reason"": ""no openAccessPdf""}, {""source"": ""pmc"", ""status"": 200, ""reason"": ""no PMCID found""}, {""source"": ""crossref_tdm"", ""reason"": ""no TDM link returned accessible content""}, {""source"": ""doi_resolve"", ""status"": 200, ""reason"": ""landing page accessible but full text requires HTML scraping — consider uploading PDF manually""}]",Texto 6,1.ª pasada,,,,,False
W7154754508,10.17303/jcssd.2025.4.104,False,,,,,,,False,"[{""source"": ""crossref"", ""status"": 502, ""reason"": ""CrossRef lookup failed — cannot verify DOI exists""}]",Texto 6,1.ª pasada,,,,,False
W4406538274,10.1007/s10270-024-01254-1,False,,closed,,Refactoring goal-oriented models: a linguistic improvement using large language models,1.0,,False,"[{""source"": ""unpaywall"", ""status"": 200, ""reason"": ""no OA location""}, {""source"": ""semantic_scholar"", ""status"": 200, ""reason"": ""no openAccessPdf""}, {""source"": ""pmc"", ""status"": 200, ""reason"": ""no PMCID found""}, {""source"": ""crossref_tdm"", ""reason"": ""no TDM link returned accessible content""}, {""source"": ""doi_resolve"", ""status"": 200, ""reason"": ""landing page accessible but full text requires HTML scraping — consider uploading PDF manually""}]",Texto 6,1.ª pasada,,,,,False
W4407934385,10.1007/978-3-031-81974-2_21,False,,closed,,CTP Ontology: An Ontology for Creating and Structuring Cultural Thematic Paths,1.0,,False,"[{""source"": ""unpaywall"", ""status"": 200, ""reason"": ""no OA location""}, {""source"": ""semantic_scholar"", ""status"": 200, ""reason"": ""no openAccessPdf""}, {""source"": ""pmc"", ""status"": 200, ""reason"": ""no PMCID found""}, {""source"": ""crossref_tdm"", ""reason"": ""no TDM links in CrossRef""}, {""source"": ""doi_resolve"", ""status"": 200, ""reason"": ""landing page accessible but full text requires HTML scraping — consider uploading PDF manually""}]",Texto 6,1.ª pasada,,,,,False
W4415003556,10.1109/re63999.2025.00055,False,,,,,,,False,"[{""source"": ""crossref"", ""status"": 502, ""reason"": ""CrossRef lookup failed — cannot verify DOI exists""}]",Texto 6,1.ª pasada,,,,,False
W4412043041,10.1007/978-3-031-96096-3_26,False,,,,,,,False,"[{""source"": ""crossref"", ""status"": 502, ""reason"": ""CrossRef lookup failed — cannot verify DOI exists""}]",Texto 6,1.ª pasada,,,,,False
W4408162857,10.1007/978-3-031-73143-3_2,False,,closed,,Machine Learning for Requirements Classification,1.0,,False,"[{""source"": ""unpaywall"", ""status"": 200, ""reason"": ""no OA location""}, {""source"": ""semantic_scholar"", ""status"": 404, ""reason"": ""HTTP 404""}, {""source"": ""pmc"", ""status"": 200, ""reason"": ""no PMCID found""}, {""source"": ""crossref_tdm"", ""reason"": ""no TDM links in CrossRef""}, {""source"": ""doi_resolve"", ""status"": 200, ""reason"": ""landing page accessible but full text requires HTML scraping — consider uploading PDF manually""}]",Texto 6,1.ª pasada,,,,,False
W4409666485,10.1007/978-3-031-85930-4_13,False,,closed,,Leveraging Chat-GPT to Generate Educational Assessment Materials for Software Engineering,1.0,,False,"[{""source"": ""unpaywall"", ""status"": 200, ""reason"": ""no OA location""}, {""source"": ""semantic_scholar"", ""status"": 404, ""reason"": ""HTTP 404""}, {""source"": ""pmc"", ""status"": 200, ""reason"": ""no PMCID found""}, {""source"": ""crossref_tdm"", ""reason"": ""no TDM links in CrossRef""}, {""source"": ""doi_resolve"", ""status"": 200, ""reason"": ""landing page accessible but full text requires HTML scraping — consider uploading PDF manually""}]",Texto 6,1.ª pasada,,,,,False
W4412746365,10.1016/j.cose.2025.104605,False,,closed,,Enhancing security requirements specification with SECRET-SCORE: A template-driven and ontology-based approach,1.0,,False,"[{""source"": ""unpaywall"", ""status"": 200, ""reason"": ""no OA location""}, {""source"": ""semantic_scholar"", ""status"": 200, ""reason"": ""no openAccessPdf""}, {""source"": ""pmc"", ""status"": 200, ""reason"": ""no PMCID found""}, {""source"": ""crossref_tdm"", ""reason"": ""no TDM link returned accessible content""}, {""source"": ""doi_resolve"", ""status"": 200, ""reason"": ""landing page accessible but full text requires HTML scraping — consider uploading PDF manually""}]",Texto 6,1.ª pasada,,,,,False
W4406870925,10.1007/978-3-031-78952-6_1,False,,closed,,The Role of Generative AI in Competency Question Retrofitting,1.0,,False,"[{""source"": ""unpaywall"", ""status"": 200, ""reason"": ""no OA location""}, {""source"": ""semantic_scholar"", ""status"": 200, ""reason"": ""no openAccessPdf""}, {""source"": ""pmc"", ""status"": 200, ""reason"": ""no PMCID found""}, {""source"": ""crossref_tdm"", ""reason"": ""no TDM links in CrossRef""}, {""source"": ""doi_resolve"", ""status"": 200, ""reason"": ""landing page accessible but full text requires HTML scraping — consider uploading PDF manually""}]",Texto 6,1.ª pasada,,,,,False
W4408840153,10.1007/978-3-031-73143-3_1,False,,closed,,Handbook on Natural Language Processing for Requirements Engineering: Overview,1.0,,False,"[{""source"": ""unpaywall"", ""status"": 200, ""reason"": ""no OA location""}, {""source"": ""semantic_scholar"", ""status"": 404, ""reason"": ""HTTP 404""}, {""source"": ""pmc"", ""status"": 200, ""reason"": ""no PMCID found""}, {""source"": ""crossref_tdm"", ""reason"": ""no TDM links in CrossRef""}, {""source"": ""doi_resolve"", ""status"": 200, ""reason"": ""landing page accessible but full text requires HTML scraping — consider uploading PDF manually""}]",Texto 6,1.ª pasada,,,,,False
W4408864216,10.1007/978-3-031-73143-3_16,False,,closed,,Using Large Language Models for Natural Language Processing Tasks in Requirements Engineering: A Systematic Guideline,1.0,,False,"[{""source"": ""unpaywall"", ""status"": 200, ""reason"": ""no OA location""}, {""source"": ""semantic_scholar"", ""status"": 404, ""reason"": ""HTTP 404""}, {""source"": ""pmc"", ""status"": 200, ""reason"": ""no PMCID found""}, {""source"": ""crossref_tdm"", ""reason"": ""no TDM links in CrossRef""}, {""source"": ""doi_resolve"", ""status"": 200, ""reason"": ""landing page accessible but full text requires HTML scraping — consider uploading PDF manually""}]",Texto 6,1.ª pasada,,,,,True
W4413451213,10.1016/j.jss.2025.112594,False,,closed,,Hybrid approach for multilevel multi-class requirement classification: Impact of stop-word removal and data augmentation,1.0,,False,"[{""source"": ""unpaywall"", ""status"": 200, ""reason"": ""no OA location""}, {""source"": ""semantic_scholar"", ""status"": 200, ""reason"": ""no openAccessPdf""}, {""source"": ""pmc"", ""status"": 200, ""reason"": ""no PMCID found""}, {""source"": ""crossref_tdm"", ""reason"": ""no TDM link returned accessible content""}, {""source"": ""doi_resolve"", ""status"": 200, ""reason"": ""landing page accessible but full text requires HTML scraping — consider uploading PDF manually""}]",Texto 6,1.ª pasada,,,,,False
W4414376521,10.1007/978-3-032-05073-1_16,False,,closed,,From Natural Language Requirement Specifications to Logic Properties,1.0,,False,"[{""source"": ""unpaywall"", ""status"": 200, ""reason"": ""no OA location""}, {""source"": ""semantic_scholar"", ""status"": 200, ""reason"": ""no openAccessPdf""}, {""source"": ""pmc"", ""status"": 200, ""reason"": ""no PMCID found""}, {""source"": ""crossref_tdm"", ""reason"": ""no TDM links in CrossRef""}, {""source"": ""doi_resolve"", ""status"": 200, ""reason"": ""landing page accessible but full text requires HTML scraping — consider uploading PDF manually""}]",Texto 6,1.ª pasada,,,,,False
W4408892189,10.1007/978-3-031-73143-3_10,False,,closed,,On the Automated Processing of User Feedback,1.0,,False,"[{""source"": ""unpaywall"", ""status"": 200, ""reason"": ""no OA location""}, {""source"": ""semantic_scholar"", ""status"": 404, ""reason"": ""HTTP 404""}, {""source"": ""pmc"", ""status"": 200, ""reason"": ""no PMCID found""}, {""source"": ""crossref_tdm"", ""reason"": ""no TDM links in CrossRef""}, {""source"": ""doi_resolve"", ""status"": 200, ""reason"": ""landing page accessible but full text requires HTML scraping — consider uploading PDF manually""}]",Texto 6,1.ª pasada,,,,,False
W4409054028,10.1007/978-3-031-88531-0_19,False,,green,,Leveraging Requirements Elicitation through Software Requirement Patterns and LLMs,1.0,,False,"[{""source"": ""unpaywall"", ""status"": 200, ""reason"": ""no OA location""}, {""source"": ""semantic_scholar"", ""reason"": ""URL returned text/html; charset=utf-8, not a PDF""}, {""source"": ""pmc"", ""status"": 200, ""reason"": ""no PMCID found""}, {""source"": ""crossref_tdm"", ""reason"": ""no TDM links in CrossRef""}, {""source"": ""doi_resolve"", ""status"": 200, ""reason"": ""landing page accessible but full text requires HTML scraping — consider uploading PDF manually""}]",Texto 6,1.ª pasada,,,,,False
W4415083158,10.1007/978-3-031-99554-5_40,False,,closed,,Leveraging Large Language Models for Ontology Requirements Engineering,1.0,,False,"[{""source"": ""unpaywall"", ""status"": 200, ""reason"": ""no OA location""}, {""source"": ""semantic_scholar"", ""status"": 200, ""reason"": ""no openAccessPdf""}, {""source"": ""pmc"", ""status"": 200, ""reason"": ""no PMCID found""}, {""source"": ""crossref_tdm"", ""reason"": ""no TDM links in CrossRef""}, {""source"": ""doi_resolve"", ""status"": 200, ""reason"": ""landing page accessible but full text requires HTML scraping — consider uploading PDF manually""}]",Texto 6,1.ª pasada,,,,,False
W4411410483,10.1007/978-3-031-91690-8_17,False,,closed,,Web Development Based on Design-Transfer Through Client Adaptations,1.0,,False,"[{""source"": ""unpaywall"", ""status"": 200, ""reason"": ""no OA location""}, {""source"": ""semantic_scholar"", ""status"": 404, ""reason"": ""HTTP 404""}, {""source"": ""pmc"", ""status"": 200, ""reason"": ""no PMCID found""}, {""source"": ""crossref_tdm"", ""reason"": ""no TDM links in CrossRef""}, {""source"": ""doi_resolve"", ""status"": 200, ""reason"": ""landing page accessible but full text requires HTML scraping — consider uploading PDF manually""}]",Texto 6,1.ª pasada,,,,,False
W4412043088,10.1007/978-3-031-96096-3_19,False,,closed,,Recognition of Design Patterns in Sequence Diagrams Using Semantic Graph Matching,1.0,,False,"[{""source"": ""unpaywall"", ""status"": 200, ""reason"": ""no OA location""}, {""source"": ""semantic_scholar"", ""status"": 404, ""reason"": ""HTTP 404""}, {""source"": ""pmc"", ""status"": 200, ""reason"": ""no PMCID found""}, {""source"": ""crossref_tdm"", ""reason"": ""no TDM links in CrossRef""}, {""source"": ""doi_resolve"", ""status"": 200, ""reason"": ""landing page accessible but full text requires HTML scraping — consider uploading PDF manually""}]",Texto 6,1.ª pasada,,,,,False
W4408162704,10.1007/978-3-031-73143-3_15,False,,closed,,Practical Guidelines for the Selection and Evaluation of Natural Language Processing Techniques in Requirements Engineering,1.0,,False,"[{""source"": ""unpaywall"", ""status"": 200, ""reason"": ""no OA location""}, {""source"": ""semantic_scholar"", ""status"": 404, ""reason"": ""HTTP 404""}, {""source"": ""pmc"", ""status"": 200, ""reason"": ""no PMCID found""}, {""source"": ""crossref_tdm"", ""reason"": ""no TDM links in CrossRef""}, {""source"": ""doi_resolve"", ""status"": 200, ""reason"": ""landing page accessible but full text requires HTML scraping — consider uploading PDF manually""}]",Texto 6,1.ª pasada,,,,,True
W4414219476,10.1007/978-3-032-04200-2_26,False,,closed,,"Mapping the Landscape of Requirements Completeness: Definitions, Techniques, Tools, and the Emerging Role of AI",1.0,,False,"[{""source"": ""unpaywall"", ""status"": 200, ""reason"": ""no OA location""}, {""source"": ""semantic_scholar"", ""status"": 200, ""reason"": ""no openAccessPdf""}, {""source"": ""pmc"", ""status"": 200, ""reason"": ""no PMCID found""}, {""source"": ""crossref_tdm"", ""reason"": ""no TDM links in CrossRef""}, {""source"": ""doi_resolve"", ""status"": 200, ""reason"": ""landing page accessible but full text requires HTML scraping — consider uploading PDF manually""}]",Texto 6,1.ª pasada,,,,,False
W4417231376,10.1007/s10579-025-09855-y,False,,,,,,,False,"[{""source"": ""crossref"", ""status"": 502, ""reason"": ""CrossRef lookup failed — cannot verify DOI exists""}]",Texto 6,1.ª pasada,,,,,False
W4415186721,10.1007/978-3-032-06401-1_37,False,,closed,,Computational Tool Based on AI for the Management of Clinical Relevance Denials,1.0,,False,"[{""source"": ""unpaywall"", ""status"": 200, ""reason"": ""no OA location""}, {""source"": ""semantic_scholar"", ""status"": 404, ""reason"": ""HTTP 404""}, {""source"": ""pmc"", ""status"": 200, ""reason"": ""no PMCID found""}, {""source"": ""crossref_tdm"", ""reason"": ""no TDM links in CrossRef""}, {""source"": ""doi_resolve"", ""status"": 200, ""reason"": ""landing page accessible but full text requires HTML scraping — consider uploading PDF manually""}]",Texto 6,1.ª pasada,,,,,False
W4409054034,10.1007/978-3-031-88531-0_15,False,,closed,,Automatic Prompt Engineering: The Case of Requirements Classification,1.0,,False,"[{""source"": ""unpaywall"", ""status"": 200, ""reason"": ""no OA location""}, {""source"": ""semantic_scholar"", ""status"": 200, ""reason"": ""no openAccessPdf""}, {""source"": ""pmc"", ""status"": 200, ""reason"": ""no PMCID found""}, {""source"": ""crossref_tdm"", ""reason"": ""no TDM links in CrossRef""}, {""source"": ""doi_resolve"", ""status"": 200, ""reason"": ""landing page accessible but full text requires HTML scraping — consider uploading PDF manually""}]",Texto 6,1.ª pasada,,,,,False
W7117468024,10.1109/ms.2025.3622259,False,,closed,,"Intentions, Standards, and Emotions: How Requirements Are Engineered in the Era of Large Language Models",1.0,,False,"[{""source"": ""unpaywall"", ""status"": 200, ""reason"": ""no OA location""}, {""source"": ""semantic_scholar"", ""status"": 200, ""reason"": ""no openAccessPdf""}, {""source"": ""pmc"", ""status"": 200, ""reason"": ""no PMCID found""}, {""source"": ""crossref_tdm"", ""reason"": ""no TDM links in CrossRef""}, {""source"": ""doi_resolve"", ""status"": 202, ""reason"": ""HTTP 202""}]",Texto 6,1.ª pasada,,,,,False
W7116654226,10.1117/12.3092088,False,,closed,,System requirements analysis method based on DCE node graph,1.0,,False,"[{""source"": ""unpaywall"", ""status"": 200, ""reason"": ""no OA location""}, {""source"": ""semantic_scholar"", ""status"": 200, ""reason"": ""no openAccessPdf""}, {""source"": ""pmc"", ""status"": 200, ""reason"": ""no PMCID found""}, {""source"": ""crossref_tdm"", ""reason"": ""no TDM links in CrossRef""}, {""source"": ""doi_resolve"", ""status"": 200, ""reason"": ""landing page accessible but full text requires HTML scraping — consider uploading PDF manually""}]",Texto 6,1.ª pasada,,,,,False
W4409054015,10.1007/978-3-031-88531-0_17,False,,closed,,Prompt Me: Intelligent Software Agent for Requirements Engineering - A Vision Paper,1.0,,False,"[{""source"": ""unpaywall"", ""status"": 200, ""reason"": ""no OA location""}, {""source"": ""semantic_scholar"", ""status"": 200, ""reason"": ""no openAccessPdf""}, {""source"": ""pmc"", ""status"": 200, ""reason"": ""no PMCID found""}, {""source"": ""crossref_tdm"", ""reason"": ""no TDM links in CrossRef""}, {""source"": ""doi_resolve"", ""status"": 200, ""reason"": ""landing page accessible but full text requires HTML scraping — consider uploading PDF manually""}]",Texto 6,1.ª pasada,,,,,False
W7124960068,10.1109/asew67777.2025.00063,False,,closed,,Towards Multi-Agentic AI for automated software design and modelling: challenges and opportunities,1.0,,False,"[{""source"": ""unpaywall"", ""status"": 200, ""reason"": ""no OA location""}, {""source"": ""semantic_scholar"", ""status"": 200, ""reason"": ""no openAccessPdf""}, {""source"": ""pmc"", ""status"": 200, ""reason"": ""no PMCID found""}, {""source"": ""crossref_tdm"", ""reason"": ""no TDM links in CrossRef""}, {""source"": ""doi_resolve"", ""status"": 202, ""reason"": ""HTTP 202""}]",Texto 6,1.ª pasada,,,,,False
W4412190197,10.1007/978-981-96-8892-0_37,False,,closed,,Evaluating Large Language Models for the Automated Generation of Software Requirements,1.0,,False,"[{""source"": ""unpaywall"", ""status"": 200, ""reason"": ""no OA location""}, {""source"": ""semantic_scholar"", ""status"": 200, ""reason"": ""no openAccessPdf""}, {""source"": ""pmc"", ""status"": 200, ""reason"": ""no PMCID found""}, {""source"": ""crossref_tdm"", ""reason"": ""no TDM links in CrossRef""}, {""source"": ""doi_resolve"", ""status"": 200, ""reason"": ""landing page accessible but full text requires HTML scraping — consider uploading PDF manually""}]",Texto 6,1.ª pasada,,,,,False
W4408162838,10.1007/978-3-031-73143-3_6,False,,closed,,Automated Requirements Terminology Extraction,1.0,,False,"[{""source"": ""unpaywall"", ""status"": 200, ""reason"": ""no OA location""}, {""source"": ""semantic_scholar"", ""status"": 404, ""reason"": ""HTTP 404""}, {""source"": ""pmc"", ""status"": 200, ""reason"": ""no PMCID found""}, {""source"": ""crossref_tdm"", ""reason"": ""no TDM links in CrossRef""}, {""source"": ""doi_resolve"", ""status"": 200, ""reason"": ""landing page accessible but full text requires HTML scraping — consider uploading PDF manually""}]",Texto 6,1.ª pasada,,,,,False
W4410871519,10.1007/978-3-031-87880-0_13,False,,closed,,An EBNF-Based Grammar for Use Case Specification,1.0,,False,"[{""source"": ""unpaywall"", ""status"": 200, ""reason"": ""no OA location""}, {""source"": ""semantic_scholar"", ""status"": 404, ""reason"": ""HTTP 404""}, {""source"": ""pmc"", ""status"": 200, ""reason"": ""no PMCID found""}, {""source"": ""crossref_tdm"", ""reason"": ""no TDM links in CrossRef""}, {""source"": ""doi_resolve"", ""status"": 200, ""reason"": ""landing page accessible but full text requires HTML scraping — consider uploading PDF manually""}]",Texto 6,1.ª pasada,,,,,False
W4411612612,10.1007/978-981-96-1687-9_1,False,,closed,,Construction and Application of Knowledge Graphs in Requirement Engineering Process,1.0,,False,"[{""source"": ""unpaywall"", ""status"": 200, ""reason"": ""no OA location""}, {""source"": ""semantic_scholar"", ""status"": 404, ""reason"": ""HTTP 404""}, {""source"": ""pmc"", ""status"": 200, ""reason"": ""no PMCID found""}, {""source"": ""crossref_tdm"", ""reason"": ""no TDM links in CrossRef""}, {""source"": ""doi_resolve"", ""status"": 200, ""reason"": ""landing page accessible but full text requires HTML scraping — consider uploading PDF manually""}]",Texto 6,1.ª pasada,,,,,False
W4408316624,10.1007/978-3-031-84148-4_10,False,,closed,,User-Intimate and Trustworthy Ontology-Based Requirement Engineering Methodology: A Case Study on Connected and Autonomous Electrical Vehicles,1.0,,False,"[{""source"": ""unpaywall"", ""status"": 200, ""reason"": ""no OA location""}, {""source"": ""semantic_scholar"", ""status"": 404, ""reason"": ""HTTP 404""}, {""source"": ""pmc"", ""status"": 200, ""reason"": ""no PMCID found""}, {""source"": ""crossref_tdm"", ""reason"": ""no TDM links in CrossRef""}, {""source"": ""doi_resolve"", ""status"": 200, ""reason"": ""landing page accessible but full text requires HTML scraping — consider uploading PDF manually""}]",Texto 6,1.ª pasada,,,,,False
W4414599856,10.1007/s00766-025-00450-9,False,,closed,,A design science research approach to Large Language Model-Based Agents for Requirements Specification (LLMBA4RS) in low-code applications,1.0,,False,"[{""source"": ""unpaywall"", ""status"": 200, ""reason"": ""no OA location""}, {""source"": ""semantic_scholar"", ""status"": 200, ""reason"": ""no openAccessPdf""}, {""source"": ""pmc"", ""status"": 200, ""reason"": ""no PMCID found""}, {""source"": ""crossref_tdm"", ""reason"": ""no TDM link returned accessible content""}, {""source"": ""doi_resolve"", ""status"": 200, ""reason"": ""landing page accessible but full text requires HTML scraping — consider uploading PDF manually""}]",Texto 6,1.ª pasada,,,,,False
W4408162808,10.1007/978-3-031-73143-3_3,False,,closed,,Requirements Similarity and Retrieval,1.0,,False,"[{""source"": ""unpaywall"", ""status"": 200, ""reason"": ""no OA location""}, {""source"": ""semantic_scholar"", ""status"": 404, ""reason"": ""HTTP 404""}, {""source"": ""pmc"", ""status"": 200, ""reason"": ""no PMCID found""}, {""source"": ""crossref_tdm"", ""reason"": ""no TDM links in CrossRef""}, {""source"": ""doi_resolve"", ""status"": 200, ""reason"": ""landing page accessible but full text requires HTML scraping — consider uploading PDF manually""}]",Texto 6,1.ª pasada,,,,,False
W4410700188,10.1007/978-3-031-88188-6_4,False,,closed,,Generative Coding: Unlocking Ontological AI,1.0,,False,"[{""source"": ""unpaywall"", ""status"": 200, ""reason"": ""no OA location""}, {""source"": ""semantic_scholar"", ""status"": 404, ""reason"": ""HTTP 404""}, {""source"": ""pmc"", ""status"": 200, ""reason"": ""no PMCID found""}, {""source"": ""crossref_tdm"", ""reason"": ""no TDM links in CrossRef""}, {""source"": ""doi_resolve"", ""status"": 200, ""reason"": ""landing page accessible but full text requires HTML scraping — consider uploading PDF manually""}]",Texto 7,1.ª pasada,,,,,False
W4409054132,10.1007/978-3-031-88531-0_11,False,,green,,Generating Domain Models with LLMs Using Instruction Tuning: A Research Preview,1.0,,False,"[{""source"": ""unpaywall"", ""status"": 200, ""reason"": ""no OA location""}, {""source"": ""semantic_scholar"", ""reason"": ""URL returned text/html; charset=utf-8, not a PDF""}, {""source"": ""pmc"", ""status"": 200, ""reason"": ""no PMCID found""}, {""source"": ""crossref_tdm"", ""reason"": ""no TDM links in CrossRef""}, {""source"": ""doi_resolve"", ""status"": 200, ""reason"": ""landing page accessible but full text requires HTML scraping — consider uploading PDF manually""}]",Texto 7,1.ª pasada,,,,,False
W4414979835,10.1007/s42979-025-04444-w,False,,,,,,,False,"[{""source"": ""crossref"", ""status"": 502, ""reason"": ""CrossRef lookup failed — cannot verify DOI exists""}]",Texto 7,1.ª pasada,,,,,False
W7106002102,10.1007/978-3-032-12089-2_23,False,,,,,,,False,"[{""source"": ""crossref"", ""status"": 502, ""reason"": ""CrossRef lookup failed — cannot verify DOI exists""}]",Texto 7,1.ª pasada,,,,,False
W4411096052,10.1007/978-3-031-94590-8_16,False,,,,,,,False,"[{""source"": ""crossref"", ""status"": 502, ""reason"": ""CrossRef lookup failed — cannot verify DOI exists""}]",Texto 7,1.ª pasada,,,,,False
W4416414956,10.1007/978-3-032-08697-6_7,False,,closed,,On the Integration of Manual and Automated Processes for the Distinctiveness of Naturalism and Modernism - A Transdisciplinary Approach Between Deterministic and Heuristic Methodologies in Digital Literary Studies,0.5217,,False,"[{""source"": ""unpaywall"", ""status"": 200, ""reason"": ""no OA location""}, {""source"": ""semantic_scholar"", ""status"": 200, ""reason"": ""no openAccessPdf""}, {""source"": ""pmc"", ""status"": 200, ""reason"": ""no PMCID found""}, {""source"": ""crossref_tdm"", ""reason"": ""no TDM links in CrossRef""}, {""source"": ""doi_resolve"", ""status"": 200, ""reason"": ""landing page accessible but full text requires HTML scraping — consider uploading PDF manually""}]",Texto 7,1.ª pasada,,,,,False
W4415323052,10.1007/s10515-025-00571-z,False,,,,,,,False,"[{""source"": ""crossref"", ""status"": 502, ""reason"": ""CrossRef lookup failed — cannot verify DOI exists""}]",Texto 7,1.ª pasada,,,,,False
W7140315557,10.1007/s42979-026-04881-1,False,,,,,,,False,"[{""source"": ""crossref"", ""status"": 502, ""reason"": ""CrossRef lookup failed — cannot verify DOI exists""}]",Texto 7,1.ª pasada,,,,,False
W7127044366,10.1007/978-3-032-12830-0_11,False,,closed,,A Goal-Oriented MLOps Approach for Developing Microservices-Based Small Language Models Systems,1.0,,False,"[{""source"": ""unpaywall"", ""status"": 200, ""reason"": ""no OA location""}, {""source"": ""semantic_scholar"", ""status"": 404, ""reason"": ""HTTP 404""}, {""source"": ""pmc"", ""status"": 200, ""reason"": ""no PMCID found""}, {""source"": ""crossref_tdm"", ""reason"": ""no TDM links in CrossRef""}, {""source"": ""doi_resolve"", ""status"": 200, ""reason"": ""landing page accessible but full text requires HTML scraping — consider uploading PDF manually""}]",Texto 7,1.ª pasada,,,,,False
W7140198384,10.1007/978-3-032-21423-2_10,False,,,,,,,False,"[{""source"": ""crossref"", ""status"": 502, ""reason"": ""CrossRef lookup failed — cannot verify DOI exists""}]",Texto 7,1.ª pasada,,,,,True
W7160319462,10.1007/978-3-032-19185-4_5,False,,,,,,,False,"[{""source"": ""crossref"", ""status"": 502, ""reason"": ""CrossRef lookup failed — cannot verify DOI exists""}]",Texto 7,1.ª pasada,,,,,False
W7167504715,10.1007/978-3-032-30693-7_19,False,,closed,,LLM-Guided Requirement Scenario-Based Testing for Simulink Models,1.0,,False,"[{""source"": ""unpaywall"", ""status"": 200, ""reason"": ""no OA location""}, {""source"": ""semantic_scholar"", ""status"": 200, ""reason"": ""no openAccessPdf""}, {""source"": ""pmc"", ""status"": 200, ""reason"": ""no PMCID found""}, {""source"": ""crossref_tdm"", ""reason"": ""no TDM links in CrossRef""}, {""source"": ""doi_resolve"", ""status"": 200, ""reason"": ""landing page accessible but full text requires HTML scraping — consider uploading PDF manually""}]",Texto 7,1.ª pasada,,,,,False
W7154160410,10.1007/s13369-026-11242-w,False,,closed,,Requirement Classification using Transfer Learning Models,1.0,,False,"[{""source"": ""unpaywall"", ""status"": 200, ""reason"": ""no OA location""}, {""source"": ""semantic_scholar"", ""status"": 200, ""reason"": ""no openAccessPdf""}, {""source"": ""pmc"", ""status"": 200, ""reason"": ""no PMCID found""}, {""source"": ""crossref_tdm"", ""reason"": ""no TDM link returned accessible content""}, {""source"": ""doi_resolve"", ""status"": 200, ""reason"": ""landing page accessible but full text requires HTML scraping — consider uploading PDF manually""}]",Texto 7,1.ª pasada,,,,,False
W7163356799,10.1016/j.jss.2026.112934,False,,closed,,"CSAML: A language for aerospace control software architecture synthesis — Modeling, refinement, and verification",1.0,,False,"[{""source"": ""unpaywall"", ""status"": 200, ""reason"": ""no OA location""}, {""source"": ""semantic_scholar"", ""status"": 200, ""reason"": ""no openAccessPdf""}, {""source"": ""pmc"", ""status"": 200, ""reason"": ""no PMCID found""}, {""source"": ""crossref_tdm"", ""reason"": ""no TDM link returned accessible content""}, {""source"": ""doi_resolve"", ""status"": 200, ""reason"": ""landing page accessible but full text requires HTML scraping — consider uploading PDF manually""}]",Texto 7,1.ª pasada,,,,,False
W7160380525,10.1007/978-3-032-15112-4_40,False,,closed,,Ethical Requirements for AI Systems in Finance,1.0,,False,"[{""source"": ""unpaywall"", ""status"": 200, ""reason"": ""no OA location""}, {""source"": ""semantic_scholar"", ""status"": 404, ""reason"": ""HTTP 404""}, {""source"": ""pmc"", ""status"": 200, ""reason"": ""no PMCID found""}, {""source"": ""crossref_tdm"", ""reason"": ""no TDM links in CrossRef""}, {""source"": ""doi_resolve"", ""status"": 200, ""reason"": ""landing page accessible but full text requires HTML scraping — consider uploading PDF manually""}]",Texto 7,1.ª pasada,,,,,False
W7161966649,10.1007/978-3-032-26752-8_19,False,,closed,,Can Large Language Models Support Modeling Systems with ASMETA? A Case Study with a Planetary Rover,1.0,,False,"[{""source"": ""unpaywall"", ""status"": 200, ""reason"": ""no OA location""}, {""source"": ""semantic_scholar"", ""status"": 200, ""reason"": ""no openAccessPdf""}, {""source"": ""pmc"", ""status"": 200, ""reason"": ""no PMCID found""}, {""source"": ""crossref_tdm"", ""reason"": ""no TDM links in CrossRef""}, {""source"": ""doi_resolve"", ""status"": 200, ""reason"": ""landing page accessible but full text requires HTML scraping — consider uploading PDF manually""}]",Texto 7,1.ª pasada,,,,,False
W7117992773,10.1007/978-981-95-5012-8_4,False,,closed,,"MCPybarra: A Multi-agent Framework for Low-Cost, High-Quality MCP Service Generation",1.0,,False,"[{""source"": ""unpaywall"", ""status"": 200, ""reason"": ""no OA location""}, {""source"": ""semantic_scholar"", ""status"": 200, ""reason"": ""no openAccessPdf""}, {""source"": ""pmc"", ""status"": 200, ""reason"": ""no PMCID found""}, {""source"": ""crossref_tdm"", ""reason"": ""no TDM links in CrossRef""}, {""source"": ""doi_resolve"", ""status"": 200, ""reason"": ""landing page accessible but full text requires HTML scraping — consider uploading PDF manually""}]",Texto 7,1.ª pasada,,,,,False
W7127911549,10.1007/978-3-032-12484-5_6,False,,,,,,,False,"[{""source"": ""crossref"", ""status"": 502, ""reason"": ""CrossRef lookup failed — cannot verify DOI exists""}]",Texto 7,1.ª pasada,,,,,False
W7162508292,10.1007/978-3-032-21480-5_8,False,,closed,,Towards Multi-Agent Systems in Requirements Engineering: A Proof-of-Concept Study Using Large Language Models,1.0,,False,"[{""source"": ""unpaywall"", ""status"": 200, ""reason"": ""no OA location""}, {""source"": ""semantic_scholar"", ""status"": 200, ""reason"": ""no openAccessPdf""}, {""source"": ""pmc"", ""status"": 200, ""reason"": ""no PMCID found""}, {""source"": ""crossref_tdm"", ""reason"": ""no TDM links in CrossRef""}, {""source"": ""doi_resolve"", ""status"": 200, ""reason"": ""landing page accessible but full text requires HTML scraping — consider uploading PDF manually""}]",Texto 7,1.ª pasada,,,,,False
W7125802102,10.1007/978-3-032-15401-9_20,False,,closed,,Comparative Study of Different LLMs for Requirements Gathering,1.0,,False,"[{""source"": ""unpaywall"", ""status"": 200, ""reason"": ""no OA location""}, {""source"": ""semantic_scholar"", ""status"": 404, ""reason"": ""HTTP 404""}, {""source"": ""pmc"", ""status"": 200, ""reason"": ""no PMCID found""}, {""source"": ""crossref_tdm"", ""reason"": ""no TDM links in CrossRef""}, {""source"": ""doi_resolve"", ""status"": 200, ""reason"": ""landing page accessible but full text requires HTML scraping — consider uploading PDF manually""}]",Texto 7,1.ª pasada,,,,,False
W7134809489,10.18420/emisa2026_06,False,,,,,,,False,"[{""source"": ""crossref"", ""status"": 404, ""reason"": ""DOI not found in CrossRef — may be invalid or not yet registered""}]",Texto 7,1.ª pasada,,,,,False
W7140161640,10.1007/978-3-032-21423-2_21,False,,closed,,Supporting Stakeholder Requirements Expression with LLM Revisions: An Empirical Evaluation,1.0,,False,"[{""source"": ""unpaywall"", ""status"": 200, ""reason"": ""no OA location""}, {""source"": ""semantic_scholar"", ""status"": 404, ""reason"": ""HTTP 404""}, {""source"": ""pmc"", ""status"": 200, ""reason"": ""no PMCID found""}, {""source"": ""crossref_tdm"", ""reason"": ""no TDM links in CrossRef""}, {""source"": ""doi_resolve"", ""status"": 200, ""reason"": ""landing page accessible but full text requires HTML scraping — consider uploading PDF manually""}]",Texto 7,1.ª pasada,,,,,False
W7119484485,10.1007/s10515-025-00587-5,False,,closed,,QuaRUM: qualitative data analysis-based retrieval-augmented UML domain model from requirements documents,1.0,,False,"[{""source"": ""unpaywall"", ""status"": 200, ""reason"": ""no OA location""}, {""source"": ""semantic_scholar"", ""status"": 200, ""reason"": ""no openAccessPdf""}, {""source"": ""pmc"", ""status"": 200, ""reason"": ""no PMCID found""}, {""source"": ""crossref_tdm"", ""reason"": ""no TDM link returned accessible content""}, {""source"": ""doi_resolve"", ""status"": 200, ""reason"": ""landing page accessible but full text requires HTML scraping — consider uploading PDF manually""}]",Texto 7,1.ª pasada,,,,,False
W7140092931,10.1109/it67293.2026.11435673,False,,closed,,Towards Role-Based Multi-Agent LLM Systems for Software Requirements Analysis,1.0,,False,"[{""source"": ""unpaywall"", ""status"": 200, ""reason"": ""no OA location""}, {""source"": ""semantic_scholar"", ""status"": 200, ""reason"": ""no openAccessPdf""}, {""source"": ""pmc"", ""status"": 200, ""reason"": ""no PMCID found""}, {""source"": ""crossref_tdm"", ""reason"": ""no TDM links in CrossRef""}, {""source"": ""doi_resolve"", ""status"": 202, ""reason"": ""HTTP 202""}]",Texto 7,1.ª pasada,,,,,False
W7168169801,10.1007/978-981-92-2014-4_13,False,,closed,,CMAS4G2: A Locally Deployed Cooperative Multi-agent System for Gherkin Acceptance Test Generation,1.0,,False,"[{""source"": ""unpaywall"", ""status"": 200, ""reason"": ""no OA location""}, {""source"": ""semantic_scholar"", ""status"": 200, ""reason"": ""no openAccessPdf""}, {""source"": ""pmc"", ""status"": 200, ""reason"": ""no PMCID found""}, {""source"": ""crossref_tdm"", ""reason"": ""no TDM links in CrossRef""}, {""source"": ""doi_resolve"", ""status"": 200, ""reason"": ""landing page accessible but full text requires HTML scraping — consider uploading PDF manually""}]",Texto 7,1.ª pasada,,,,,False
W7124697836,10.1007/s10515-026-00593-1,False,,closed,,From interaction to evolution: A behavior-driven framework for automated software requirements elicitation,1.0,,False,"[{""source"": ""unpaywall"", ""status"": 200, ""reason"": ""no OA location""}, {""source"": ""semantic_scholar"", ""status"": 429, ""reason"": ""HTTP 429""}, {""source"": ""pmc"", ""status"": 200, ""reason"": ""no PMCID found""}, {""source"": ""crossref_tdm"", ""reason"": ""no TDM link returned accessible content""}, {""source"": ""doi_resolve"", ""status"": 200, ""reason"": ""landing page accessible but full text requires HTML scraping — consider uploading PDF manually""}]",Texto 7,1.ª pasada,,,,,False
W7155028710,10.1007/978-3-032-19488-6_7,False,,closed,,Generative Reasoning Meets Multimodal Evaluation: A Novel Approach to Activity and Package Diagram Comparison in UML Modeling,1.0,,False,"[{""source"": ""unpaywall"", ""status"": 200, ""reason"": ""no OA location""}, {""source"": ""semantic_scholar"", ""status"": 429, ""reason"": ""HTTP 429""}, {""source"": ""pmc"", ""status"": 200, ""reason"": ""no PMCID found""}, {""source"": ""crossref_tdm"", ""reason"": ""no TDM links in CrossRef""}, {""source"": ""doi_resolve"", ""status"": 200, ""reason"": ""landing page accessible but full text requires HTML scraping — consider uploading PDF manually""}]",Texto 7,1.ª pasada,,,,,False
W7118182172,10.1007/s10515-025-00586-6,False,,closed,,An interactive and AI-enhanced framework for semi-automatically generating iStar goal models,1.0,,False,"[{""source"": ""unpaywall"", ""status"": 200, ""reason"": ""no OA location""}, {""source"": ""semantic_scholar"", ""status"": 429, ""reason"": ""HTTP 429""}, {""source"": ""pmc"", ""status"": 200, ""reason"": ""no PMCID found""}, {""source"": ""crossref_tdm"", ""reason"": ""no TDM link returned accessible content""}, {""source"": ""doi_resolve"", ""status"": 200, ""reason"": ""landing page accessible but full text requires HTML scraping — consider uploading PDF manually""}]",Texto 7,1.ª pasada,,,,,False
W7117966210,10.1007/978-3-032-08977-9_29,False,,closed,,Exploring Manifold-Based Clustering Techniques for Enhanced Inductive Thematic Analysis,1.0,,False,"[{""source"": ""unpaywall"", ""status"": 200, ""reason"": ""no OA location""}, {""source"": ""semantic_scholar"", ""status"": 429, ""reason"": ""HTTP 429""}, {""source"": ""pmc"", ""status"": 200, ""reason"": ""no PMCID found""}, {""source"": ""crossref_tdm"", ""reason"": ""no TDM links in CrossRef""}, {""source"": ""doi_resolve"", ""status"": 200, ""reason"": ""landing page accessible but full text requires HTML scraping — consider uploading PDF manually""}]",Texto 7,1.ª pasada,,,,,False
W4414219779,10.1007/978-3-032-04207-1_17,True,unpaywall,green,https://arxiv.org/pdf/2507.03405,Prompt Engineering Guidelines for Using Large Language Models in Requirements Engineering,1.0,53135,True,"[{""source"": ""unpaywall"", ""status"": 200}]",Texto 7,1.ª pasada,,,,,True
W4399267369,10.1007/978-3-031-60405-8_7,False,,closed,,Generating Specifications from Requirements Documents for Smart Devices Using Large Language Models (LLMs),1.0,,False,"[{""source"": ""unpaywall"", ""status"": 200, ""reason"": ""no OA location""}, {""source"": ""semantic_scholar"", ""status"": 429, ""reason"": ""HTTP 429""}, {""source"": ""pmc"", ""status"": 200, ""reason"": ""no PMCID found""}, {""source"": ""crossref_tdm"", ""reason"": ""no TDM links in CrossRef""}, {""source"": ""doi_resolve"", ""status"": 200, ""reason"": ""landing page accessible but full text requires HTML scraping — consider uploading PDF manually""}]",Texto 7,1.ª pasada,,,,,False
W7162113579,10.1007/s10664-026-10879-3,False,,closed,,"Machine learning, deep learning, or large language models: An empirical study on multi-label requirements classification",1.0,,False,"[{""source"": ""unpaywall"", ""status"": 200, ""reason"": ""no OA location""}, {""source"": ""semantic_scholar"", ""status"": 429, ""reason"": ""HTTP 429""}, {""source"": ""pmc"", ""status"": 200, ""reason"": ""no PMCID found""}, {""source"": ""crossref_tdm"", ""reason"": ""no TDM link returned accessible content""}, {""source"": ""doi_resolve"", ""status"": 200, ""reason"": ""landing page accessible but full text requires HTML scraping — consider uploading PDF manually""}]",Texto 7,1.ª pasada,,,,,False
W4403793718,10.1007/978-3-031-75872-0_16,False,,closed,,Establishing Traceability Between Natural Language Requirements and Software Artifacts by Combining RAG and LLMs,1.0,,False,"[{""source"": ""unpaywall"", ""status"": 200, ""reason"": ""no OA location""}, {""source"": ""semantic_scholar"", ""status"": 429, ""reason"": ""HTTP 429""}, {""source"": ""pmc"", ""status"": 200, ""reason"": ""no PMCID found""}, {""source"": ""crossref_tdm"", ""reason"": ""no TDM links in CrossRef""}, {""source"": ""doi_resolve"", ""status"": 200, ""reason"": ""landing page accessible but full text requires HTML scraping — consider uploading PDF manually""}]",Texto 7,1.ª pasada,,,,,False
W3128387226,10.1007/s42979-020-00427-1,False,,bronze,,Sentence Embedding Models for Similarity Detection of Software Requirements,1.0,,False,"[{""source"": ""unpaywall"", ""status"": 200, ""reason"": ""no OA location returned valid PDF""}, {""source"": ""semantic_scholar"", ""status"": 429, ""reason"": ""HTTP 429""}, {""source"": ""pmc"", ""status"": 200, ""reason"": ""no PMCID found""}, {""source"": ""crossref_tdm"", ""reason"": ""no TDM link returned accessible content""}, {""source"": ""doi_resolve"", ""status"": 200, ""reason"": ""landing page accessible but full text requires HTML scraping — consider uploading PDF manually""}]",Texto 7,1.ª pasada,,,,,False
W4404817948,10.1007/978-981-96-0617-7_1,False,,closed,,NL2CTL: Automatic Generation of Formal Requirements Specifications via Large Language Models,1.0,,False,"[{""source"": ""unpaywall"", ""status"": 200, ""reason"": ""no OA location""}, {""source"": ""semantic_scholar"", ""status"": 429, ""reason"": ""HTTP 429""}, {""source"": ""pmc"", ""status"": 200, ""reason"": ""no PMCID found""}, {""source"": ""crossref_tdm"", ""reason"": ""no TDM links in CrossRef""}, {""source"": ""doi_resolve"", ""status"": 200, ""reason"": ""landing page accessible but full text requires HTML scraping — consider uploading PDF manually""}]",Texto 7,1.ª pasada,,,,,False
W4410216440,10.1007/978-3-031-88220-3_8,False,,closed,,Large Language Models for Classification of Functional and Nonfunctional Requirements,1.0,,False,"[{""source"": ""unpaywall"", ""status"": 200, ""reason"": ""no OA location""}, {""source"": ""semantic_scholar"", ""status"": 429, ""reason"": ""HTTP 429""}, {""source"": ""pmc"", ""status"": 200, ""reason"": ""no PMCID found""}, {""source"": ""crossref_tdm"", ""reason"": ""no TDM links in CrossRef""}, {""source"": ""doi_resolve"", ""status"": 200, ""reason"": ""landing page accessible but full text requires HTML scraping — consider uploading PDF manually""}]",Texto 7,1.ª pasada,,,,,False
W7128388097,10.1007/978-3-032-15398-2_14,False,,closed,,Generating Functional Requirements Through Tailored LLM for Software Requirements,1.0,,False,"[{""source"": ""unpaywall"", ""status"": 200, ""reason"": ""no OA location""}, {""source"": ""semantic_scholar"", ""status"": 429, ""reason"": ""HTTP 429""}, {""source"": ""pmc"", ""status"": 200, ""reason"": ""no PMCID found""}, {""source"": ""crossref_tdm"", ""reason"": ""no TDM links in CrossRef""}, {""source"": ""doi_resolve"", ""status"": 200, ""reason"": ""landing page accessible but full text requires HTML scraping — consider uploading PDF manually""}]",Texto 7,1.ª pasada,,,,,False
W4408741271,10.1007/978-3-031-85849-9_4,False,,closed,,Exploring Classification Consistency of Natural Language Requirements Using GPT-4o,1.0,,False,"[{""source"": ""unpaywall"", ""status"": 200, ""reason"": ""no OA location""}, {""source"": ""semantic_scholar"", ""status"": 429, ""reason"": ""HTTP 429""}, {""source"": ""pmc"", ""status"": 200, ""reason"": ""no PMCID found""}, {""source"": ""crossref_tdm"", ""reason"": ""no TDM links in CrossRef""}, {""source"": ""doi_resolve"", ""status"": 200, ""reason"": ""landing page accessible but full text requires HTML scraping — consider uploading PDF manually""}]",Texto 7,1.ª pasada,,,,,False
W3010811253,10.1007/978-3-030-44429-7_15,False,,closed,,Automatic Word Embeddings-Based Glossary Term Extraction from Large-Sized Software Requirements,1.0,,False,"[{""source"": ""unpaywall"", ""status"": 200, ""reason"": ""no OA location""}, {""source"": ""semantic_scholar"", ""status"": 429, ""reason"": ""HTTP 429""}, {""source"": ""pmc"", ""status"": 200, ""reason"": ""no PMCID found""}, {""source"": ""crossref_tdm"", ""reason"": ""no TDM links in CrossRef""}, {""source"": ""doi_resolve"", ""status"": 200, ""reason"": ""landing page accessible but full text requires HTML scraping — consider uploading PDF manually""}]",Texto 7,1.ª pasada,,,,,False
W4391789117,10.1007/978-3-031-45648-0_17,False,,closed,,Identifying Valid User Stories Using BERT Pre-trained Natural Language Models,1.0,,False,"[{""source"": ""unpaywall"", ""status"": 200, ""reason"": ""no OA location""}, {""source"": ""semantic_scholar"", ""status"": 200, ""reason"": ""no openAccessPdf""}, {""source"": ""pmc"", ""status"": 200, ""reason"": ""no PMCID found""}, {""source"": ""crossref_tdm"", ""reason"": ""no TDM links in CrossRef""}, {""source"": ""doi_resolve"", ""status"": 200, ""reason"": ""landing page accessible but full text requires HTML scraping — consider uploading PDF manually""}]",Texto 8,1.ª pasada,,,,,False
W4415335640,10.1007/978-3-032-07995-4_18,False,,closed,,Automated Test Case Generation from Natural Language Requirements Using Large Language Models,1.0,,False,"[{""source"": ""unpaywall"", ""status"": 200, ""reason"": ""no OA location""}, {""source"": ""semantic_scholar"", ""status"": 404, ""reason"": ""HTTP 404""}, {""source"": ""pmc"", ""status"": 200, ""reason"": ""no PMCID found""}, {""source"": ""crossref_tdm"", ""reason"": ""no TDM links in CrossRef""}, {""source"": ""doi_resolve"", ""status"": 200, ""reason"": ""landing page accessible but full text requires HTML scraping — consider uploading PDF manually""}]",Texto 8,1.ª pasada,,,,,False
W4225728316,10.1007/978-3-030-99587-4_15,False,,closed,,Software Functional and Non-function Requirement Classification Using Word-Embedding,1.0,,False,"[{""source"": ""unpaywall"", ""status"": 200, ""reason"": ""no OA location""}, {""source"": ""semantic_scholar"", ""status"": 200, ""reason"": ""no openAccessPdf""}, {""source"": ""pmc"", ""status"": 200, ""reason"": ""no PMCID found""}, {""source"": ""crossref_tdm"", ""reason"": ""no TDM links in CrossRef""}, {""source"": ""doi_resolve"", ""status"": 200, ""reason"": ""landing page accessible but full text requires HTML scraping — consider uploading PDF manually""}]",Texto 8,1.ª pasada,,,,,False
W7104639250,10.1007/978-981-95-4213-0_6,False,,closed,,Formalizing Requirements into Dafny Specifications with LLMs,1.0,,False,"[{""source"": ""unpaywall"", ""status"": 200, ""reason"": ""no OA location""}, {""source"": ""semantic_scholar"", ""status"": 200, ""reason"": ""no openAccessPdf""}, {""source"": ""pmc"", ""status"": 200, ""reason"": ""no PMCID found""}, {""source"": ""crossref_tdm"", ""reason"": ""no TDM links in CrossRef""}, {""source"": ""doi_resolve"", ""status"": 200, ""reason"": ""landing page accessible but full text requires HTML scraping — consider uploading PDF manually""}]",Texto 8,1.ª pasada,,,,,False
W7127047789,10.1007/978-3-032-11358-0_6,False,,closed,,Generation of Software Requirements from User Feedback Combining ML and LLMs,1.0,,False,"[{""source"": ""unpaywall"", ""status"": 200, ""reason"": ""no OA location""}, {""source"": ""semantic_scholar"", ""status"": 200, ""reason"": ""no openAccessPdf""}, {""source"": ""pmc"", ""status"": 200, ""reason"": ""no PMCID found""}, {""source"": ""crossref_tdm"", ""reason"": ""no TDM links in CrossRef""}, {""source"": ""doi_resolve"", ""status"": 200, ""reason"": ""landing page accessible but full text requires HTML scraping — consider uploading PDF manually""}]",Texto 8,1.ª pasada,,,,,False
W4385783348,10.1007/s00521-023-08833-1,False,,closed,,MNoR-BERT: multi-label classification of non-functional requirements using BERT,1.0,,False,"[{""source"": ""unpaywall"", ""status"": 200, ""reason"": ""no OA location""}, {""source"": ""semantic_scholar"", ""status"": 200, ""reason"": ""no openAccessPdf""}, {""source"": ""pmc"", ""status"": 200, ""reason"": ""no PMCID found""}, {""source"": ""crossref_tdm"", ""reason"": ""no TDM link returned accessible content""}, {""source"": ""doi_resolve"", ""status"": 200, ""reason"": ""landing page accessible but full text requires HTML scraping — consider uploading PDF manually""}]",Texto 8,1.ª pasada,,,,,False
W4408972023,10.1007/978-981-96-3161-2_6,False,,,,,,,False,"[{""source"": ""crossref"", ""status"": 502, ""reason"": ""CrossRef lookup failed — cannot verify DOI exists""}]",Texto 8,1.ª pasada,,,,,False
W4414067340,10.1007/s00607-025-01546-4,False,,closed,,Enhancing software requirements classification: a comparative study of deep learning model integration with embedding techniques,1.0,,False,"[{""source"": ""unpaywall"", ""status"": 200, ""reason"": ""no OA location""}, {""source"": ""semantic_scholar"", ""status"": 200, ""reason"": ""no openAccessPdf""}, {""source"": ""pmc"", ""status"": 200, ""reason"": ""no PMCID found""}, {""source"": ""crossref_tdm"", ""reason"": ""no TDM link returned accessible content""}, {""source"": ""doi_resolve"", ""status"": 200, ""reason"": ""landing page accessible but full text requires HTML scraping — consider uploading PDF manually""}]",Texto 8,1.ª pasada,,,,,False
W4405826651,10.20537/2076-7633-2024-16-7-1703-1713,True,unpaywall,gold,https://crm.ics.org.ru/uploads/crmissues/crm_2024_7/22_Salem.pdf,Generating database schema from requirement specification based on natural language processing and large language model,1.0,33249,True,"[{""source"": ""unpaywall"", ""status"": 200}]",Texto 8,1.ª pasada,,,,,True
W4362514913,10.1007/978-3-031-29786-1_7,False,,closed,,Using Language Models for Enhancing the Completeness of Natural-Language Requirements,1.0,,False,"[{""source"": ""unpaywall"", ""status"": 200, ""reason"": ""no OA location""}, {""source"": ""semantic_scholar"", ""status"": 404, ""reason"": ""HTTP 404""}, {""source"": ""pmc"", ""status"": 200, ""reason"": ""no PMCID found""}, {""source"": ""crossref_tdm"", ""reason"": ""no TDM links in CrossRef""}, {""source"": ""doi_resolve"", ""status"": 200, ""reason"": ""landing page accessible but full text requires HTML scraping — consider uploading PDF manually""}]",Texto 8,1.ª pasada,,,,,False
W7140210573,10.1007/978-3-032-21423-2_11,False,,closed,,From Online User Feedback to Requirements: Evaluating Large Language Models for Classification and Specification Tasks,1.0,,False,"[{""source"": ""unpaywall"", ""status"": 200, ""reason"": ""no OA location""}, {""source"": ""semantic_scholar"", ""status"": 200, ""reason"": ""no openAccessPdf""}, {""source"": ""pmc"", ""status"": 200, ""reason"": ""no PMCID found""}, {""source"": ""crossref_tdm"", ""reason"": ""no TDM links in CrossRef""}, {""source"": ""doi_resolve"", ""status"": 200, ""reason"": ""landing page accessible but full text requires HTML scraping — consider uploading PDF manually""}]",Texto 8,1.ª pasada,,,,,True
W2559914084,10.1007/s12204-016-1783-3,False,,closed,,Automatic semantic analysis of software requirements through machine learning and ontology approach,1.0,,False,"[{""source"": ""unpaywall"", ""status"": 200, ""reason"": ""no OA location""}, {""source"": ""semantic_scholar"", ""status"": 200, ""reason"": ""no openAccessPdf""}, {""source"": ""pmc"", ""status"": 200, ""reason"": ""no PMCID found""}, {""source"": ""crossref_tdm"", ""reason"": ""no TDM link returned accessible content""}, {""source"": ""doi_resolve"", ""status"": 200, ""reason"": ""landing page accessible but full text requires HTML scraping — consider uploading PDF manually""}]",Texto 8,1.ª pasada,,,,,False
W4409101194,10.1007/978-3-031-86698-2_37,False,,closed,,Using LLMs to Analyze Software Requirements for Software Testing: A Comparative Study,1.0,,False,"[{""source"": ""unpaywall"", ""status"": 200, ""reason"": ""no OA location""}, {""source"": ""semantic_scholar"", ""status"": 404, ""reason"": ""HTTP 404""}, {""source"": ""pmc"", ""status"": 200, ""reason"": ""no PMCID found""}, {""source"": ""crossref_tdm"", ""reason"": ""no TDM links in CrossRef""}, {""source"": ""doi_resolve"", ""status"": 200, ""reason"": ""landing page accessible but full text requires HTML scraping — consider uploading PDF manually""}]",Texto 8,1.ª pasada,,,,,False
W2946678736,10.1007/s00521-019-04226-5,False,,closed,,Extraction of non-functional requirement using semantic similarity distance,1.0,,False,"[{""source"": ""unpaywall"", ""status"": 200, ""reason"": ""no OA location""}, {""source"": ""semantic_scholar"", ""status"": 200, ""reason"": ""no openAccessPdf""}, {""source"": ""pmc"", ""status"": 200, ""reason"": ""no PMCID found""}, {""source"": ""crossref_tdm"", ""reason"": ""no TDM link returned accessible content""}, {""source"": ""doi_resolve"", ""status"": 200, ""reason"": ""landing page accessible but full text requires HTML scraping — consider uploading PDF manually""}]",Texto 8,1.ª pasada,,,,,False
W4289229516,10.1007/978-981-19-2347-0_34,False,,closed,,BERT-Based Secure and Smart Management System for Processing Software Development Requirements from Security Perspective,1.0,,False,"[{""source"": ""unpaywall"", ""status"": 200, ""reason"": ""no OA location""}, {""source"": ""semantic_scholar"", ""status"": 404, ""reason"": ""HTTP 404""}, {""source"": ""pmc"", ""status"": 200, ""reason"": ""no PMCID found""}, {""source"": ""crossref_tdm"", ""reason"": ""no TDM links in CrossRef""}, {""source"": ""doi_resolve"", ""status"": 200, ""reason"": ""landing page accessible but full text requires HTML scraping — consider uploading PDF manually""}]",Texto 8,1.ª pasada,,,,,False
W7134960710,10.1007/s13198-026-03178-z,False,,closed,,XAI-driven requirement risk classification using transformer-based models,1.0,,False,"[{""source"": ""unpaywall"", ""status"": 200, ""reason"": ""no OA location""}, {""source"": ""semantic_scholar"", ""status"": 200, ""reason"": ""no openAccessPdf""}, {""source"": ""pmc"", ""status"": 200, ""reason"": ""no PMCID found""}, {""source"": ""crossref_tdm"", ""reason"": ""no TDM link returned accessible content""}, {""source"": ""doi_resolve"", ""status"": 200, ""reason"": ""landing page accessible but full text requires HTML scraping — consider uploading PDF manually""}]",Texto 8,1.ª pasada,,,,,False
W4362513803,10.1007/978-3-031-29786-1_10,False,,closed,,Ontology-Based Automatic Reasoning and NLP for Tracing Software Requirements into Models with the OntoTrace Tool,1.0,,False,"[{""source"": ""unpaywall"", ""status"": 200, ""reason"": ""no OA location""}, {""source"": ""semantic_scholar"", ""status"": 200, ""reason"": ""no openAccessPdf""}, {""source"": ""pmc"", ""status"": 200, ""reason"": ""no PMCID found""}, {""source"": ""crossref_tdm"", ""reason"": ""no TDM links in CrossRef""}, {""source"": ""doi_resolve"", ""status"": 200, ""reason"": ""landing page accessible but full text requires HTML scraping — consider uploading PDF manually""}]",Texto 8,1.ª pasada,,,,,False
W7148319347,10.1007/978-3-032-21631-1_22,False,,closed,,FSTG: Few-Shot Test Case Generation from Use Case Specifications Using Large Language Models,1.0,,False,"[{""source"": ""unpaywall"", ""status"": 200, ""reason"": ""no OA location""}, {""source"": ""semantic_scholar"", ""status"": 404, ""reason"": ""HTTP 404""}, {""source"": ""pmc"", ""status"": 200, ""reason"": ""no PMCID found""}, {""source"": ""crossref_tdm"", ""reason"": ""no TDM links in CrossRef""}, {""source"": ""doi_resolve"", ""status"": 200, ""reason"": ""landing page accessible but full text requires HTML scraping — consider uploading PDF manually""}]",Texto 8,1.ª pasada,,,,,False
W4416142042,10.1007/978-981-95-4213-0_11,False,,closed,,A Test-Driven Approach for Refining Use Case Specifications of Software Requirements with LLMs,1.0,,False,"[{""source"": ""unpaywall"", ""status"": 200, ""reason"": ""no OA location""}, {""source"": ""semantic_scholar"", ""status"": 200, ""reason"": ""no openAccessPdf""}, {""source"": ""pmc"", ""status"": 200, ""reason"": ""no PMCID found""}, {""source"": ""crossref_tdm"", ""reason"": ""no TDM links in CrossRef""}, {""source"": ""doi_resolve"", ""status"": 200, ""reason"": ""landing page accessible but full text requires HTML scraping — consider uploading PDF manually""}]",Texto 8,1.ª pasada,,,,,False
W7160260692,10.1016/j.eswa.2026.132726,False,,closed,,RequiBERT: Transfer learning for software requirements classifications,1.0,,False,"[{""source"": ""unpaywall"", ""status"": 200, ""reason"": ""no OA location""}, {""source"": ""semantic_scholar"", ""status"": 200, ""reason"": ""no openAccessPdf""}, {""source"": ""pmc"", ""status"": 200, ""reason"": ""no PMCID found""}, {""source"": ""crossref_tdm"", ""reason"": ""no TDM link returned accessible content""}, {""source"": ""doi_resolve"", ""status"": 200, ""reason"": ""landing page accessible but full text requires HTML scraping — consider uploading PDF manually""}]",Texto 8,1.ª pasada,,,,,False
W4362514045,10.1007/978-3-031-29786-1_11,False,,green,,Requirements Classification Using FastText and BETO in Spanish Documents,1.0,,False,"[{""source"": ""unpaywall"", ""status"": 200, ""reason"": ""no OA location""}, {""source"": ""semantic_scholar"", ""reason"": ""URL returned text/html;charset=UTF-8, not a PDF""}, {""source"": ""pmc"", ""status"": 200, ""reason"": ""no PMCID found""}, {""source"": ""crossref_tdm"", ""reason"": ""no TDM links in CrossRef""}, {""source"": ""doi_resolve"", ""status"": 200, ""reason"": ""landing page accessible but full text requires HTML scraping — consider uploading PDF manually""}]",Texto 8,1.ª pasada,,,,,False
W4366523435,10.1016/j.compeleceng.2023.108699,False,,closed,,Improving BERT model for requirements classification by bidirectional LSTM-CNN deep model,1.0,,False,"[{""source"": ""unpaywall"", ""status"": 200, ""reason"": ""no OA location""}, {""source"": ""semantic_scholar"", ""status"": 200, ""reason"": ""no openAccessPdf""}, {""source"": ""pmc"", ""status"": 200, ""reason"": ""no PMCID found""}, {""source"": ""crossref_tdm"", ""reason"": ""no TDM link returned accessible content""}, {""source"": ""doi_resolve"", ""status"": 200, ""reason"": ""landing page accessible but full text requires HTML scraping — consider uploading PDF manually""}]",Texto 8,1.ª pasada,,,,,False
W4212916849,10.1007/s41870-022-00884-2,False,,closed,,MUCE: a multilingual use case model extractor using GPT-3,1.0,,False,"[{""source"": ""unpaywall"", ""status"": 200, ""reason"": ""no OA location""}, {""source"": ""semantic_scholar"", ""status"": 200, ""reason"": ""no openAccessPdf""}, {""source"": ""pmc"", ""status"": 200, ""reason"": ""no PMCID found""}, {""source"": ""crossref_tdm"", ""reason"": ""no TDM link returned accessible content""}, {""source"": ""doi_resolve"", ""status"": 200, ""reason"": ""landing page accessible but full text requires HTML scraping — consider uploading PDF manually""}]",Texto 8,1.ª pasada,,,,,False
W4413240428,10.1007/978-3-031-95127-5_25,False,,closed,,Enhancing Software Requirements Quality: Ambiguity Detection and Resolution Using Large Language Models,1.0,,False,"[{""source"": ""unpaywall"", ""status"": 200, ""reason"": ""no OA location""}, {""source"": ""semantic_scholar"", ""status"": 404, ""reason"": ""HTTP 404""}, {""source"": ""pmc"", ""status"": 200, ""reason"": ""no PMCID found""}, {""source"": ""crossref_tdm"", ""reason"": ""no TDM links in CrossRef""}, {""source"": ""doi_resolve"", ""status"": 200, ""reason"": ""landing page accessible but full text requires HTML scraping — consider uploading PDF manually""}]",Texto 8,1.ª pasada,,,,,False
W4413069345,10.1007/978-3-031-96099-4_6,False,,closed,,Building Ontology from Requirement Boilerplates Using Natural Language Processing,1.0,,False,"[{""source"": ""unpaywall"", ""status"": 200, ""reason"": ""no OA location""}, {""source"": ""semantic_scholar"", ""status"": 404, ""reason"": ""HTTP 404""}, {""source"": ""pmc"", ""status"": 200, ""reason"": ""no PMCID found""}, {""source"": ""crossref_tdm"", ""reason"": ""no TDM links in CrossRef""}, {""source"": ""doi_resolve"", ""status"": 200, ""reason"": ""landing page accessible but full text requires HTML scraping — consider uploading PDF manually""}]",Texto 8,1.ª pasada,,,,,False
W7167472303,10.1007/978-3-032-30693-7_1,False,,closed,,Automated Trace Link Recovery Between Natural Language Requirements and Formal Specifications via LLMs,1.0,,False,"[{""source"": ""unpaywall"", ""status"": 200, ""reason"": ""no OA location""}, {""source"": ""semantic_scholar"", ""status"": 200, ""reason"": ""no openAccessPdf""}, {""source"": ""pmc"", ""status"": 200, ""reason"": ""no PMCID found""}, {""source"": ""crossref_tdm"", ""reason"": ""no TDM links in CrossRef""}, {""source"": ""doi_resolve"", ""status"": 200, ""reason"": ""landing page accessible but full text requires HTML scraping — consider uploading PDF manually""}]",Texto 8,1.ª pasada,,,,,False
W4408287838,10.1007/978-3-031-76459-2_35,False,,,,,,,False,"[{""source"": ""crossref"", ""status"": 502, ""reason"": ""CrossRef lookup failed — cannot verify DOI exists""}]",Texto 8,1.ª pasada,,,,,False
W4411959419,10.1007/978-3-031-85316-6_2,False,,closed,,Towards Conversational Requirements Engineering: Detecting Defects in Requirements Using Large Language Models,1.0,,False,"[{""source"": ""unpaywall"", ""status"": 200, ""reason"": ""no OA location""}, {""source"": ""semantic_scholar"", ""status"": 200, ""reason"": ""no openAccessPdf""}, {""source"": ""pmc"", ""status"": 200, ""reason"": ""no PMCID found""}, {""source"": ""crossref_tdm"", ""reason"": ""no TDM links in CrossRef""}, {""source"": ""doi_resolve"", ""status"": 200, ""reason"": ""landing page accessible but full text requires HTML scraping — consider uploading PDF manually""}]",Texto 8,1.ª pasada,,,,,False
W4409623070,10.1007/s10844-025-00939-3,False,,closed,,Evaluating user story quality with LLMs: a comparative study,1.0,,False,"[{""source"": ""unpaywall"", ""status"": 200, ""reason"": ""no OA location""}, {""source"": ""semantic_scholar"", ""status"": 200, ""reason"": ""no openAccessPdf""}, {""source"": ""pmc"", ""status"": 200, ""reason"": ""no PMCID found""}, {""source"": ""crossref_tdm"", ""reason"": ""no TDM link returned accessible content""}, {""source"": ""doi_resolve"", ""status"": 200, ""reason"": ""landing page accessible but full text requires HTML scraping — consider uploading PDF manually""}]",Texto 8,1.ª pasada,,,,,False
D-W4415776450,10.1007/s10664-025-10736-9,True,unpaywall,hybrid,https://link.springer.com/content/pdf/10.1007/s10664-025-10736-9.pdf,Improving the Multi-Class Classification of Non-Functional Requirements in Spanish: A Study of Dataset Balancing and Performance,1.0,150855,True,"[{""source"": ""unpaywall"", ""status"": 200}]",Texto 8,1.ª pasada,,,,,True
W4410357310,10.1145/3672608.3707758,False,,gold,,SimRE: A Requirements Similarity Tool for Software Product Lines,1.0,,False,"[{""source"": ""unpaywall"", ""status"": 200, ""reason"": ""no OA location returned valid PDF""}, {""source"": ""semantic_scholar"", ""reason"": ""PDF fetch failed: 403""}, {""source"": ""pmc"", ""status"": 200, ""reason"": ""no PMCID found""}, {""source"": ""crossref_tdm"", ""reason"": ""no TDM link returned accessible content""}, {""source"": ""doi_resolve"", ""status"": 403, ""reason"": ""HTTP 403""}]",Texto 8,1.ª pasada,,,,,True
W4406905466,10.12957/cadinf.2024.87935,True,unpaywall,gold,https://www.e-publicacoes.uerj.br/cadinf/article/download/87935/53056,Evaluation of natural language processing models to measure similarity between scenarios written in Spanish,1.0,39307,True,"[{""source"": ""unpaywall"", ""status"": 200}]",Texto 8,1.ª pasada,,,,,True
K-N8,10.29007/b8sk,False,,,,,,,False,"[{""source"": ""crossref"", ""status"": 502, ""reason"": ""CrossRef lookup failed — cannot verify DOI exists""}]",Texto 8,1.ª pasada,,,,,True
K-N4,10.52591/lxai202312103,True,doi_resolve,gold,https://research.latinxinai.org/papers/neurips/2023/pdf/Maria_Limaylla-Lunarejo.pdf,Evaluating Non-Functional Requirements Classification for Spanish Text: Traditional vs. Deep Learning Approaches,1.0,24340,True,"[{""source"": ""unpaywall"", ""status"": 200, ""reason"": ""no OA location returned valid PDF""}, {""source"": ""semantic_scholar"", ""reason"": ""URL is a DOI redirect, not a direct PDF""}, {""source"": ""pmc"", ""status"": 200, ""reason"": ""no PMCID found""}, {""source"": ""crossref_tdm"", ""reason"": ""no TDM links in CrossRef""}, {""source"": ""doi_resolve"", ""status"": 200}]",Texto 8,1.ª pasada,,,,,True
D-W7152448926,10.1016/j.jss.2026.112858,False,,hybrid,,Automatic criteria for prioritizing software requirements in Spanish projects,1.0,,False,"[{""source"": ""unpaywall"", ""status"": 200, ""reason"": ""no OA location""}, {""source"": ""semantic_scholar"", ""reason"": ""URL is a DOI redirect, not a direct PDF""}, {""source"": ""pmc"", ""status"": 200, ""reason"": ""no PMCID found""}, {""source"": ""crossref_tdm"", ""reason"": ""no TDM link returned accessible content""}, {""source"": ""doi_resolve"", ""status"": 200, ""reason"": ""landing page accessible but full text requires HTML scraping — consider uploading PDF manually""}]",Texto 8,1.ª pasada,,,,,False
K-N3,10.1109/re54965.2022.00039,False,,closed,,Towards an automatic requirements classification in a new Spanish dataset,1.0,,False,"[{""source"": ""unpaywall"", ""status"": 200, ""reason"": ""no OA location""}, {""source"": ""semantic_scholar"", ""status"": 200, ""reason"": ""no openAccessPdf""}, {""source"": ""pmc"", ""status"": 200, ""reason"": ""no PMCID found""}, {""source"": ""crossref_tdm"", ""reason"": ""no TDM links in CrossRef""}, {""source"": ""doi_resolve"", ""status"": 202, ""reason"": ""HTTP 202""}]",Texto 8,1.ª pasada,,,,,False
K-N6,10.17979/spudc.000024.30,True,unpaywall,gold,https://ruc.udc.es/bitstreams/77068ae6-01da-468b-9847-3f1ab78a161b/download,Towards a FAIR Dataset for Spanish Non-Functional Requirements,1.0,14560,True,"[{""source"": ""unpaywall"", ""status"": 200}]",Texto 8,1.ª pasada,,,,,True
K-N7,10.1145/3555776.3578611,False,,gold,,Towards a FAIR Dataset for non-functional requirements,1.0,,False,"[{""source"": ""unpaywall"", ""status"": 200, ""reason"": ""no OA location returned valid PDF""}, {""source"": ""semantic_scholar"", ""reason"": ""PDF fetch failed: 403""}, {""source"": ""pmc"", ""status"": 200, ""reason"": ""no PMCID found""}, {""source"": ""crossref_tdm"", ""reason"": ""no TDM link returned accessible content""}, {""source"": ""doi_resolve"", ""status"": 403, ""reason"": ""HTTP 403""}]",Texto 8,1.ª pasada,,,,,False
K-N2,10.4067/s0718-33052020000400565,False,,gold,,Método para la representación semi-automática de modelos conceptuales desde documentos de negocio escritos en lenguaje natural en español,1.0,,False,"[{""source"": ""unpaywall"", ""status"": 200, ""reason"": ""no OA location returned valid PDF""}, {""source"": ""semantic_scholar"", ""reason"": ""URL is a DOI redirect, not a direct PDF""}, {""source"": ""pmc"", ""status"": 200, ""reason"": ""no PMCID found""}, {""source"": ""crossref_tdm"", ""reason"": ""no TDM links in CrossRef""}, {""source"": ""doi_resolve"", ""status"": 200, ""reason"": ""landing page accessible but full text requires HTML scraping — consider uploading PDF manually""}]",Texto 8,1.ª pasada,,,,,False
K-N18,10.5281/zenodo.20247564,False,,,,,,,False,"[{""source"": ""crossref"", ""status"": 404, ""reason"": ""DOI not found in CrossRef — may be invalid or not yet registered""}]",Texto 8,1.ª pasada,,,,,True
W4212920838,10.5539/cis.v15n2p15,True,unpaywall,gold,https://ccsenet.org/journal/index.php/cis/article/download/0/0/46751/49958,Transcendental Logic-Based Formalism for Semantic Representation of Software Project Requirements Architecture,1.0,110095,True,"[{""source"":""unpaywall"",""status"":200}]",Reintento 1,reintento,,,,,True
W395385492,10.1007/978-3-319-15618-7_13,False,,closed,,A Security Ontology for Security Requirements Elicitation,1.0,,False,"[{""source"":""unpaywall"",""status"":200,""reason"":""no OA location""},{""source"":""semantic_scholar"",""status"":200,""reason"":""no openAccessPdf""},{""source"":""pmc"",""status"":200,""reason"":""no PMCID found""},{""source"":""crossref_tdm"",""reason"":""no TDM links in CrossRef""},{""source"":""doi_resolve"",""status"":200,""reason"":""landing page accessible but full text requires HTML scraping — consider uploading PDF manually""}]",Reintento 1,reintento,,,,,False
W2520262450,10.1007/978-981-10-2419-1_19,False,,closed,,Requirements Engineering for Pervasive Games Based Smart Learning Systems,1.0,,False,"[{""source"":""unpaywall"",""status"":200,""reason"":""no OA location""},{""source"":""semantic_scholar"",""status"":200,""reason"":""no openAccessPdf""},{""source"":""pmc"",""status"":200,""reason"":""no PMCID found""},{""source"":""crossref_tdm"",""reason"":""no TDM links in CrossRef""},{""source"":""doi_resolve"",""status"":200,""reason"":""landing page accessible but full text requires HTML scraping — consider uploading PDF manually""}]",Reintento 1,reintento,,,,,False
W2611816619,10.1109/skima.2016.7916218,False,,closed,,Using ontology to enhance requirement engineering in agile software process,1.0,,False,"[{""source"":""unpaywall"",""status"":200,""reason"":""no OA location""},{""source"":""semantic_scholar"",""status"":200,""reason"":""no openAccessPdf""},{""source"":""pmc"",""status"":200,""reason"":""no PMCID found""},{""source"":""crossref_tdm"",""reason"":""no TDM links in CrossRef""},{""source"":""doi_resolve"",""status"":202,""reason"":""HTTP 202""}]",Reintento 1,reintento,,,,,False
W2606487253,10.1007/978-3-319-57955-9_3,False,,closed,,Adding Quality of Information to the Ontological Model of an Enterprise,1.0,,False,"[{""source"":""unpaywall"",""status"":200,""reason"":""no OA location""},{""source"":""semantic_scholar"",""status"":200,""reason"":""no openAccessPdf""},{""source"":""pmc"",""status"":200,""reason"":""no PMCID found""},{""source"":""crossref_tdm"",""reason"":""no TDM links in CrossRef""},{""source"":""doi_resolve"",""status"":200,""reason"":""landing page accessible but full text requires HTML scraping — consider uploading PDF manually""}]",Reintento 1,reintento,,,,,False
W2614145427,10.1007/978-3-319-58694-6_39,False,,closed,,Ontology Learning from Software Requirements Specification (SRS),1.0,,False,"[{""source"":""unpaywall"",""status"":200,""reason"":""no OA location""},{""source"":""semantic_scholar"",""status"":200,""reason"":""no openAccessPdf""},{""source"":""pmc"",""status"":200,""reason"":""no PMCID found""},{""source"":""crossref_tdm"",""reason"":""no TDM links in CrossRef""},{""source"":""doi_resolve"",""status"":200,""reason"":""landing page accessible but full text requires HTML scraping — consider uploading PDF manually""}]",Reintento 1,reintento,,,,,False
D-W3153301358,10.24133/infociencia.v9i1.976,False,,,,,,,False,"[{""source"":""crossref"",""status"":404,""reason"":""DOI not found in CrossRef — may be invalid or not yet registered""}]",Reintento 1,reintento,,,,,False
W2999060535,10.1007/978-3-030-35510-4_6,False,,closed,,Semantic Similarities in Natural Language Requirements,1.0,,False,"[{""source"":""unpaywall"",""status"":200,""reason"":""no OA location""},{""source"":""semantic_scholar"",""status"":200,""reason"":""no openAccessPdf""},{""source"":""pmc"",""status"":200,""reason"":""no PMCID found""},{""source"":""crossref_tdm"",""reason"":""no TDM links in CrossRef""},{""source"":""doi_resolve"",""status"":200,""reason"":""landing page accessible but full text requires HTML scraping — consider uploading PDF manually""}]",Reintento 1,reintento,,,,,False
W4241863337,10.1007/s10009-019-00542-2,False,,closed,,Modeling the hybrid ERTMS/ETCS level 3 standard using a formal requirements engineering approach,1.0,,False,"[{""source"":""unpaywall"",""status"":200,""reason"":""no OA location""},{""source"":""semantic_scholar"",""status"":200,""reason"":""no openAccessPdf""},{""source"":""pmc"",""status"":200,""reason"":""no PMCID found""},{""source"":""crossref_tdm"",""reason"":""no TDM link returned accessible content""},{""source"":""doi_resolve"",""status"":200,""reason"":""landing page accessible but full text requires HTML scraping — consider uploading PDF manually""}]",Reintento 1,reintento,,,,,False
W2982252666,10.1007/978-3-030-34146-6_15,False,,closed,,GORO 2.0: Evolving an Ontology for Goal-Oriented Requirements Engineering,1.0,,False,"[{""source"":""unpaywall"",""status"":200,""reason"":""no OA location""},{""source"":""semantic_scholar"",""status"":200,""reason"":""no openAccessPdf""},{""source"":""pmc"",""status"":200,""reason"":""no PMCID found""},{""source"":""crossref_tdm"",""reason"":""no TDM links in CrossRef""},{""source"":""doi_resolve"",""status"":200,""reason"":""landing page accessible but full text requires HTML scraping — consider uploading PDF manually""}]",Reintento 1,reintento,,,,,False
W2995822904,10.1007/978-3-030-37487-7_17,False,,closed,,An Ontology-Based Approach to the Agile Requirements Engineering,1.0,,False,"[{""source"":""unpaywall"",""status"":200,""reason"":""no OA location""},{""source"":""semantic_scholar"",""status"":200,""reason"":""no openAccessPdf""},{""source"":""pmc"",""status"":200,""reason"":""no PMCID found""},{""source"":""crossref_tdm"",""reason"":""no TDM links in CrossRef""},{""source"":""doi_resolve"",""status"":200,""reason"":""landing page accessible but full text requires HTML scraping — consider uploading PDF manually""}]",Reintento 1,reintento,,,,,False
W3014599045,10.1007/978-3-030-30106-4_3,False,,closed,,Modeling Software Requirements,1.0,,False,"[{""source"":""unpaywall"",""status"":200,""reason"":""no OA location""},{""source"":""semantic_scholar"",""status"":200,""reason"":""no openAccessPdf""},{""source"":""pmc"",""status"":200,""reason"":""no PMCID found""},{""source"":""crossref_tdm"",""reason"":""no TDM links in CrossRef""},{""source"":""doi_resolve"",""status"":200,""reason"":""landing page accessible but full text requires HTML scraping — consider uploading PDF manually""}]",Reintento 1,reintento,,,,,False
W3004827127,10.1007/s00500-020-04688-z,False,,closed,,Formal modelling of OWL ontologies-based requirements for the development of safe and secure smart city systems,1.0,,False,"[{""source"":""unpaywall"",""status"":200,""reason"":""no OA location""},{""source"":""semantic_scholar"",""status"":200,""reason"":""no openAccessPdf""},{""source"":""pmc"",""status"":200,""reason"":""no PMCID found""},{""source"":""crossref_tdm"",""reason"":""no TDM link returned accessible content""},{""source"":""doi_resolve"",""status"":200,""reason"":""landing page accessible but full text requires HTML scraping — consider uploading PDF manually""}]",Reintento 1,reintento,,,,,False
W3186665505,10.1007/s10515-021-00291-0,False,,closed,,Natural language ambiguity resolution by intelligent semantic annotation of software requirements,1.0,,False,"[{""source"":""unpaywall"",""status"":200,""reason"":""no OA location""},{""source"":""semantic_scholar"",""status"":200,""reason"":""no openAccessPdf""},{""source"":""pmc"",""status"":200,""reason"":""no PMCID found""},{""source"":""crossref_tdm"",""reason"":""no TDM link returned accessible content""},{""source"":""doi_resolve"",""status"":200,""reason"":""landing page accessible but full text requires HTML scraping — consider uploading PDF manually""}]",Reintento 1,reintento,,,,,False
W3216278056,10.1007/s10515-021-00301-1,False,,closed,,Opinion mining for app reviews: an analysis of textual representation and predictive models,1.0,,False,"[{""source"":""unpaywall"",""status"":200,""reason"":""no OA location""},{""source"":""semantic_scholar"",""status"":200,""reason"":""no openAccessPdf""},{""source"":""pmc"",""status"":200,""reason"":""no PMCID found""},{""source"":""crossref_tdm"",""reason"":""no TDM link returned accessible content""},{""source"":""doi_resolve"",""status"":200,""reason"":""landing page accessible but full text requires HTML scraping — consider uploading PDF manually""}]",Reintento 1,reintento,,,,,False
W4377964933,10.1007/978-3-031-30031-8_6,False,,closed,,"Research Philosophy, Design and Methodology",1.0,,False,"[{""source"":""unpaywall"",""status"":200,""reason"":""no OA location""},{""source"":""semantic_scholar"",""status"":404,""reason"":""HTTP 404""},{""source"":""pmc"",""status"":200,""reason"":""no PMCID found""},{""source"":""crossref_tdm"",""reason"":""no TDM links in CrossRef""},{""source"":""doi_resolve"",""status"":200,""reason"":""landing page accessible but full text requires HTML scraping — consider uploading PDF manually""}]",Reintento 1,reintento,,,,,False
W4400806047,10.1007/s00766-024-00428-z,False,,closed,,A natural language-based method to specify privacy requirements: an evaluation with practitioners,1.0,,False,"[{""source"":""unpaywall"",""status"":200,""reason"":""no OA location""},{""source"":""semantic_scholar"",""status"":200,""reason"":""no openAccessPdf""},{""source"":""pmc"",""status"":200,""reason"":""no PMCID found""},{""source"":""crossref_tdm"",""reason"":""no TDM link returned accessible content""},{""source"":""doi_resolve"",""status"":200,""reason"":""landing page accessible but full text requires HTML scraping — consider uploading PDF manually""}]",Reintento 1,reintento,,,,,False
W4399906620,10.1007/s10515-024-00448-7,False,,closed,,SimAC: simulating agile collaboration to generate acceptance criteria in user story elaboration,1.0,,False,"[{""source"":""unpaywall"",""status"":200,""reason"":""no OA location""},{""source"":""semantic_scholar"",""status"":200,""reason"":""no openAccessPdf""},{""source"":""pmc"",""status"":200,""reason"":""no PMCID found""},{""source"":""crossref_tdm"",""reason"":""no TDM link returned accessible content""},{""source"":""doi_resolve"",""status"":200,""reason"":""landing page accessible but full text requires HTML scraping — consider uploading PDF manually""}]",Reintento 1,reintento,,,,,False
W4404878293,10.1007/978-3-031-72107-6_13,False,,closed,,Agent-Oriented Modeling for the Age of AI: Nine Pivots Toward a Reconceptualization of Requirements Engineering,1.0,,False,"[{""source"":""unpaywall"",""status"":200,""reason"":""no OA location""},{""source"":""semantic_scholar"",""status"":200,""reason"":""no openAccessPdf""},{""source"":""pmc"",""status"":200,""reason"":""no PMCID found""},{""source"":""crossref_tdm"",""reason"":""no TDM links in CrossRef""},{""source"":""doi_resolve"",""status"":200,""reason"":""landing page accessible but full text requires HTML scraping — consider uploading PDF manually""}]",Reintento 1,reintento,,,,,False
W4402675603,10.1016/j.infsof.2024.107584,False,,closed,,A search-and-fill strategy to code generation for complex software requirements,1.0,,False,"[{""source"":""unpaywall"",""status"":200,""reason"":""no OA location""},{""source"":""semantic_scholar"",""status"":200,""reason"":""no openAccessPdf""},{""source"":""pmc"",""status"":200,""reason"":""no PMCID found""},{""source"":""crossref_tdm"",""reason"":""no TDM link returned accessible content""},{""source"":""doi_resolve"",""status"":200,""reason"":""landing page accessible but full text requires HTML scraping — consider uploading PDF manually""}]",Reintento 1,reintento,,,,,False
W4402595032,10.1109/sse62657.2024.00026,False,,closed,,Software Service Engineering in the Era of Large Language Models,1.0,,False,"[{""source"":""unpaywall"",""status"":200,""reason"":""no OA location""},{""source"":""semantic_scholar"",""status"":200,""reason"":""no openAccessPdf""},{""source"":""pmc"",""status"":200,""reason"":""no PMCID found""},{""source"":""crossref_tdm"",""reason"":""no TDM links in CrossRef""},{""source"":""doi_resolve"",""status"":202,""reason"":""HTTP 202""}]",Reintento 1,reintento,,,,,False
W4405764339,10.1007/978-981-97-8798-2_7,False,,closed,,Enhancing TrUStAPIS Methodology in the Web of Things with LLM-Generated IoT Trust Semantics,1.0,,False,"[{""source"":""unpaywall"",""status"":200,""reason"":""no OA location""},{""source"":""semantic_scholar"",""status"":200,""reason"":""no openAccessPdf""},{""source"":""pmc"",""status"":200,""reason"":""no PMCID found""},{""source"":""crossref_tdm"",""reason"":""no TDM links in CrossRef""},{""source"":""doi_resolve"",""status"":200,""reason"":""landing page accessible but full text requires HTML scraping — consider uploading PDF manually""}]",Reintento 1,reintento,,,,,False
W4394015414,10.1016/j.eswa.2024.123927,False,,closed,,A deep learning-based approach to similarity calculation for UML use case models,1.0,,False,"[{""source"":""unpaywall"",""status"":200,""reason"":""no OA location""},{""source"":""semantic_scholar"",""status"":200,""reason"":""no openAccessPdf""},{""source"":""pmc"",""status"":200,""reason"":""no PMCID found""},{""source"":""crossref_tdm"",""reason"":""no TDM link returned accessible content""},{""source"":""doi_resolve"",""status"":200,""reason"":""landing page accessible but full text requires HTML scraping — consider uploading PDF manually""}]",Reintento 1,reintento,,,,,False
W4399203757,10.1007/978-3-031-55642-5_6,False,,closed,,Advancing Requirements Engineering Through Generative AI: Assessing the Role of LLMs,1.0,,False,"[{""source"":""unpaywall"",""status"":200,""reason"":""no OA location""},{""source"":""semantic_scholar"",""status"":404,""reason"":""HTTP 404""},{""source"":""pmc"",""status"":200,""reason"":""no PMCID found""},{""source"":""crossref_tdm"",""reason"":""no TDM links in CrossRef""},{""source"":""doi_resolve"",""status"":200,""reason"":""landing page accessible but full text requires HTML scraping — consider uploading PDF manually""}]",Reintento 1,reintento,,,,,True
W4391954186,10.1007/978-3-031-50590-4_10,False,,closed,,Generation of Microservice Names from Functional Requirements: An Automated Approach,1.0,,False,"[{""source"":""unpaywall"",""status"":200,""reason"":""no OA location""},{""source"":""semantic_scholar"",""status"":404,""reason"":""HTTP 404""},{""source"":""pmc"",""status"":200,""reason"":""no PMCID found""},{""source"":""crossref_tdm"",""reason"":""no TDM links in CrossRef""},{""source"":""doi_resolve"",""status"":200,""reason"":""landing page accessible but full text requires HTML scraping — consider uploading PDF manually""}]",Reintento 1,reintento,,,,,False
W7154754508,10.17303/jcssd.2025.4.104,False,,gold,,Extending Ontology-Driven Natural Language Generation for Requirements Engineering Using onto UML a Review,1.0,,False,"[{""source"":""unpaywall"",""status"":200,""reason"":""no OA location""},{""source"":""semantic_scholar"",""reason"":""URL is a DOI redirect, not a direct PDF""},{""source"":""pmc"",""status"":200,""reason"":""no PMCID found""},{""source"":""crossref_tdm"",""reason"":""no TDM links in CrossRef""},{""source"":""doi_resolve"",""status"":200,""reason"":""landing page accessible but full text requires HTML scraping — consider uploading PDF manually""}]",Reintento 1,reintento,,,,,False
W4415003556,10.1109/re63999.2025.00055,False,,closed,,Leveraging LLMs for Requirements Engineering Education: How to Approach?,1.0,,False,"[{""source"":""unpaywall"",""status"":200,""reason"":""no OA location""},{""source"":""semantic_scholar"",""status"":200,""reason"":""no openAccessPdf""},{""source"":""pmc"",""status"":200,""reason"":""no PMCID found""},{""source"":""crossref_tdm"",""reason"":""no TDM links in CrossRef""},{""source"":""doi_resolve"",""status"":202,""reason"":""HTTP 202""}]",Reintento 1,reintento,,,,,False
W4412043041,10.1007/978-3-031-96096-3_26,False,,closed,,"Requirements Extraction, Definition, and Design Using Retrieval Augmented Generation and Large Language Models",1.0,,False,"[{""source"":""unpaywall"",""status"":200,""reason"":""no OA location""},{""source"":""semantic_scholar"",""status"":404,""reason"":""HTTP 404""},{""source"":""pmc"",""status"":200,""reason"":""no PMCID found""},{""source"":""crossref_tdm"",""reason"":""no TDM links in CrossRef""},{""source"":""doi_resolve"",""status"":200,""reason"":""landing page accessible but full text requires HTML scraping — consider uploading PDF manually""}]",Reintento 1,reintento,,,,,False
W4417231376,10.1007/s10579-025-09855-y,False,,closed,,Enhancing software and learning with Serbian student feedback corpora,1.0,,False,"[{""source"":""unpaywall"",""status"":200,""reason"":""no OA location""},{""source"":""semantic_scholar"",""status"":200,""reason"":""no openAccessPdf""},{""source"":""pmc"",""status"":200,""reason"":""no PMCID found""},{""source"":""crossref_tdm"",""reason"":""no TDM link returned accessible content""},{""source"":""doi_resolve"",""status"":200,""reason"":""landing page accessible but full text requires HTML scraping — consider uploading PDF manually""}]",Reintento 2,reintento,,,,,False
W4414979835,10.1007/s42979-025-04444-w,False,,closed,,TTool-AI: A Large Language Model-Based Assistant for Model Driven Engineering,1.0,,False,"[{""source"":""unpaywall"",""status"":200,""reason"":""no OA location""},{""source"":""semantic_scholar"",""status"":200,""reason"":""no openAccessPdf""},{""source"":""pmc"",""status"":200,""reason"":""no PMCID found""},{""source"":""crossref_tdm"",""reason"":""no TDM link returned accessible content""},{""source"":""doi_resolve"",""status"":200,""reason"":""landing page accessible but full text requires HTML scraping — consider uploading PDF manually""}]",Reintento 2,reintento,,,,,False
W7106002102,10.1007/978-3-032-12089-2_23,False,,closed,,Influence of LLM Prioritizations on Human Decisions in Requirements Engineering,1.0,,False,"[{""source"":""unpaywall"",""status"":200,""reason"":""no OA location""},{""source"":""semantic_scholar"",""status"":200,""reason"":""no openAccessPdf""},{""source"":""pmc"",""status"":200,""reason"":""no PMCID found""},{""source"":""crossref_tdm"",""reason"":""no TDM links in CrossRef""},{""source"":""doi_resolve"",""status"":200,""reason"":""landing page accessible but full text requires HTML scraping — consider uploading PDF manually""}]",Reintento 2,reintento,,,,,False
W4411096052,10.1007/978-3-031-94590-8_16,False,,closed,,LLM4Model: Automated Requirements Specification Model Authoring,1.0,,False,"[{""source"":""unpaywall"",""status"":200,""reason"":""no OA location""},{""source"":""semantic_scholar"",""status"":200,""reason"":""no openAccessPdf""},{""source"":""pmc"",""status"":200,""reason"":""no PMCID found""},{""source"":""crossref_tdm"",""reason"":""no TDM links in CrossRef""},{""source"":""doi_resolve"",""status"":200,""reason"":""landing page accessible but full text requires HTML scraping — consider uploading PDF manually""}]",Reintento 2,reintento,,,,,False
W4415323052,10.1007/s10515-025-00571-z,False,,closed,,Automating software size measurement from python code using language models,1.0,,False,"[{""source"":""unpaywall"",""status"":200,""reason"":""no OA location""},{""source"":""semantic_scholar"",""status"":200,""reason"":""no openAccessPdf""},{""source"":""pmc"",""status"":200,""reason"":""no PMCID found""},{""source"":""crossref_tdm"",""reason"":""no TDM link returned accessible content""},{""source"":""doi_resolve"",""status"":200,""reason"":""landing page accessible but full text requires HTML scraping — consider uploading PDF manually""}]",Reintento 2,reintento,,,,,False
W7140315557,10.1007/s42979-026-04881-1,False,,closed,,An Ontology-Based Approach for Requirements and Change Impact Analysis in SysML Designs,1.0,,False,"[{""source"":""unpaywall"",""status"":200,""reason"":""no OA location""},{""source"":""semantic_scholar"",""status"":200,""reason"":""no openAccessPdf""},{""source"":""pmc"",""status"":200,""reason"":""no PMCID found""},{""source"":""crossref_tdm"",""reason"":""no TDM link returned accessible content""},{""source"":""doi_resolve"",""status"":200,""reason"":""landing page accessible but full text requires HTML scraping — consider uploading PDF manually""}]",Reintento 2,reintento,,,,,False
W7140198384,10.1007/978-3-032-21423-2_10,False,,green,,FeClustRE: Hierarchical Clustering and Semantic Tagging of App Features from User Reviews,1.0,,False,"[{""source"":""unpaywall"",""status"":200,""reason"":""no OA location""},{""source"":""semantic_scholar"",""status"":404,""reason"":""HTTP 404""},{""source"":""pmc"",""status"":200,""reason"":""no PMCID found""},{""source"":""crossref_tdm"",""reason"":""no TDM links in CrossRef""},{""source"":""doi_resolve"",""status"":200,""reason"":""landing page accessible but full text requires HTML scraping — consider uploading PDF manually""}]",Reintento 2,reintento,,,,,True
W7160319462,10.1007/978-3-032-19185-4_5,False,,closed,,Automating Generation of UML Sequence Diagrams Using LLM,1.0,,False,"[{""source"":""unpaywall"",""status"":200,""reason"":""no OA location""},{""source"":""semantic_scholar"",""status"":404,""reason"":""HTTP 404""},{""source"":""pmc"",""status"":200,""reason"":""no PMCID found""},{""source"":""crossref_tdm"",""reason"":""no TDM links in CrossRef""},{""source"":""doi_resolve"",""status"":200,""reason"":""landing page accessible but full text requires HTML scraping — consider uploading PDF manually""}]",Reintento 2,reintento,,,,,False
W7127911549,10.1007/978-3-032-12484-5_6,False,,closed,,Opportunities and Risks of Generative AI in Model-Based Engineering of Railway Systems,1.0,,False,"[{""source"":""unpaywall"",""status"":200,""reason"":""no OA location""},{""source"":""semantic_scholar"",""status"":404,""reason"":""HTTP 404""},{""source"":""pmc"",""status"":200,""reason"":""no PMCID found""},{""source"":""crossref_tdm"",""reason"":""no TDM links in CrossRef""},{""source"":""doi_resolve"",""status"":200,""reason"":""landing page accessible but full text requires HTML scraping — consider uploading PDF manually""}]",Reintento 2,reintento,,,,,False
W7134809489,10.18420/emisa2026_06,False,,,,,,,False,"[{""source"":""crossref"",""status"":404,""reason"":""DOI not found in CrossRef — may be invalid or not yet registered""}]",Reintento 2,reintento,,,,,False
W7124697836,10.1007/s10515-026-00593-1,False,,closed,,From interaction to evolution: A behavior-driven framework for automated software requirements elicitation,1.0,,False,"[{""source"":""unpaywall"",""status"":200,""reason"":""no OA location""},{""source"":""semantic_scholar"",""status"":200,""reason"":""no openAccessPdf""},{""source"":""pmc"",""status"":200,""reason"":""no PMCID found""},{""source"":""crossref_tdm"",""reason"":""no TDM link returned accessible content""},{""source"":""doi_resolve"",""status"":200,""reason"":""landing page accessible but full text requires HTML scraping — consider uploading PDF manually""}]",Reintento 2,reintento,,,,,False
W7155028710,10.1007/978-3-032-19488-6_7,False,,closed,,Generative Reasoning Meets Multimodal Evaluation: A Novel Approach to Activity and Package Diagram Comparison in UML Modeling,1.0,,False,"[{""source"":""unpaywall"",""status"":200,""reason"":""no OA location""},{""source"":""semantic_scholar"",""status"":404,""reason"":""HTTP 404""},{""source"":""pmc"",""status"":200,""reason"":""no PMCID found""},{""source"":""crossref_tdm"",""reason"":""no TDM links in CrossRef""},{""source"":""doi_resolve"",""status"":200,""reason"":""landing page accessible but full text requires HTML scraping — consider uploading PDF manually""}]",Reintento 2,reintento,,,,,False
W7118182172,10.1007/s10515-025-00586-6,False,,closed,,An interactive and AI-enhanced framework for semi-automatically generating iStar goal models,1.0,,False,"[{""source"":""unpaywall"",""status"":200,""reason"":""no OA location""},{""source"":""semantic_scholar"",""status"":200,""reason"":""no openAccessPdf""},{""source"":""pmc"",""status"":200,""reason"":""no PMCID found""},{""source"":""crossref_tdm"",""reason"":""no TDM link returned accessible content""},{""source"":""doi_resolve"",""status"":200,""reason"":""landing page accessible but full text requires HTML scraping — consider uploading PDF manually""}]",Reintento 2,reintento,,,,,False
W7117966210,10.1007/978-3-032-08977-9_29,False,,closed,,Exploring Manifold-Based Clustering Techniques for Enhanced Inductive Thematic Analysis,1.0,,False,"[{""source"":""unpaywall"",""status"":200,""reason"":""no OA location""},{""source"":""semantic_scholar"",""status"":404,""reason"":""HTTP 404""},{""source"":""pmc"",""status"":200,""reason"":""no PMCID found""},{""source"":""crossref_tdm"",""reason"":""no TDM links in CrossRef""},{""source"":""doi_resolve"",""status"":200,""reason"":""landing page accessible but full text requires HTML scraping — consider uploading PDF manually""}]",Reintento 2,reintento,,,,,False
W4399267369,10.1007/978-3-031-60405-8_7,False,,closed,,Generating Specifications from Requirements Documents for Smart Devices Using Large Language Models (LLMs),1.0,,False,"[{""source"":""unpaywall"",""status"":200,""reason"":""no OA location""},{""source"":""semantic_scholar"",""status"":200,""reason"":""no openAccessPdf""},{""source"":""pmc"",""status"":200,""reason"":""no PMCID found""},{""source"":""crossref_tdm"",""reason"":""no TDM links in CrossRef""},{""source"":""doi_resolve"",""status"":200,""reason"":""landing page accessible but full text requires HTML scraping — consider uploading PDF manually""}]",Reintento 2,reintento,,,,,False
W7162113579,10.1007/s10664-026-10879-3,False,,closed,,"Machine learning, deep learning, or large language models: An empirical study on multi-label requirements classification",1.0,,False,"[{""source"":""unpaywall"",""status"":200,""reason"":""no OA location""},{""source"":""semantic_scholar"",""status"":200,""reason"":""no openAccessPdf""},{""source"":""pmc"",""status"":200,""reason"":""no PMCID found""},{""source"":""crossref_tdm"",""reason"":""no TDM link returned accessible content""},{""source"":""doi_resolve"",""status"":200,""reason"":""landing page accessible but full text requires HTML scraping — consider uploading PDF manually""}]",Reintento 2,reintento,,,,,False
W4403793718,10.1007/978-3-031-75872-0_16,False,,closed,,Establishing Traceability Between Natural Language Requirements and Software Artifacts by Combining RAG and LLMs,1.0,,False,"[{""source"":""unpaywall"",""status"":200,""reason"":""no OA location""},{""source"":""semantic_scholar"",""status"":200,""reason"":""no openAccessPdf""},{""source"":""pmc"",""status"":200,""reason"":""no PMCID found""},{""source"":""crossref_tdm"",""reason"":""no TDM links in CrossRef""},{""source"":""doi_resolve"",""status"":200,""reason"":""landing page accessible but full text requires HTML scraping — consider uploading PDF manually""}]",Reintento 2,reintento,,,,,False
W3128387226,10.1007/s42979-020-00427-1,False,,bronze,,Sentence Embedding Models for Similarity Detection of Software Requirements,1.0,,False,"[{""source"":""unpaywall"",""status"":200,""reason"":""no OA location returned valid PDF""},{""source"":""semantic_scholar"",""status"":200,""reason"":""no openAccessPdf""},{""source"":""pmc"",""status"":200,""reason"":""no PMCID found""},{""source"":""crossref_tdm"",""reason"":""no TDM link returned accessible content""},{""source"":""doi_resolve"",""status"":200,""reason"":""landing page accessible but full text requires HTML scraping — consider uploading PDF manually""}]",Reintento 2,reintento,,,,,False
W4404817948,10.1007/978-981-96-0617-7_1,False,,closed,,NL2CTL: Automatic Generation of Formal Requirements Specifications via Large Language Models,1.0,,False,"[{""source"":""unpaywall"",""status"":200,""reason"":""no OA location""},{""source"":""semantic_scholar"",""status"":200,""reason"":""no openAccessPdf""},{""source"":""pmc"",""status"":200,""reason"":""no PMCID found""},{""source"":""crossref_tdm"",""reason"":""no TDM links in CrossRef""},{""source"":""doi_resolve"",""status"":200,""reason"":""landing page accessible but full text requires HTML scraping — consider uploading PDF manually""}]",Reintento 2,reintento,,,,,False
W4410216440,10.1007/978-3-031-88220-3_8,False,,closed,,Large Language Models for Classification of Functional and Nonfunctional Requirements,1.0,,False,"[{""source"":""unpaywall"",""status"":200,""reason"":""no OA location""},{""source"":""semantic_scholar"",""status"":200,""reason"":""no openAccessPdf""},{""source"":""pmc"",""status"":200,""reason"":""no PMCID found""},{""source"":""crossref_tdm"",""reason"":""no TDM links in CrossRef""},{""source"":""doi_resolve"",""status"":200,""reason"":""landing page accessible but full text requires HTML scraping — consider uploading PDF manually""}]",Reintento 2,reintento,,,,,False
W7128388097,10.1007/978-3-032-15398-2_14,False,,closed,,Generating Functional Requirements Through Tailored LLM for Software Requirements,1.0,,False,"[{""source"":""unpaywall"",""status"":200,""reason"":""no OA location""},{""source"":""semantic_scholar"",""status"":404,""reason"":""HTTP 404""},{""source"":""pmc"",""status"":200,""reason"":""no PMCID found""},{""source"":""crossref_tdm"",""reason"":""no TDM links in CrossRef""},{""source"":""doi_resolve"",""status"":200,""reason"":""landing page accessible but full text requires HTML scraping — consider uploading PDF manually""}]",Reintento 2,reintento,,,,,False
W4408741271,10.1007/978-3-031-85849-9_4,False,,closed,,Exploring Classification Consistency of Natural Language Requirements Using GPT-4o,1.0,,False,"[{""source"":""unpaywall"",""status"":200,""reason"":""no OA location""},{""source"":""semantic_scholar"",""status"":200,""reason"":""no openAccessPdf""},{""source"":""pmc"",""status"":200,""reason"":""no PMCID found""},{""source"":""crossref_tdm"",""reason"":""no TDM links in CrossRef""},{""source"":""doi_resolve"",""status"":200,""reason"":""landing page accessible but full text requires HTML scraping — consider uploading PDF manually""}]",Reintento 2,reintento,,,,,False
W3010811253,10.1007/978-3-030-44429-7_15,False,,closed,,Automatic Word Embeddings-Based Glossary Term Extraction from Large-Sized Software Requirements,1.0,,False,"[{""source"":""unpaywall"",""status"":200,""reason"":""no OA location""},{""source"":""semantic_scholar"",""status"":200,""reason"":""no openAccessPdf""},{""source"":""pmc"",""status"":200,""reason"":""no PMCID found""},{""source"":""crossref_tdm"",""reason"":""no TDM links in CrossRef""},{""source"":""doi_resolve"",""status"":200,""reason"":""landing page accessible but full text requires HTML scraping — consider uploading PDF manually""}]",Reintento 2,reintento,,,,,False
W4408972023,10.1007/978-981-96-3161-2_6,False,,closed,,Improving TextRank and RoBERTa’s Quantitative Evaluation Framework for Requirements Specification,1.0,,False,"[{""source"":""unpaywall"",""status"":200,""reason"":""no OA location""},{""source"":""semantic_scholar"",""status"":404,""reason"":""HTTP 404""},{""source"":""pmc"",""status"":200,""reason"":""no PMCID found""},{""source"":""crossref_tdm"",""reason"":""no TDM links in CrossRef""},{""source"":""doi_resolve"",""status"":200,""reason"":""landing page accessible but full text requires HTML scraping — consider uploading PDF manually""}]",Reintento 2,reintento,,,,,False
W4408287838,10.1007/978-3-031-76459-2_35,False,,closed,,Software Requirements Classification: From Bag-of-Words to Transformer,1.0,,False,"[{""source"":""unpaywall"",""status"":200,""reason"":""no OA location""},{""source"":""semantic_scholar"",""status"":200,""reason"":""no openAccessPdf""},{""source"":""pmc"",""status"":200,""reason"":""no PMCID found""},{""source"":""crossref_tdm"",""reason"":""no TDM links in CrossRef""},{""source"":""doi_resolve"",""status"":200,""reason"":""landing page accessible but full text requires HTML scraping — consider uploading PDF manually""}]",Reintento 2,reintento,,,,,False
K-N8,10.29007/b8sk,True,unpaywall,bronze,https://easychair.org/publications/paper/KFbq/download,Towards an automatic classification for Spanish software requirements,1.0,8143.0,True,"[{""source"":""unpaywall"",""status"":200}]",Reintento 2,reintento,,,,,True
K-N18,10.5281/zenodo.20247564,False,,,,,,,False,"[{""source"":""crossref"",""status"":404,""reason"":""DOI not found in CrossRef — may be invalid or not yet registered""}]",Reintento 2,reintento,,,,,True
W1807706124,,False,arXiv (API de búsqueda por título),,,,0.0,0,,,,arXiv por título,True,,,,True
W2086589250,,False,arXiv (API de búsqueda por título),,,,0.0,0,,,,arXiv por título,True,,,,False
W1825009991,,False,arXiv (API de búsqueda por título),,,,0.0,0,,,,arXiv por título,True,,,,False
W2259064926,,False,arXiv (API de búsqueda por título),,,,0.0,0,,,,arXiv por título,True,,,,False
W2525372479,,False,arXiv (API de búsqueda por título),,,,0.0,0,,,,arXiv por título,True,,,,False
D-W2562174527,,False,arXiv (API de búsqueda por título),,,,0.0,0,,,,arXiv por título,True,,,,True
W2496251943,,False,arXiv (API de búsqueda por título),,,,0.571,0,,,,arXiv por título,True,1910.13553v1,Modelling and testing timed data-flow reactive systems in Coq from controlled natural-language requirements,,True
W2788478879,,False,arXiv (API de búsqueda por título),,,,0.0,0,,,,arXiv por título,True,,,,False
D-W2885496033,,False,arXiv (API de búsqueda por título),,,,0.0,0,,,,arXiv por título,True,,,,True
W2891130414,,False,arXiv (API de búsqueda por título),,,,0.0,0,,,,arXiv por título,True,,,,False
W2806644626,,False,arXiv (API de búsqueda por título),,,,0.0,0,,,,arXiv por título,True,,,,False
W2914587112,,False,arXiv (API de búsqueda por título),,,,0.0,0,,,,arXiv por título,True,,,,True
W2929906942,,False,arXiv (API de búsqueda por título),,,,0.0,0,,,,arXiv por título,True,,,,False
D-W3135853123,,False,arXiv (API de búsqueda por título),,,,0.0,0,,,,arXiv por título,True,,,,False
D-W3087529712,,False,arXiv (API de búsqueda por título),,,,0.0,0,,,,arXiv por título,True,,,,False
W3138862798,,False,arXiv (API de búsqueda por título),,,,0.0,0,,,,arXiv por título,True,,,,False
W3204811114,,False,arXiv (API de búsqueda por título),,,,0.0,0,,,,arXiv por título,True,,,,False
W3205313195,,False,arXiv (API de búsqueda por título),,,,0.0,0,,,,arXiv por título,True,,,,False
W4285148038,,False,arXiv (API de búsqueda por título),,,,0.0,0,,,,arXiv por título,True,,,,True
W4212920838,,False,arXiv (API de búsqueda por título),,,,0.0,0,,,,arXiv por título,True,,,,True
W4381436450,,False,arXiv (API de búsqueda por título),,,,0.0,0,,,,arXiv por título,True,,,,False
W4388198630,,False,arXiv (API de búsqueda por título),,,,0.833,0,,,,arXiv por título,True,2505.20003v2,TabPFN: One Model to Rule Them All?,,True
W4396736584,,False,arXiv (API de búsqueda por título),,,,0.0,0,,,,arXiv por título,True,,,,True
W4402652005,,False,arXiv (API de búsqueda por título),,,,0.0,0,,,,arXiv por título,True,,,,True
W4404887250,,False,arXiv (API de búsqueda por título),,,,0.0,0,,,,arXiv por título,True,,,,True
D-W7169652653,,False,arXiv (API de búsqueda por título),,,,0.0,0,,,,arXiv por título,True,,,,True
W4414729937,,False,arXiv (API de búsqueda por título),,,,0.0,0,,,,arXiv por título,True,,,,False
W4411811291,,False,arXiv (API de búsqueda por título),,,,0.357,0,,,,arXiv por título,True,2504.09651v4,"GitBugs: Bug Reports for Duplicate Detection, Retrieval Augmented Generation, Triage, and More",,True
W4406744209,,False,arXiv (API de búsqueda por título),,,,0.0,0,,,,arXiv por título,True,,,,True
D-W4406905674,,False,arXiv (API de búsqueda por título),,,,0.0,0,,,,arXiv por título,True,,,,True
W7153456199,,False,arXiv (API de búsqueda por título),,,,0.0,0,,,,arXiv por título,True,,,,False
W7151580078,,False,arXiv (API de búsqueda por título),,,,0.0,0,,,,arXiv por título,True,,,,True
W7130950848,,False,arXiv (API de búsqueda por título),,,,0.0,0,,,,arXiv por título,True,,,,True
W1468885472,,False,arXiv (API de búsqueda por título),,,,0.0,0,,,,arXiv por título,True,,,,False
W973328774,,False,arXiv (API de búsqueda por título),,,,0.0,0,,,,arXiv por título,True,,,,False
D-W2572081148,,False,arXiv (API de búsqueda por título),,,,0.0,0,,,,arXiv por título,True,,,,False
D-W2914050901,,False,arXiv (API de búsqueda por título),,,,0.0,0,,,,arXiv por título,True,,,,False
W307565400,,False,arXiv (API de búsqueda por título),,,,0.0,0,,,,arXiv por título,True,,,,False
W2397196484,,False,arXiv (API de búsqueda por título),,,,0.0,0,,,,arXiv por título,True,,,,False
W1154089677,,False,arXiv (API de búsqueda por título),,,,0.0,0,,,,arXiv por título,True,,,,False
W55103004,,False,arXiv (API de búsqueda por título),,,,0.25,0,,,,arXiv por título,True,2101.01325v1,Advancing Behavior Engineering: Toward Integrated Events Modeling,,False
W2293582102,,False,arXiv (API de búsqueda por título),,,,0.0,0,,,,arXiv por título,True,,,,False
W2286396457,,False,arXiv (API de búsqueda por título),,,,0.0,0,,,,arXiv por título,True,,,,False
W2292634343,,False,arXiv (API de búsqueda por título),,,,0.0,0,,,,arXiv por título,True,,,,False
W2466929610,,False,arXiv (API de búsqueda por título),,,,0.0,0,,,,arXiv por título,True,,,,False
W4237513841,,False,arXiv (API de búsqueda por título),,,,0.0,0,,,,arXiv por título,True,,,,False
D-W2913019853,,False,arXiv (API de búsqueda por título),,,,0.0,0,,,,arXiv por título,True,,,,False
W2181759940,,False,arXiv (API de búsqueda por título),,,,0.0,0,,,,arXiv por título,True,,,,False
W2296412217,,False,arXiv (API de búsqueda por título),,,,0.0,0,,,,arXiv por título,True,,,,False
W2935193705,,False,arXiv (API de búsqueda por título),,,,0.0,0,,,,arXiv por título,True,,,,True
W395385492,,False,arXiv (API de búsqueda por título),,,,0.0,0,,,,arXiv por título,True,,,,False
W1602445004,,False,arXiv (API de búsqueda por título),,,,0.0,0,,,,arXiv por título,True,,,,False
W4235280327,,False,arXiv (API de búsqueda por título),,,,0.0,0,,,,arXiv por título,True,,,,False
W1961724537,,False,arXiv (API de búsqueda por título),,,,0.0,0,,,,arXiv por título,True,,,,False
W2217694160,,False,arXiv (API de búsqueda por título),,,,0.0,0,,,,arXiv por título,True,,,,False
W2405457986,,False,arXiv (API de búsqueda por título),,,,0.0,0,,,,arXiv por título,True,,,,False
W282834435,,False,arXiv (API de búsqueda por título),,,,0.0,0,,,,arXiv por título,True,,,,False
D-W2304587407,,False,arXiv (API de búsqueda por título),,,,0.0,0,,,,arXiv por título,True,,,,False
W2151073382,,False,arXiv (API de búsqueda por título),,,,0.0,0,,,,arXiv por título,True,,,,False
W2528116301,,False,arXiv (API de búsqueda por título),,,,0.0,0,,,,arXiv por título,True,,,,False
W2520262450,,False,arXiv (API de búsqueda por título),,,,0.0,0,,,,arXiv por título,True,,,,False
W2510893491,,False,arXiv (API de búsqueda por título),,,,0.0,0,,,,arXiv por título,True,,,,False
W2518120659,,False,arXiv (API de búsqueda por título),,,,0.0,0,,,,arXiv por título,True,,,,False
W2611816619,,False,arXiv (API de búsqueda por título),,,,0.0,0,,,,arXiv por título,True,,,,False
W2473847603,,False,arXiv (API de búsqueda por título),,,,0.0,0,,,,arXiv por título,True,,,,False
W2560676530,,False,arXiv (API de búsqueda por título),,,,0.0,0,,,,arXiv por título,True,,,,False
W2248592387,,False,arXiv (API de búsqueda por título),,,,0.0,0,,,,arXiv por título,True,,,,False
W2490593799,,False,arXiv (API de búsqueda por título),,,,0.0,0,,,,arXiv por título,True,,,,False
W2489393935,,False,arXiv (API de búsqueda por título),,,,0.0,0,,,,arXiv por título,True,,,,False
W2346441090,,False,arXiv (API de búsqueda por título),,,,0.0,0,,,,arXiv por título,True,,,,False
W2496461653,,False,arXiv (API de búsqueda por título),,,,0.0,0,,,,arXiv por título,True,,,,False
W2546670355,,False,arXiv (API de búsqueda por título),,,,0.0,0,,,,arXiv por título,True,,,,False
W2461549254,,False,arXiv (API de búsqueda por título),,,,0.0,0,,,,arXiv por título,True,,,,False
W2528410472,,False,arXiv (API de búsqueda por título),,,,0.0,0,,,,arXiv por título,True,,,,False
W2587684450,,False,arXiv (API de búsqueda por título),,,,0.0,0,,,,arXiv por título,True,,,,False
W2399720201,,False,arXiv (API de búsqueda por título),,,,0.0,0,,,,arXiv por título,True,,,,False
W2461521309,,False,arXiv (API de búsqueda por título),,,,0.0,0,,,,arXiv por título,True,,,,False
W2472794676,,False,arXiv (API de búsqueda por título),,,,0.0,0,,,,arXiv por título,True,,,,False
W2331329182,,False,arXiv (API de búsqueda por título),,,,0.0,0,,,,arXiv por título,True,,,,False
W2785576070,,False,arXiv (API de búsqueda por título),,,,0.0,0,,,,arXiv por título,True,,,,False
W2551021142,,False,arXiv (API de búsqueda por título),,,,0.0,0,,,,arXiv por título,True,,,,False
W2468997147,,False,arXiv (API de búsqueda por título),,,,0.0,0,,,,arXiv por título,True,,,,False
D-W2790282154,,False,arXiv (API de búsqueda por título),,,,0.0,0,,,,arXiv por título,True,,,,False
W2606487253,,False,arXiv (API de búsqueda por título),,,,0.0,0,,,,arXiv por título,True,,,,False
W2600476158,,False,arXiv (API de búsqueda por título),,,,0.273,0,,,,arXiv por título,True,2605.04114v1,"Semantic Reverse Engineering Legacy Software Applications with ChatGPT, Gemini AI, and Claude AI",,False
W2614145427,,False,arXiv (API de búsqueda por título),,,,0.0,0,,,,arXiv por título,True,,,,False
D-W2767103840,,False,arXiv (API de búsqueda por título),,,,0.0,0,,,,arXiv por título,True,,,,False
W2753115148,,False,arXiv (API de búsqueda por título),,,,0.0,0,,,,arXiv por título,True,,,,False
W2594264723,,False,arXiv (API de búsqueda por título),,,,0.0,0,,,,arXiv por título,True,,,,False
W2747401108,,False,arXiv (API de búsqueda por título),,,,0.0,0,,,,arXiv por título,True,,,,False
W2619335553,,False,arXiv (API de búsqueda por título),,,,0.0,0,,,,arXiv por título,True,,,,False
W2900495600,,False,arXiv (API de búsqueda por título),,,,0.0,0,,,,arXiv por título,True,,,,False
W2611299143,,False,arXiv (API de búsqueda por título),,,,0.0,0,,,,arXiv por título,True,,,,False
W2772863937,,False,arXiv (API de búsqueda por título),,,,0.0,0,,,,arXiv por título,True,,,,False
W2755375180,,False,arXiv (API de búsqueda por título),,,,0.0,0,,,,arXiv por título,True,,,,False
W2610831067,,False,arXiv (API de búsqueda por título),,,,0.0,0,,,,arXiv por título,True,,,,False
W2768228955,,False,arXiv (API de búsqueda por título),,,,0.0,0,,,,arXiv por título,True,,,,False
D-W2790857019,,False,arXiv (API de búsqueda por título),,,,0.0,0,,,,arXiv por título,True,,,,False
W2590479606,,False,arXiv (API de búsqueda por título),,,,0.0,0,,,,arXiv por título,True,,,,False
W2746919277,,False,arXiv (API de búsqueda por título),,,,0.0,0,,,,arXiv por título,True,,,,False
W2968612922,,False,arXiv (API de búsqueda por título),,,,0.0,0,,,,arXiv por título,True,,,,False
W2769191291,,False,arXiv (API de búsqueda por título),,,,0.0,0,,,,arXiv por título,True,,,,False
W2912243130,,False,arXiv (API de búsqueda por título),,,,0.0,0,,,,arXiv por título,True,,,,False
D-W2982609373,,False,arXiv (API de búsqueda por título),,,,0.0,0,,,,arXiv por título,True,,,,False
D-W3184167715,,False,arXiv (API de búsqueda por título),,,,0.0,0,,,,arXiv por título,True,,,,False
W2886442554,,False,arXiv (API de búsqueda por título),,,,0.0,0,,,,arXiv por título,True,,,,False
W2893541723,,False,arXiv (API de búsqueda por título),,,,0.0,0,,,,arXiv por título,True,,,,False
W2896559200,,False,arXiv (API de búsqueda por título),,,,0.0,0,,,,arXiv por título,True,,,,False
W2803178916,,False,arXiv (API de búsqueda por título),,,,0.0,0,,,,arXiv por título,True,,,,False
D-W2987131029,,False,arXiv (API de búsqueda por título),,,,0.0,0,,,,arXiv por título,True,,,,False
W2794466190,,False,arXiv (API de búsqueda por título),,,,0.0,0,,,,arXiv por título,True,,,,False
W2890187298,,False,arXiv (API de búsqueda por título),,,,0.0,0,,,,arXiv por título,True,,,,False
W2792929624,,False,arXiv (API de búsqueda por título),,,,0.0,0,,,,arXiv por título,True,,,,False
W2889857138,,False,arXiv (API de búsqueda por título),,,,0.0,0,,,,arXiv por título,True,,,,False
W2886614420,,False,arXiv (API de búsqueda por título),,,,0.0,0,,,,arXiv por título,True,,,,False
W2898635348,,False,arXiv (API de búsqueda por título),,,,0.0,0,,,,arXiv por título,True,,,,False
W2904611516,,False,arXiv (API de búsqueda por título),,,,0.0,0,,,,arXiv por título,True,,,,False
D-W2982505836,,False,arXiv (API de búsqueda por título),,,,0.0,0,,,,arXiv por título,True,,,,False
W2971466396,,False,arXiv (API de búsqueda por título),,,,0.0,0,,,,arXiv por título,True,,,,False
D-W3006066495,,False,arXiv (API de búsqueda por título),,,,0.0,0,,,,arXiv por título,True,,,,False
W2962876524,,False,arXiv (API de búsqueda por título),,,,0.0,0,,,,arXiv por título,True,,,,False
W2947055438,,False,arXiv (API de búsqueda por título),,,,0.0,0,,,,arXiv por título,True,,,,False
W2947300383,,False,arXiv (API de búsqueda por título),,,,0.0,0,,,,arXiv por título,True,,,,False
D-W2917554907,,False,arXiv (API de búsqueda por título),,,,0.0,0,,,,arXiv por título,True,,,,False
W2983883424,,False,arXiv (API de búsqueda por título),,,,0.0,0,,,,arXiv por título,True,,,,False
W2982819643,,False,arXiv (API de búsqueda por título),,,,0.0,0,,,,arXiv por título,True,,,,False
D-W4239846734,,False,arXiv (API de búsqueda por título),,,,0.0,0,,,,arXiv por título,True,,,,False
W2982880800,,False,arXiv (API de búsqueda por título),,,,0.0,0,,,,arXiv por título,True,,,,True
D-W2922876458,,False,arXiv (API de búsqueda por título),,,,0.0,0,,,,arXiv por título,True,,,,False
W2972437529,,False,arXiv (API de búsqueda por título),,,,0.0,0,,,,arXiv por título,True,,,,False
W4242247971,,False,arXiv (API de búsqueda por título),,,,0.0,0,,,,arXiv por título,True,,,,False
D-W3153301358,,False,arXiv (API de búsqueda por título),,,,0.0,0,,,,arXiv por título,True,,,,False
W2999060535,,False,arXiv (API de búsqueda por título),,,,0.0,0,,,,arXiv por título,True,,,,False
W4241863337,,False,arXiv (API de búsqueda por título),,,,0.0,0,,,,arXiv por título,True,,,,False
D-W2970392703,,False,arXiv (API de búsqueda por título),,,,0.0,0,,,,arXiv por título,True,,,,False
D-W2971253494,,False,arXiv (API de búsqueda por título),,,,0.0,0,,,,arXiv por título,True,,,,False
W2982252666,,False,arXiv (API de búsqueda por título),,,,0.0,0,,,,arXiv por título,True,,,,False
W2995822904,,False,arXiv (API de búsqueda por título),,,,0.0,0,,,,arXiv por título,True,,,,False
W2947201799,,False,arXiv (API de búsqueda por título),,,,0.0,0,,,,arXiv por título,True,,,,False
W2973115441,,False,arXiv (API de búsqueda por título),,,,0.0,0,,,,arXiv por título,True,,,,False
W2969220981,,False,arXiv (API de búsqueda por título),,,,0.0,0,,,,arXiv por título,True,,,,False
D-W2979677127,,False,arXiv (API de búsqueda por título),,,,0.167,0,,,,arXiv por título,True,2108.05556v1,A Survey of Static Formal Methods for Building Dependable Industrial Automation Systems,,False
W2952053506,,False,arXiv (API de búsqueda por título),,,,0.0,0,,,,arXiv por título,True,,,,False
W2912775330,,False,arXiv (API de búsqueda por título),,,,0.0,0,,,,arXiv por título,True,,,,False
W2979323956,,False,arXiv (API de búsqueda por título),,,,0.0,0,,,,arXiv por título,True,,,,False
W3014599045,,False,arXiv (API de búsqueda por título),,,,0.375,0,,,,arXiv por título,True,2108.04640v1,Modeling and Evaluating Personas with Software Explainability Requirements,,False
W3101342235,,False,arXiv (API de búsqueda por título),,,,0.0,0,,,,arXiv por título,True,,,,False
W4407907675,,False,arXiv (API de búsqueda por título),,,,0.0,0,,,,arXiv por título,True,,,,False
W4233402990,,False,arXiv (API de búsqueda por título),,,,0.0,0,,,,arXiv por título,True,,,,False
W3037649786,,False,arXiv (API de búsqueda por título),,,,0.0,0,,,,arXiv por título,True,,,,False
D-W3149944920,,False,arXiv (API de búsqueda por título),,,,0.0,0,,,,arXiv por título,True,,,,False
W3004827127,,False,arXiv (API de búsqueda por título),,,,0.0,0,,,,arXiv por título,True,,,,False
W3015105962,,False,arXiv (API de búsqueda por título),,,,0.273,0,,,,arXiv por título,True,1002.1199v1,Reliable Mining of Automatically Generated Test Cases from Software Requirements Specification (SRS),,False
W3011637770,,False,arXiv (API de búsqueda por título),,,,0.0,0,,,,arXiv por título,True,,,,False
D-W3149218598,,False,arXiv (API de búsqueda por título),,,,0.0,0,,,,arXiv por título,True,,,,False
W3019384108,,False,arXiv (API de búsqueda por título),,,,0.0,0,,,,arXiv por título,True,,,,False
W3120999377,,False,arXiv (API de búsqueda por título),,,,0.0,0,,,,arXiv por título,True,,,,False
W3206604291,,False,arXiv (API de búsqueda por título),,,,0.0,0,,,,arXiv por título,True,,,,False
W3216957416,,False,arXiv (API de búsqueda por título),,,,0.0,0,,,,arXiv por título,True,,,,False
W3168649092,,False,arXiv (API de búsqueda por título),,,,0.0,0,,,,arXiv por título,True,,,,False
W3185661983,,False,arXiv (API de búsqueda por título),,,,0.0,0,,,,arXiv por título,True,,,,False
W3197224874,,False,arXiv (API de búsqueda por título),,,,0.0,0,,,,arXiv por título,True,,,,False
W3152451932,,False,arXiv (API de búsqueda por título),,,,0.0,0,,,,arXiv por título,True,,,,False
W3144518144,,False,arXiv (API de búsqueda por título),,,,0.0,0,,,,arXiv por título,True,,,,False
W3186665505,,False,arXiv (API de búsqueda por título),,,,0.0,0,,,,arXiv por título,True,,,,False
W3179347808,,False,arXiv (API de búsqueda por título),,,,0.0,0,,,,arXiv por título,True,,,,False
W3199085669,,False,arXiv (API de búsqueda por título),,,,0.0,0,,,,arXiv por título,True,,,,False
W3206124440,,False,arXiv (API de búsqueda por título),,,,0.0,0,,,,arXiv por título,True,,,,False
W4206623951,,False,arXiv (API de búsqueda por título),,,,0.0,0,,,,arXiv por título,True,,,,False
W3216278056,,False,arXiv (API de búsqueda por título),,,,0.0,0,,,,arXiv por título,True,,,,False
W4285291333,,False,arXiv (API de búsqueda por título),,,,0.0,0,,,,arXiv por título,True,,,,False
W4220979487,,False,arXiv (API de búsqueda por título),,,,0.0,0,,,,arXiv por título,True,,,,False
W4226275196,,False,arXiv (API de búsqueda por título),,,,0.0,0,,,,arXiv por título,True,,,,False
W4294738754,,False,arXiv (API de búsqueda por título),,,,0.0,0,,,,arXiv por título,True,,,,False
W4312964919,,False,arXiv (API de búsqueda por título),,,,0.0,0,,,,arXiv por título,True,,,,False
W4287385199,,False,arXiv (API de búsqueda por título),,,,0.0,0,,,,arXiv por título,True,,,,False
W4285270336,,False,arXiv (API de búsqueda por título),,,,0.0,0,,,,arXiv por título,True,,,,False
W4214611632,,False,arXiv (API de búsqueda por título),,,,0.0,0,,,,arXiv por título,True,,,,False
W4312343973,,False,arXiv (API de búsqueda por título),,,,0.0,0,,,,arXiv por título,True,,,,False
W4313048395,,False,arXiv (API de búsqueda por título),,,,0.0,0,,,,arXiv por título,True,,,,False
W4225363106,,False,arXiv (API de búsqueda por título),,,,0.0,0,,,,arXiv por título,True,,,,False
W4282916014,,False,arXiv (API de búsqueda por título),,,,0.0,0,,,,arXiv por título,True,,,,False
W4328107208,,False,arXiv (API de búsqueda por título),,,,0.0,0,,,,arXiv por título,True,,,,False
W4323654801,,False,arXiv (API de búsqueda por título),,,,0.0,0,,,,arXiv por título,True,,,,False
W4367021275,,False,arXiv (API de búsqueda por título),,,,0.0,0,,,,arXiv por título,True,,,,False
W4381302504,,False,arXiv (API de búsqueda por título),,,,0.0,0,,,,arXiv por título,True,,,,False
W4382405173,,False,arXiv (API de búsqueda por título),,,,0.0,0,,,,arXiv por título,True,,,,False
W4385981450,,False,arXiv (API de búsqueda por título),,,,0.0,0,,,,arXiv por título,True,,,,False
W4377964933,,False,arXiv (API de búsqueda por título),,,,0.0,0,,,,arXiv por título,True,,,,False
W4389672268,,False,arXiv (API de búsqueda por título),,,,0.0,0,,,,arXiv por título,True,,,,False
W4393315161,,False,arXiv (API de búsqueda por título),,,,0.0,0,,,,arXiv por título,True,,,,False
W4399266909,,False,arXiv (API de búsqueda por título),,,,0.0,0,,,,arXiv por título,True,,,,False
W4401684273,,False,arXiv (API de búsqueda por título),,,,0.0,0,,,,arXiv por título,True,,,,False
W4405490426,,False,arXiv (API de búsqueda por título),,,,0.0,0,,,,arXiv por título,True,,,,False
W4393315148,,False,arXiv (API de búsqueda por título),,,,0.0,0,,,,arXiv por título,True,,,,False
W4392367586,,False,arXiv (API de búsqueda por título),,,,0.0,0,,,,arXiv por título,True,,,,False
W4403228984,,False,arXiv (API de búsqueda por título),,,,0.0,0,,,,arXiv por título,True,,,,False
W4404355356,,False,arXiv (API de búsqueda por título),,,,0.0,0,,,,arXiv por título,True,,,,False
W4401853184,,False,arXiv (API de búsqueda por título),,,,0.0,0,,,,arXiv por título,True,,,,False
W4402400535,,False,arXiv (API de búsqueda por título),,,,0.0,0,,,,arXiv por título,True,,,,False
W4400806047,,False,arXiv (API de búsqueda por título),,,,0.0,0,,,,arXiv por título,True,,,,False
W4402968895,,False,arXiv (API de búsqueda por título),,,,0.0,0,,,,arXiv por título,True,,,,False
W4393315514,,False,arXiv (API de búsqueda por título),,,,0.0,0,,,,arXiv por título,True,,,,False
W4402281491,,False,arXiv (API de búsqueda por título),,,,0.0,0,,,,arXiv por título,True,,,,False
W4396957427,,False,arXiv (API de búsqueda por título),,,,0.0,0,,,,arXiv por título,True,,,,False
W4390475000,,False,arXiv (API de búsqueda por título),,,,0.0,0,,,,arXiv por título,True,,,,False
W4399906620,,False,arXiv (API de búsqueda por título),,,,0.0,0,,,,arXiv por título,True,,,,False
W4392881824,,False,arXiv (API de búsqueda por título),,,,0.0,0,,,,arXiv por título,True,,,,False
W4402115786,,False,arXiv (API de búsqueda por título),,,,0.0,0,,,,arXiv por título,True,,,,False
W4404127502,,False,arXiv (API de búsqueda por título),,,,0.0,0,,,,arXiv por título,True,,,,False
W4400962941,,False,arXiv (API de búsqueda por título),,,,0.0,0,,,,arXiv por título,True,,,,False
W4407907179,,False,arXiv (API de búsqueda por título),,,,0.0,0,,,,arXiv por título,True,,,,False
W4405094100,,False,arXiv (API de búsqueda por título),,,,0.0,0,,,,arXiv por título,True,,,,False
W4404878293,,False,arXiv (API de búsqueda por título),,,,0.0,0,,,,arXiv por título,True,,,,False
W4402675603,,False,arXiv (API de búsqueda por título),,,,0.0,0,,,,arXiv por título,True,,,,False
W4402595032,,False,arXiv (API de búsqueda por título),,,,0.0,0,,,,arXiv por título,True,,,,False
W4405764339,,False,arXiv (API de búsqueda por título),,,,0.0,0,,,,arXiv por título,True,,,,False
D-W4396679114,,False,arXiv (API de búsqueda por título),,,,0.0,0,,,,arXiv por título,True,,,,True
W4394015414,,False,arXiv (API de búsqueda por título),,,,0.0,0,,,,arXiv por título,True,,,,False
W4399203757,,True,arXiv (API de búsqueda por título),,,,1.0,51596,,,,arXiv por título,True,2310.13976v2,Advancing Requirements Engineering through Generative AI: Assessing the Role of LLMs,ftax_W4399203757.txt,True
W4405094075,,False,arXiv (API de búsqueda por título),,,,0.0,0,,,,arXiv por título,True,,,,False
W4402240799,,False,arXiv (API de búsqueda por título),,,,0.0,0,,,,arXiv por título,True,,,,False
W4405599286,,False,arXiv (API de búsqueda por título),,,,0.0,0,,,,arXiv por título,True,,,,False
W4391954186,,False,arXiv (API de búsqueda por título),,,,0.0,0,,,,arXiv por título,True,,,,False
W4412593420,,False,arXiv (API de búsqueda por título),,,,0.0,0,,,,arXiv por título,True,,,,False
W4416303448,,False,arXiv (API de búsqueda por título),,,,0.0,0,,,,arXiv por título,True,,,,False
W4411293746,,False,arXiv (API de búsqueda por título),,,,0.0,0,,,,arXiv por título,True,,,,False
W7154754508,,False,arXiv (API de búsqueda por título),,,,0.0,0,,,,arXiv por título,True,,,,False
W4406538274,,False,arXiv (API de búsqueda por título),,,,0.0,0,,,,arXiv por título,True,,,,False
W4407934385,,False,arXiv (API de búsqueda por título),,,,0.0,0,,,,arXiv por título,True,,,,False
W4415003556,,False,arXiv (API de búsqueda por título),,,,0.0,0,,,,arXiv por título,True,,,,False
W4412043041,,False,arXiv (API de búsqueda por título),,,,0.0,0,,,,arXiv por título,True,,,,False
W4408162857,,False,arXiv (API de búsqueda por título),,,,0.625,0,,,,arXiv por título,True,2302.12599v1,A Machine Learning Approach for Hierarchical Classification of Software Requirements,,False
W4409666485,,False,arXiv (API de búsqueda por título),,,,0.0,0,,,,arXiv por título,True,,,,False
W4412746365,,False,arXiv (API de búsqueda por título),,,,0.0,0,,,,arXiv por título,True,,,,False
W4406870925,,False,arXiv (API de búsqueda por título),,,,0.0,0,,,,arXiv por título,True,,,,False
W4408840153,,False,arXiv (API de búsqueda por título),,,,0.0,0,,,,arXiv por título,True,,,,False
W4408864216,,True,arXiv (API de búsqueda por título),,,,1.0,52110,,,,arXiv por título,True,2402.13823v3,Using Large Language Models for Natural Language Processing Tasks in Requirements Engineering: A Systematic Guideline,ftax_W4408864216.txt,True
W4413451213,,False,arXiv (API de búsqueda por título),,,,0.0,0,,,,arXiv por título,True,,,,False
W4414376521,,False,arXiv (API de búsqueda por título),,,,0.0,0,,,,arXiv por título,True,,,,False
W4408892189,,False,arXiv (API de búsqueda por título),,,,1.0,0,,,,arXiv por título,True,2407.15519v1,On the Automated Processing of User Feedback,error: IncompleteRead,False
W4409054028,,False,arXiv (API de búsqueda por título),,,,0.0,0,,,,arXiv por título,True,,,,False
W4415083158,,False,arXiv (API de búsqueda por título),,,,0.0,0,,,,arXiv por título,True,,,,False
W4411410483,,False,arXiv (API de búsqueda por título),,,,0.0,0,,,,arXiv por título,True,,,,False
W4412043088,,False,arXiv (API de búsqueda por título),,,,0.0,0,,,,arXiv por título,True,,,,False
W4408162704,,True,arXiv (API de búsqueda por título),,,,1.0,77523,,,,arXiv por título,True,2401.01508v3,Practical Guidelines for the Selection and Evaluation of Natural Language Processing Techniques in Requirements Engineering,ftax_W4408162704.txt,True
W4414219476,,False,arXiv (API de búsqueda por título),,,,0.0,0,,,,arXiv por título,True,,,,False
W4417231376,,False,arXiv (API de búsqueda por título),,,,0.0,0,,,,arXiv por título,True,,,,False
W4415186721,,False,arXiv (API de búsqueda por título),,,,0.0,0,,,,arXiv por título,True,,,,False
W4409054034,,False,arXiv (API de búsqueda por título),,,,0.0,0,,,,arXiv por título,True,,,,False
W7117468024,,False,arXiv (API de búsqueda por título),,,,0.0,0,,,,arXiv por título,True,,,,False
W7116654226,,False,arXiv (API de búsqueda por título),,,,0.0,0,,,,arXiv por título,True,,,,False
W4409054015,,False,arXiv (API de búsqueda por título),,,,0.0,0,,,,arXiv por título,True,,,,False
W7124960068,,False,arXiv (API de búsqueda por título),,,,0.0,0,,,,arXiv por título,True,,,,False
W4412190197,,False,arXiv (API de búsqueda por título),,,,0.0,0,,,,arXiv por título,True,,,,False
W4408162838,,False,arXiv (API de búsqueda por título),,,,0.0,0,,,,arXiv por título,True,,,,False
W4410871519,,False,arXiv (API de búsqueda por título),,,,0.0,0,,,,arXiv por título,True,,,,False
W4411612612,,False,arXiv (API de búsqueda por título),,,,0.0,0,,,,arXiv por título,True,,,,False
W4408316624,,False,arXiv (API de búsqueda por título),,,,0.0,0,,,,arXiv por título,True,,,,False
W4414599856,,False,arXiv (API de búsqueda por título),,,,0.0,0,,,,arXiv por título,True,,,,False
W4408162808,,False,arXiv (API de búsqueda por título),,,,0.0,0,,,,arXiv por título,True,,,,False
W4410700188,,False,arXiv (API de búsqueda por título),,,,0.0,0,,,,arXiv por título,True,,,,False
W4409054132,,False,arXiv (API de búsqueda por título),,,,0.0,0,,,,arXiv por título,True,,,,False
W4414979835,,False,arXiv (API de búsqueda por título),,,,0.0,0,,,,arXiv por título,True,,,,False
W7106002102,,False,arXiv (API de búsqueda por título),,,,0.0,0,,,,arXiv por título,True,,,,False
W4411096052,,False,arXiv (API de búsqueda por título),,,,0.0,0,,,,arXiv por título,True,,,,False
W4416414956,,False,arXiv (API de búsqueda por título),,,,0.0,0,,,,arXiv por título,True,,,,False
W4415323052,,False,arXiv (API de búsqueda por título),,,,0.0,0,,,,arXiv por título,True,,,,False
W7140315557,,False,arXiv (API de búsqueda por título),,,,0.0,0,,,,arXiv por título,True,,,,False
W7127044366,,False,arXiv (API de búsqueda por título),,,,0.0,0,,,,arXiv por título,True,,,,False
W7140198384,,True,arXiv (API de búsqueda por título),,,,1.0,39900,,,,arXiv por título,True,2510.18799v1,FeClustRE: Hierarchical Clustering and Semantic Tagging of App Features from User Reviews,ftax_W7140198384.txt,True
W7160319462,,False,arXiv (API de búsqueda por título),,,,0.0,0,,,,arXiv por título,True,,,,False
W7167504715,,False,arXiv (API de búsqueda por título),,,,0.0,0,,,,arXiv por título,True,,,,False
W7154160410,,False,arXiv (API de búsqueda por título),,,,0.0,0,,,,arXiv por título,True,,,,False
W7163356799,,False,arXiv (API de búsqueda por título),,,,0.0,0,,,,arXiv por título,True,,,,False
W7160380525,,False,arXiv (API de búsqueda por título),,,,0.0,0,,,,arXiv por título,True,,,,False
W7161966649,,False,arXiv (API de búsqueda por título),,,,0.0,0,,,,arXiv por título,True,,,,False
W7117992773,,False,arXiv (API de búsqueda por título),,,,0.0,0,,,,arXiv por título,True,,,,False
W7127911549,,False,arXiv (API de búsqueda por título),,,,0.0,0,,,,arXiv por título,True,,,,False
W7162508292,,False,arXiv (API de búsqueda por título),,,,0.0,0,,,,arXiv por título,True,,,,False
W7125802102,,False,arXiv (API de búsqueda por título),,,,0.0,0,,,,arXiv por título,True,,,,False
W7134809489,,False,arXiv (API de búsqueda por título),,,,0.0,0,,,,arXiv por título,True,,,,False
W7140161640,,False,arXiv (API de búsqueda por título),,,,0.0,0,,,,arXiv por título,True,,,,False
W7119484485,,False,arXiv (API de búsqueda por título),,,,0.0,0,,,,arXiv por título,True,,,,False
W7140092931,,False,arXiv (API de búsqueda por título),,,,0.0,0,,,,arXiv por título,True,,,,False
W7168169801,,False,arXiv (API de búsqueda por título),,,,0.0,0,,,,arXiv por título,True,,,,False
W7124697836,,False,arXiv (API de búsqueda por título),,,,0.0,0,,,,arXiv por título,True,,,,False
W7155028710,,False,arXiv (API de búsqueda por título),,,,0.0,0,,,,arXiv por título,True,,,,False
W7118182172,,False,arXiv (API de búsqueda por título),,,,0.0,0,,,,arXiv por título,True,,,,False
W7117966210,,False,arXiv (API de búsqueda por título),,,,0.0,0,,,,arXiv por título,True,,,,False
W4414219779,,True,arXiv (API de búsqueda por título),,,,1.0,53230,,,,arXiv por título,True,2507.03405v1,Prompt Engineering Guidelines for Using Large Language Models in Requirements Engineering,ftax_W4414219779.txt,True
W4399267369,,False,arXiv (API de búsqueda por título),,,,0.0,0,,,,arXiv por título,True,,,,False
W7162113579,,False,arXiv (API de búsqueda por título),,,,0.0,0,,,,arXiv por título,True,,,,False
W4403793718,,False,arXiv (API de búsqueda por título),,,,0.0,0,,,,arXiv por título,True,,,,False
W3128387226,,False,arXiv (API de búsqueda por título),,,,0.0,0,,,,arXiv por título,True,,,,False
W4404817948,,False,arXiv (API de búsqueda por título),,,,0.0,0,,,,arXiv por título,True,,,,False
W4410216440,,False,arXiv (API de búsqueda por título),,,,0.0,0,,,,arXiv por título,True,,,,False
W7128388097,,False,arXiv (API de búsqueda por título),,,,0.0,0,,,,arXiv por título,True,,,,False
W4408741271,,False,arXiv (API de búsqueda por título),,,,0.0,0,,,,arXiv por título,True,,,,False
W3010811253,,False,arXiv (API de búsqueda por título),,,,0.0,0,,,,arXiv por título,True,,,,False
W4391789117,,False,arXiv (API de búsqueda por título),,,,0.0,0,,,,arXiv por título,True,,,,False
W4415335640,,False,arXiv (API de búsqueda por título),,,,0.0,0,,,,arXiv por título,True,,,,False
W4225728316,,False,arXiv (API de búsqueda por título),,,,0.0,0,,,,arXiv por título,True,,,,False
W7104639250,,False,arXiv (API de búsqueda por título),,,,0.0,0,,,,arXiv por título,True,,,,False
W7127047789,,False,arXiv (API de búsqueda por título),,,,0.0,0,,,,arXiv por título,True,,,,False
W4385783348,,False,arXiv (API de búsqueda por título),,,,0.0,0,,,,arXiv por título,True,,,,False
W4408972023,,False,arXiv (API de búsqueda por título),,,,0.0,0,,,,arXiv por título,True,,,,False
W4414067340,,False,arXiv (API de búsqueda por título),,,,0.0,0,,,,arXiv por título,True,,,,False
W4405826651,,False,arXiv (API de búsqueda por título),,,,0.0,0,,,,arXiv por título,True,,,,True
W4362514913,,False,arXiv (API de búsqueda por título),,,,1.0,0,,,,arXiv por título,True,2302.04792v1,Using Language Models for Enhancing the Completeness of Natural-language Requirements,error: HTTPError,False
W7140210573,,True,arXiv (API de búsqueda por título),,,,1.0,44118,,,,arXiv por título,True,2510.23055v1,From Online User Feedback to Requirements: Evaluating Large Language Models for Classification and Specification Tasks,ftax_W7140210573.txt,True
W2559914084,,False,arXiv (API de búsqueda por título),,,,0.0,0,,,,arXiv por título,True,,,,False
W4409101194,,False,arXiv (API de búsqueda por título),,,,0.0,0,,,,arXiv por título,True,,,,False
W2946678736,,False,arXiv (API de búsqueda por título),,,,0.0,0,,,,arXiv por título,True,,,,False
W4289229516,,False,arXiv (API de búsqueda por título),,,,0.0,0,,,,arXiv por título,True,,,,False
W7134960710,,False,arXiv (API de búsqueda por título),,,,0.0,0,,,,arXiv por título,True,,,,False
W4362513803,,False,arXiv (API de búsqueda por título),,,,0.0,0,,,,arXiv por título,True,,,,False
W7148319347,,False,arXiv (API de búsqueda por título),,,,0.0,0,,,,arXiv por título,True,,,,False
W4416142042,,False,arXiv (API de búsqueda por título),,,,0.0,0,,,,arXiv por título,True,,,,False
W7160260692,,False,arXiv (API de búsqueda por título),,,,0.0,0,,,,arXiv por título,True,,,,False
W4362514045,,False,arXiv (API de búsqueda por título),,,,0.0,0,,,,arXiv por título,True,,,,False
W4366523435,,False,arXiv (API de búsqueda por título),,,,0.0,0,,,,arXiv por título,True,,,,False
W4212916849,,False,arXiv (API de búsqueda por título),,,,0.0,0,,,,arXiv por título,True,,,,False
W4413240428,,False,arXiv (API de búsqueda por título),,,,0.0,0,,,,arXiv por título,True,,,,False
W4413069345,,False,arXiv (API de búsqueda por título),,,,0.0,0,,,,arXiv por título,True,,,,False
W7167472303,,False,arXiv (API de búsqueda por título),,,,0.0,0,,,,arXiv por título,True,,,,False
W4408287838,,False,arXiv (API de búsqueda por título),,,,0.0,0,,,,arXiv por título,True,,,,False
W4411959419,,False,arXiv (API de búsqueda por título),,,,0.0,0,,,,arXiv por título,True,,,,False
W4409623070,,False,arXiv (API de búsqueda por título),,,,0.0,0,,,,arXiv por título,True,,,,False
D-W4415776450,,False,arXiv (API de búsqueda por título),,,,0.0,0,,,,arXiv por título,True,,,,True
W4410357310,,False,arXiv (API de búsqueda por título),,,,0.0,0,,,,arXiv por título,True,,,,True
W4406905466,,False,arXiv (API de búsqueda por título),,,,0.0,0,,,,arXiv por título,True,,,,True
K-N8,,False,arXiv (API de búsqueda por título),,,,0.0,0,,,,arXiv por título,True,,,,True
K-N4,,False,arXiv (API de búsqueda por título),,,,0.0,0,,,,arXiv por título,True,,,,True
D-W7152448926,,False,arXiv (API de búsqueda por título),,,,0.0,0,,,,arXiv por título,True,,,,False
K-N3,,False,arXiv (API de búsqueda por título),,,,0.0,0,,,,arXiv por título,True,,,,False
K-N6,,False,arXiv (API de búsqueda por título),,,,0.0,0,,,,arXiv por título,True,,,,True
K-N7,,False,arXiv (API de búsqueda por título),,,,0.0,0,,,,arXiv por título,True,,,,False
K-N2,,False,arXiv (API de búsqueda por título),,,,0.0,0,,,,arXiv por título,True,,,,False
K-N18,,False,arXiv (API de búsqueda por título),,,,0.0,0,,,,arXiv por título,True,,,,True
W2215181216,,False,arXiv (API de búsqueda por título),,,,0.0,0,,,,arXiv por título,True,,,,False
W7134809489,10.18420/emisa2026_06,False,,,,,,,,"crossref 404 (tercer intento, 27-sep)",,búsqueda complementaria,,,,,
D-W3153301358,10.24133/infociencia.v9i1.976,False,,,,,,,,"crossref 404 (tercer intento, 27-sep)",,búsqueda complementaria,,,,,
D-W2501564063,10.3726/978-3-0353-0732-0/27,True,semantic_scholar,,,,,,,unpaywall: no OA location returned valid PDF; semantic_scholar: ok,,búsqueda complementaria,,,,,
W4241587546,10.1016/j.mprp.2015.01.007,False,,,,,,,,unpaywall no OA; semantic_scholar 404; pmc no PMCID; crossref_tdm sin contenido; doi_resolve solo página,,búsqueda complementaria,,,,,
W4241587546,,False,arXiv (API de búsqueda por título),,,,0.0,,,"[{""source"": ""arxiv"", ""status"": 200, ""reason"": ""0 resultados para el título exacto""}]",Cierre 27-sep,arXiv por título,True,,,,False
