rid,flujo,base_texto,caracteres,sha256_texto
W4412593420,principal,solo título,160,50a3f8a04ac62f996f877f32bc97996ace872ba50b3be26bcd3ec416cfce455b
D-W2520258627,dirigida,título y resumen,1844,8b12ce7aacfd66f3786e621efdb41d6ee822e847be573195b38f6cf510d9b9ec
W4400523579,principal,título y resumen,1671,7ac626a62975d05e35770bd6545198ff2536486b4dc92533ff67a3bd4aae6ca2
D-W4396888848,dirigida,título y resumen,2687,9b07de21a4791040d8fb6f834fb99e10c09362a72cc9d032b51b8777a7d1a549
W7162652066,principal,título y resumen,1144,2f4575dd462fda68605de4cce450a7bf666ee080c51b874f8e555915c41e108c
W2978370705,principal,título y resumen,884,46670d560eed497272444d2c9d2d2ded0abc9989ccaa7a8db13f81f9f1b1b48e
W7130568179,principal,título y resumen,1708,2baf919d8d339f86828ed277389c4ef3a2f459b1a000b179c52934d01a9ecf76
W7104002517,principal,solo título,101,0a72c95ba0e01a0437a7fad794527c3abad7ec7b40ee11cf092cfb5bf179f56e
W7139097803,principal,título y resumen,1523,738e17852266b385fbf3da005b038495ac0f65bdab626f1972c2fa15bbca0035
D-W2566199755,dirigida,título y resumen,2065,aa4aed1c41ff435c83a8269d1f8a8bcaffd088702beb06d4e08b652e5bb8c901
W4412402688,principal,título y resumen,3677,16b56b9514fe09e78996fe8b73d6021d4c9ad208a94c1abc2a23528aa166c78d
W3172707813,principal,título y resumen,1480,ceb7c83288e7edf03f87673c1a4e99f8d13fb0cc4ab15d30af1c590cf5c6a0ac
W4388852826,principal,título y resumen,2022,f6faeba45f8e03cc71993b67c8d5a8ed0241381bfaf493c41beb100d352d12da
W4414463924,principal,título y resumen,1695,ac872528c57a4df7f0061465f2d04276ee0e33326ba2b4ca11e087963194039e
D-W2758981236,dirigida,título y resumen,882,8367251de2752834d349cbf22a9e87389e98955da41e7edd333454a947d18d44
W4200467845,principal,título y resumen,1260,352b549e8d62baf51d241966116312fada5314f6a052bde24133dfb8847b54ad
D-W4403062086,dirigida,título y resumen,1357,71697b7ae001e1840b69bbbd4e7a7190f996739d32a95d738a850985454e374a
W4416303448,principal,solo título,94,f4101e59126d259471a08ec4eb45912ea22b983bb1a15e58a5b482f3217c0e88
W4411293746,principal,solo título,80,61ae5f56135c95327fe070411b7c869a6c310a263072941841574da24e06c6b7
D-W4415174826,dirigida,título y resumen,1231,5672f31a909ec64b6d820e0554f8f6e3ab8e4d5a51685afdfab5a9c87c80a486
W7135380236,principal,título y resumen,3704,a458a9fa2305627eefd08916a39d5f9e433ae4065c57e003ff74a2511f83a6b0
W2947536752,principal,título y resumen,1374,81302fa3af30408d9a685192743e8b273404c13e1eedf5e688a5c52de9ccfba5
W4407362568,principal,título y resumen,1655,744d40839862772f5022c5c775b3548d117563a983b893cdd430dd3224ddcf0e
W4401719913,principal,título y resumen,1449,345700ff21104ab5cb32e724e776477bcf28186211e5292bd89f0cfe0caacff4
W4402359024,principal,título y resumen,738,925afe41dd018f5600b14313cbfdda6f17dcf0fef7db1814a65a1bbe9c08a182
D-W7201873706,dirigida,título y resumen,1619,ea2e7a67c958e2680bb699e21461945c6b19b1da15afd956c1c19581c173dd95
W7119467229,principal,título y resumen,2299,03e9ad9c224c7990ccfc92585873e5389c8bc1ffea958ed84f46610ca05461fd
W7123810317,principal,título y resumen,1260,21858fb1afe2f47d57154d774bc966bd3bd9da3d612142d97944c42d3eb4af67
W7140315557,principal,solo título,88,b46067b0464ff83e4ac33921e1abcb84cfb325d0f42aa237d71a5a8cb0904302
W7160555687,principal,título y resumen,1901,7c686444f95ab84d8db92a51e8924bdc7231bcb5f462f9b5a981100e16086e16
W4313889988,principal,título y resumen,1730,bb112c7bdf193aa9b3d3b282fd2040bba53a79487bbf64a8915a1e26abc4cc2f
W2740891592,principal,título y resumen,1056,42a300a020ba5a3d5a6e535a8ef2f8e010658305ba718eeb0d8a1425aa537137
W3110935804,principal,título y resumen,2231,291bca57f468cfa9a5143029cb554f09af933ecddaad1ff1a172bf5d25a4fcf4
D-W3006111154,dirigida,título y resumen,1643,386f93cfc002181a927433ad91a6b27939c9984e0685a40de7a253281bf6b6a3
W4409014381,principal,título y resumen,1867,e86baefbace788ccef956cdad0c2a396e04a3164ad79f188f5272602d61391d8
W1807706124,principal,inicio del texto completo,13109,aa4dc22130b4cea74f564e26b0e6da3f19f54f737007ad9fd3309dc8a018d9ed
D-W2768545998,dirigida,solo título,169,a8784768d9f76e41a9c40b56e95f3f460a2613d0fab6665385c10470e09e2abe
W4390489251,principal,título y resumen,1523,1513d551b024ae41d69dca96351b2ec4ebe860aadbb9193ae5a2a45857443023
W3120999377,principal,solo título,61,1dacb6d5dedc4d6ad43306b4298c6fd7a40bc9607212779e392dddef5e0ba4fb
W2086084603,principal,título y resumen,1304,852da8fe91058f5868ac7daf670c441726c99e0ef949393df3dbed25dcc04414
W7161716999,principal,título y resumen,1717,8054c97f7e013d76ad97fe282c6145de65f66ff16afb0a2273602e38bb8bb387
D-W2920049422,dirigida,título y resumen,1259,b29dbe764b74b41d81267cbc090148260980e75799a743cd4c687ecb1d44610c
D-W4388463385,dirigida,título y resumen,999,d411bc944b34974306a8d6a3cbbb1e3259533eae919cc2914e3e8e4ef4e61b88
W7167058605,principal,título y resumen,1532,69754691929ed11c7ddbd45100d418aad3b030407fbd55613ac4ca0925a8978b
W7125917904,principal,título y resumen,1872,c49ad97dfc17b1cf1b6c46ca1d836faac8899a8dc00038337e6f91838c7cf5a6
W2944943741,principal,título y resumen,1051,bbf452c72013782771b25e273cfcd37b53fdea32bbb67c344ad1372d2067a2c8
W4415125700,principal,título y resumen,949,f668c6809f16ca7972ecff58572e73d3937ebb5a840923faf344c7c890ec934c
W1468885472,principal,solo título,78,b22ae2a4264a33de85355854377dc35f1991f8ef5975431b8dedafa21e4afd73
W4328107208,principal,solo título,76,c848304468f1aebf2b22eaae38ea6da7583cf9f27e250453362a4fbd633d72d2
W4313525584,principal,título y resumen,1640,2e274d390166b324354615503d08c8ef30726171488a291a985524646ae2fcbe
W7115713359,principal,título y resumen,1453,748154ce4841cc6d253e769b2b0fadbcbb2162b99bf636ef94c523a1fcf170c9
W2971466396,principal,solo título,80,e0a2f8a3a061cacfd18a035b51d2a5a33394e91135ea2deace6bbdd578247e88
W4417250329,principal,título y resumen,1620,ef10f6a143757309f9bfc80bc95142aa7c45804f7b3d0d79662ece6221c8ee67
W7166065571,principal,título y resumen,1419,49f9ff1cd7281067ec7d85023ce220f679b8e92a954ac867f498291a5e409d3c
W4399267369,principal,solo título,107,48fa55f67af619984a5ded8083078801e5116737a111316e91ca182dec674d9b
W4401722950,principal,título y resumen,1590,e90fd9081b6af074fbc73693a21bc736b63c7716587a9b852f437dd8efd91272
W2603969676,principal,título y resumen,1750,e908f06fb29fe4005126c662ee20c7c44df83e52c91da4caa80cf5ff747c8ac2
W4285317238,principal,título y resumen,1519,32fdced2000bfddd1aa9aee42ef9474579f71e0e159542358d0ec4f7d3ca1efc
W4412081809,principal,título y resumen,1598,00eb7ec352e830f8ad8e6f3a664f96ea9ec71f9a7e157e64c58cb94dc23b39b7
W7128770861,principal,título y resumen,1416,48681e8943beb4b1f184d462a67d7716ea8bee9746749182d09c87f4f2bdbdc3
D-W3006066495,dirigida,solo título,60,a8b46bccabbdb9a3c03e666ed516348aa312ac88825ba0fa5994610a85e05f07
W4388675560,principal,título y resumen,1115,c2bd63b2e7852cbc49bd24517a952075f5b3e29a741c68ef9e11809ec20ca6aa
W7127044366,principal,solo título,96,a0fa3137b58fc9bf01ca4a26db6fb06d4858202db3c4bbc40895c91319807844
K-N7,ronda2_kappa,título y resumen,1301,1ffdcdcb93bfa81beeefa16383d0cf273575b9febe78a3cf49a96c07b9d456b6
W2086589250,principal,solo título,55,7fd061f01e39aacf65493cf4f77415c126ffebff33081ce5604066cd5a0ceee9
D-W2936098253,dirigida,título y resumen,1800,7c3b06b89a950a15f3088b57ef65523dc6ee3bbbc58cfdcbc4754a16d051c009
D-W2764185810,dirigida,título y resumen,1657,e582aa3eb6741c72c3c1237299c83959ef41059a911061e0dbf4d225cf833de3
D-W2948776825,dirigida,título y resumen,398,ca9d61a7164cd6bdd725d710f11dd73676dafff501026570c6eebdd818605a86
W7152566325,principal,título y resumen,1425,82e3eb1bfd5997abe4c2606726a3d2c6dc2ce0f9ba7dcc412eac2330c93468bc
D-W7204698716,dirigida,título y resumen,702,c5ade7c4e2c0b0995dd558605d26fab7545fd9f66ed99e429a04f8cd71c4878c
W7162016387,principal,título y resumen,1665,820ff1b401683d72540cab3aaf68bc2c2c130d09bd13f64f0444b3ef0b266fcc
W2962876524,principal,solo título,117,0af02ba5a96c0ebc57d5dd3ece41ad1aed7a8c86156d149863d4e1e7964b82cd
D-W7213488940,dirigida,título y resumen,1787,7f327bf22c9dc89631f095197d620e7ac09e761fc8f314bec8f19784b45a0d4a
W7166877189,principal,título y resumen,1577,3fd9cb9b7afe5cc9910496316fa1e4a98845c0338e9ade9002e8e486113565b0
W7164565437,principal,título y resumen,1571,721ba72aa4ea3f0bd4036f52dea6aa9662ac352b0b319f94f3f250131310c4b6
W3098806795,principal,título y resumen,837,00cda0609542c89c5c17e03b5d6d90eff900698c57b3d180ebb19d43cf2c96f5
K-N18,ronda2_kappa,fragmentos del texto completo,7539,2186455b8cd7ebe58e13ef2009e92f3c4e13bbe232917a70d753f7ae655d17a8
D-W7155497384,dirigida,título y resumen,4198,149f993c1bc91f890cd2b405cf83b2714a7702c790acbf76c417ff5a41c4f7f7
W4415003740,principal,título y resumen,1647,35f529c42d63b14b9afed2e647496151fccb68d495b97825f3a3b482b8a6fec2
W7162113579,principal,solo título,121,0b4e025a11fae0420b17797874d18d340573d136f739eed916ac93a5fac112ea
W4238738561,principal,título y resumen,1086,19e1f207e2cde5ce0796d4b0552967c3bda600f402d102293c7a3555c3c6a2fd
W2981415670,principal,título y resumen,1237,4e010cad55c4ba7b5cdc4fdadd378c0ca6e941a9bd591da52b08a788507f5bfd
W2809839388,principal,título y resumen,1425,e5889b548a72b27378e096882005ebab8c943cc134e9378015e6661ac270ddc7
W4386883100,principal,título y resumen,2770,594cb2fcf897f14fc11da18687718cedc688d83873cc0eeb88f54fe8edd132f5
W7159938826,principal,título y resumen,2322,4f7e32dc5b7204b1997b3945ca853d79a3657ee34669c7303ad430e325192acc
D-W2617118814,dirigida,título y resumen,1018,19f55c1e9fd9f59a7f284b1368454e9e600845b50cd248f43e42b6ff8cf5756e
W3206604291,principal,solo título,49,e687aad398f8e34d4d7f3e809ce3753a85aa766b92151f0bea2c840f90e30fc1
D-W7137972308,dirigida,título y resumen,758,bde3104ca3f619c0abe81f104ddd62b99880ae977326ebc644dc88ceb5bf1ee4
W2731752384,principal,título y resumen,1297,8d51038591319b4e5368cd20c23121246d33d6bb51738fe9841caa43411404b8
W2995022881,principal,título y resumen,1359,58c17ebeb36656886037e80d6f125f8fa82fdeea26519e8ef51831f43f287a1d
D-W2610408396,dirigida,título y resumen,1313,d3f28f3048a721272fc1df14753e75bcea21b1bdce857502dbe78f8503431b23
W2947055438,principal,solo título,82,7b5373efef98d6a9baf552d4d8c12418daad693a9306a775d5ee3de49a240517
W973328774,principal,título y resumen,1418,6f70326dcf5057b2811b54bb8da010968333925df94fe96f06e9ce1f0d7efc9f
W2980389963,principal,título y resumen,1388,8bd0d8f7951be7c67a98befa62a31ae1e6bfc06da4ae1caffbfdd247f98e874f
W7127549994,principal,título y resumen,1119,b3e912b89bc152cf2356e0c2baf141a22cd5ac75a1ac295ab9dedeacb4852386
D-W4415049805,dirigida,título y resumen,1629,6db45073356f15be8ec9d77ec42dc8479ef4d3c0508ebb817f9d88daa4e519cb
D-W2782217727,dirigida,título y resumen,1414,0a1aa89eb598e5d43c0db8f4bae33499cb25967476127dbd7804fe86d1a892da
W4388405271,principal,título y resumen,2413,685ef3b16f8d12b98b67be227393f530d55a5553b59ee041dec9cf8afd7a24a5
W7108727709,principal,título y resumen,2003,8ad7f4707510b98d6d113026b9e480d725674d40fd48a0b05397d9c7fa7df721
W4286446039,principal,título y resumen,1334,aa575e2a2053a1f6dea588b12ac956206efba0728d819fcb82aeb7ba66c1678a
W7128369096,principal,título y resumen,1066,fe22f36405b17b171c05dbe10d4e84ec8129fbb1092a60009ab3b957b36ed455
W4383068597,principal,título y resumen,1698,b758c10e7f0bffed89aab5425e62ce9660c6bb87b4e0d25f4af39fa0d9305f73
W4393315161,principal,solo título,82,b7405c8d63f790d7dc1863bcc679d82d39838135c74f8b35095a06f941cc5efe
W4401719639,principal,título y resumen,1688,254d50fd9c89f6051f5ff11d4592cede1986399210ad6f0623b28172956247cc
D-W2572081148,dirigida,solo título,100,850563f6a7e6b9678f25cbccded8d9b61cd1542a1160ab54813c7d17884f9607
W7117197293,principal,título y resumen,891,96a9a293c95e810554e213ae629ef4ff68d4349299f27d1ac171b9fc2b8ac7d9
W4226057173,principal,título y resumen,1201,719e3198d4161c60fb30ab71f52b4540f63d95b54165c381a9953f995915c159
W2810504826,principal,título y resumen,2691,ca2ea6d5e20da6cb85e0ea1e933e16bd0e96485617ba3f34b771f3efc514d7d3
W3216957416,principal,solo título,93,b203b1383e7ebb91be08098feef729771fd621529c6fa6a1b7b6f203a2b2e12e
W4399266909,principal,solo título,92,b0c85cb4637aa1b305f2407b524cd3f84d3c400ee331a2d4f7c555bd0adf206e
W7154754508,principal,solo título,107,5ed32d2bdc49436746144a1e5e8acf70d42428427b52423cddae870d5016c4da
W3168649092,principal,solo título,87,874a7562dcdfd56c392ae63a24813415f10d6b7002197d8e9914803d2ef0112a
W7138185577,principal,título y resumen,1377,edf711a3410d079555d099de566eca9533faefcdc81fc29df9adb4e2b0dd1b71
D-W4406416601,dirigida,título y resumen,1032,454afff2b23404d44266100de9cf04778f8377a85ee87470e88e09e16dd19d9c
W4285328525,principal,título y resumen,833,3304dfff2a22f5d48543503e07444724e269178895392729b2032cef49830d01
W3135452268,principal,solo título,73,10f0e0669cb3fde455a979ed331eb4f2d9bb8f6ec1d8f561cd1c9d678d8545c1
W7130694067,principal,título y resumen,770,4e67c5c2f074c8482d2e50270d5181fdd040065a954b216af958a9a322004e1e
W4406538274,principal,solo título,87,2a54fc0d5c7e5389d1e68baa2c0f0fdda0119a52860ac4abb493a775cf568c6b
W2528116301,principal,solo título,72,c2f6d19a051776bf856981285cfb397aa77b68fb1326aa04d28fb9f30480377f
D-W2790282154,dirigida,solo título,116,5d7f1563deb735729a7223bc9b0242772e0864951c40b73728721b400b5ba221
W4405602349,principal,título y resumen,2346,2d28f133ac11c1756dce7768b5973a19bc754e17561fd472be4c64cfb0818439
W4391741371,principal,título y resumen,1269,a39b83e1dda44de287be00403087b0b54807a37c4635fdc123b81b7c853932eb
W7153456199,principal,solo título,117,25742359323020fb76f83ebe313a3a095660674b6273a7aba550aee2d679fe09
W4322505971,principal,título y resumen,1532,d835d92a04c5c57c3cf46cf6f5cfc9c09059f3bae836cb70e02a1033f941f96c
W7161005033,principal,título y resumen,1279,6751c3d1b1b33ffbb7eb112e6d30ce3e5f55adf1dac67bc8062080f3ca09616e
D-W2914050901,dirigida,solo título,80,bc69bbe2c97b4877572fd78348df9bd7c095edf816ad080df4524b235000530c
W4414271725,principal,título y resumen,1297,4bdfc491be8d7d3073e6a592a27eddf038c1c9278cec266f3bb61e09c795475d
D-W3194398400,dirigida,título y resumen,919,2e749684e67d12d3aa933d9bf110872a724e917dda5788d29338d49f3b91d31f
W3012526047,principal,título y resumen,1303,db8dd8b0bf798bcb72aaca61796836c57753a3a1691330f4ce2574e4aec3f17b
W4407913829,principal,título y resumen,1688,6e11f3fac698c494a19f110686a157580a5cc5a3fbdbc3c979a5c0237770730b
D-W7169652653,dirigida,inicio del texto completo,13140,40259edf97afc36ebe98e93807ae8399d3ee1c064db114a3a1e38acd9700cc87
W4225827204,principal,título y resumen,1415,94865db853ca4ba5cfa88169c242d372f6ec5dfbbfe3a7bae834aa0bc542f625
D-W2913280471,dirigida,título y resumen,841,48fa5ede9b17768778027363abf6d375d8ecf890fb25f65f2bef61423496b377
W2982452143,principal,título y resumen,1366,18d5d8e97cb83c68706b4d96f47113900480dbdea6ede6754490644a6a7eb3d4
W7125599509,principal,título y resumen,2161,87b6302d2ba7fc0d561645c92d289a3052ea19c01d8b413ac048df29816ef507
W7133778867,principal,título y resumen,1810,d2365e1212f2737e2034d465d6639dcbe12cd2bdabd0df8050d7a8a4c1c5fb1b
W2782693826,principal,título y resumen,1847,d96f6581e5dd3db5cc31f6bb48dca0ba3597660223271c863a5bd8e027eb1955
W4417250940,principal,título y resumen,1740,42aeb57c9aa8bc5ddecd025fc52c719392e40bd76bc20ab3ded8f1577613131b
W7140198384,principal,fragmentos del texto completo,12973,dd1f0b869a3913c7f63e4410e1d0c10a4c08f83eab5dfef7b53bc5e5431ca9c6
W4245589355,principal,título y resumen,715,8d3dd0514c65e2c9765cbd8f08698fea6272a9810fdfe9fe1dbf68cc67121053
W2537408259,principal,título y resumen,1654,15cc9686cdb7091c824a6c0998ffb2db5b0116e6105a418fec84b66466eb237b
W2489561999,principal,título y resumen,1110,d767024f33b86602560d8b49ea01967b710901d0e1612386ca062a3838beb2d6
W2520262450,principal,solo título,74,c861f9bba35d9353b1d159eb1b051db5f2a4998b6fcbb14d9d334c5da55e8ac2
W4414729937,principal,solo título,86,0f5ee5b83afbdd6d0797fa762ecec1060b16a0adbaf256b7bf38c8de53996873
W3036037624,principal,título y resumen,1560,f9a634f46458e940befb9614c20b17bf95e180a8f35613aa7c5b1557d3a4bf68
W3040606285,principal,título y resumen,1813,d29e456c098d88258ad51af8579259759fb87925e9142ed93a496fc7898f44af
W2766273739,principal,título y resumen,1496,af8ce6aa1de6ee87b52b4a3a7b184cf8ae5967b37494052841ffa19a900670e5
K-N3,ronda2_kappa,título y resumen,743,7bc268ef6771ca6207e0d6cb374926e14242fd1ddf73c7fe298c226498f4d213
W4403793718,principal,solo título,113,17cb496fb0ec4550201df6e71a7ece6e5d49535da08c45950eb3db865f085505
D-W4289128392,dirigida,título y resumen,1405,c1c503f490f442469de4cc1b866d20d5e18262ffdf20547b178104b27cabdcac
W2997615599,principal,solo título,122,8c7378e147c0c34d5ac491160832bb395d65df292b0710db2a8c85fecd509ad2
W7164898951,principal,título y resumen,1785,c91b9b1f88f4d13c4fc79e001b292f9bbf129b0bee23f28160fffef88a50083e
D-W4224083043,dirigida,título y resumen,1755,0a21c612bbd8af04009efb9f529ee02db0ec4ab737976c70cec797257487ca5a
W4310237066,principal,título y resumen,1971,bc0c818ff82e0a08dbb1449456bd85a8c38737cad1ae8cd097da4904ad9f44c6
W4386603800,principal,título y resumen,1653,057f3fe88f1417aca3b2b1bab2f58abdbf982dfd08dca3a6c2c2b4f01c0dfa06
W4415598875,principal,título y resumen,1041,69298bdba8fe3dd4570fd19bef5719de688270be1f3cbb9f4c74673ce541d96e
W7168087887,principal,solo título,118,2d4bee71bbadce4852e7414089dea903de7d7fdad2dcb063fe5448d7db5776ac
W7160705205,principal,título y resumen,1515,e8a3ada113970aa79a76baa3dd4c5edb67e46403037045043d454b73027a2fa6
W4323907611,principal,solo título,110,9ada601212f6d7c0863bb335ed2effe7577c488330d8a03c582349e116e7140e
W3003258932,principal,título y resumen,1154,da6784d9ead92ffb64308630b5e6d2a1cd8d63a20a12e2d0bb9352cfbccc20cc
W7125610271,principal,título y resumen,1685,f2f6e599c897ada19ede9e1ff9e66f2b998dcbfa41f08aa716fd540bb08d331a
W3133517736,principal,título y resumen,1337,cee151687bd88e3a0d5f9cbf817a6f638334f7df6bc7240500b9d5a9b1334db1
W4401990274,principal,título y resumen,1763,c39e65e8239923a4754c6b55c80c679139df8839417d4a78e32fed998a8f7b5f
W4407693852,principal,título y resumen,1922,fa2efecc63b59427e176d2a952ec24c2f73c9646a3c308140d4c79afbc0cb803
W7142406840,principal,título y resumen,2131,76a41fd08d61f164de4a652f630327964be3f85f64d2a2d86634a4141705421e
D-W2112094151,dirigida,título y resumen,722,7917eda4e3e47fedd7caeb4a857b1e685250dda55f73d4b101fe0bb414e40d8e
W3216699912,principal,título y resumen,1467,d6e21200659ae28c5f540421293db0ad8d9d8948a1e1a552c4d85c250821fb74
W3128387226,principal,solo título,76,fcffaaea7516ee08c2d3cb0f405ee0b96b82a55699b8aaeb504225d4425d5383
W4407392073,principal,título y resumen,1678,065478d863856c66a9cf869d823d4be4cbd8b6228db72df6bf5bf890551c4061
W7165897944,principal,título y resumen,1705,0032199215aadfb78ed67041d3c61baf776051d5b219cdc31f4ad7c80be8b463
W7151401862,principal,título y resumen,570,6a3644ec4ea21ec062ba09d3c65e2d7af6a9ecdaa31ee5917204250335a97181
W2788478879,principal,título y resumen,1000,7a88c17ef44770b7d535f837966855e0af10f37a9a529f1a4620258c3ee81982
W7168088198,principal,título y resumen,950,0ac25d5190c47edab2e12aaca07997a89770530e7a92302e66b24281a0f825f5
W4388200873,principal,título y resumen,1970,ec6f8ed7d05860e6bad7ae999efb73ca8940e9b7e412e7967339fd339e0f8c86
W3158187649,principal,título y resumen,1618,c1c7ca3860e73b781e8e5a6ac49e3046f5b2f34095ae66d0b1ad45ac4d13f8cd
W4411358877,principal,título y resumen,1359,571aac62127f88f9fbb424ab8e556b7695f6c2c59f1fc5289138a5c25f52860d
W307565400,principal,solo título,57,0cc913cbb994d9a6c24f89ea5f8a43efa63651405416f750af2bac41dfbf5648
W3120985798,principal,título y resumen,1262,c9c5d6cec9393577fad7785f17cc4a123e4d248bd9d0dc6355b1e6d375c9c3ed
W4388666944,principal,título y resumen,1274,d39b7e556e0d151c8368b00733a3b9a2718a9155f13fc647b335d264deb3b04c
W4413264548,principal,título y resumen,1904,ee35121d73a988464a18355f5d2bbf9f9e81f0a5b90f54613bdb1d69ccc667af
W2606487253,principal,solo título,72,91e823f23f293183805ca6925549933a7cb7034c0f0e72ef1b4650996d92b29c
W4407934385,principal,solo título,79,30192bd2e414fead0fd66b8528bc1579f80452651374e1b07b35df329b5b3064
W4385270133,principal,título y resumen,889,e93bafae7e03a7a02535a33ccc67b0b1785d080ad76f1ea6b6d780fcebc9b72b
W2947300383,principal,solo título,99,5b6738025d014eae38c9f712863ef70b1cfd8d34890ac3af5ab45c4ab0641a89
W2764309816,principal,título y resumen,569,8d5f796d78e3c8ed232b7a5a596408a296f6c3895a7383752c209511c89b8f75
W2397196484,principal,solo título,108,bbadc6ba84ba9fad4caac104ac210b76d6a8fd5ee077e679aff413ed27e2a1f1
W7162397073,principal,título y resumen,1585,749c5bccb2136db64e5db1f512fb785cf98002cd2e7db9d240cbefeb45ecd2d0
W7165386505,principal,título y resumen,2373,49040721a138b50ccb59776f0efc98c8363b7000c6f56cd6467f2f6e58f898f7
W4378528630,principal,título y resumen,1938,e327878e3b11edde54bf18c1bfc810b30c4e8e135876a6f49c41c1b325973628
W3115887173,principal,título y resumen,2360,9406b6a09e1e8189efc69803a5b9f2956489f6bf5345eadc8d273773820c304b
W2962221540,principal,título y resumen,1340,fdcbcc37c6274e8cbef94a549167de679e2455722a3625a33f286699dacdcec0
W2908024712,principal,título y resumen,1215,8181bf9e69eb192cd82ea6a875684972e718e4501ad669601ecb305ce7055cd5
W3092431304,principal,título y resumen,1484,7b15a828f0cc5980522d25dec0ce8d97b0ae3b65080165a6a94199d17ff047f7
D-W4401174063,dirigida,título y resumen,1085,22713e26ddc0b5464a3bf0fecddff8ffebde2b1726da3ecb184ee5a440144903
D-W4391214253,dirigida,título y resumen,2043,30d02f9c0fe7c40db7f226c94173a0e2057379798b5d29e96fde8860217d1628
W4401684273,principal,solo título,73,a1eed83d356c7d1c76357d64684384152e8eebf4b6c1a60bcea8ef04899b2f78
W3198901462,principal,título y resumen,1444,442f3088f51fa53618e2d626d775d3425982ec5a00df2b0aa629ede370dfcd78
W4415125729,principal,título y resumen,1128,56634ed078a981872e454e9b36eccd35059ad63641dc35949e5623ec172bb18b
W4395072755,principal,título y resumen,1790,d771699a8d48b8f29292b590f85a966600fbccdef5e774953d86b0acb2ba60a3
W2912243130,principal,solo título,121,123354c4280b261802b9bb16676cf1910b5e536821fba9f95431d4ed935c74fc
W7162997530,principal,título y resumen,2258,b758118c024b55c76ffceeb9f3d602593cb80d38c2afaf392c8eb4f121b43ddc
K-N4,ronda2_kappa,fragmentos del texto completo,12758,256d4d5aa006052eb3cdcc90c7aed7ed44a37defbaebc57a9cb723c107787cf1
W7147311524,principal,título y resumen,2116,c3fa2f87b2297ebc1204fd3defcae90243af4a8ab5b78da8e4fbac59a3107be4
W7143474502,principal,título y resumen,1806,6b3cec8a90b4d00fa7eef32c8764036a868809ef6557fb670518224616636fef
W7160319462,principal,solo título,57,71100c2badd1c57015be8794d8d87be6ed8e1ef823c676f39b8464196df7de41
W2600476158,principal,título y resumen,763,dcc9dac0c633f3d09f3af901c393493dca750691d683432c416a873f07302f08
W4406866661,principal,título y resumen,2994,76450a07faa67ced50d640ad2f78a91150afed93483abe54d2dd51d73a7fdf1f
W7167632688,principal,título y resumen,2186,daeb0430aa2e955f5bb7538964cfe8a525d65d212c0c52252830fb647b5dc40d
W2182967823,principal,título y resumen,1639,8355af38b4a5a9c435d8e042be9b0b2ebd8af0bdb52af1ffa4104e1ae3acee2e
W4241065796,principal,título y resumen,1498,2eab6378db563864ca55222199d6a38395462111c4574071cfe9d6559f2026ea
D-W2618278403,dirigida,título y resumen,1742,43005442745e1ded1ac2cbae243d8f3ea262d08ccb369e125f7f17196083b339
W2509780669,principal,título y resumen,1908,5714e11c6a627af6effb9c08db4904df0a7f598981c936ecf9adf5e8a5d6b2b1
W2802395783,principal,solo título,118,135c67436272ef8ce795242f86ada000a041dc47013adc7c86328f354e78bc78
W7163647293,principal,título y resumen,1354,2377ab967e9bb96864b25ca9eb57f658293266b46876ee033bac130156fb6c3a
D-W3097682957,dirigida,título y resumen,1590,c0ae45f5c3c7b819575460ba9103aa3cc6d526bff46396e5f61e8671f13925d9
W2996371949,principal,título y resumen,1261,487eed9b5cd94625f1ca30c9bd8e92122e291b192f51b942027752eb892e770c
W2793372807,principal,título y resumen,1383,735e2a8a59eacb22be698549d513a397bcd5668f1d58964133435678cd5c1cfd
W7167504715,principal,solo título,66,0d9069d30bcb4b0831ceb74b5122f44a8017cc16f2c94fa426ac236b4b899cb9
W4404817948,principal,solo título,93,57e90a7a65118d70511fd6834a5bce8ea8c8e10444607cbd5d77e17ed0768d09
W2188298146,principal,título y resumen,900,4896b39322b441daca149b06fd16026e71a8dcb477fb98e3abe96ce5b0a389d5
W4408866848,principal,título y resumen,1586,db2d2ba1d0081652b47911c53d2c1edc5376fa12bac2847f4bc8e6ea856bcd3f
W7116966425,principal,título y resumen,1163,9c3d34faefc12cb1db24f0799499588cb829d820e10bf7ee2b88a6105646c0f5
W7128634846,principal,título y resumen,1285,4f48ddb3ed89aa7ec7bb5afe6029ab1b8be0183771fd4d6db315ebfc3359f23c
W3008788199,principal,título y resumen,1858,7ae965fa5f1b966d9dcb9e2860a2090b6dc98ce26eb9ac185eff54c25db5a85e
W4415003556,principal,título y resumen,1395,397977ba34d41ed682e1fc837d8a33dee4ee94d27f0838c16e4d40258ef7e5f0
W7131622950,principal,título y resumen,1835,646bdf0f647b67f7afc67c708112b33121d4a2442ecf46c293b60f3b926de799
W7124900707,principal,título y resumen,2596,2fe83855ba4582992db6ada27128888a94fa0c1785efd8b7a5cb744386bc4fe2
W4318256032,principal,título y resumen,1381,aee8c20181f67ca9e0d52462a0b84c0fb73191f5e57b60f20e4982b1a0e94a24
W4415003358,principal,título y resumen,1531,bd502bb81c07bbc3eb76fcc5a4fdd40a509278e671dee59f2f5607ed751a6b66
D-W4352982727,dirigida,título y resumen,1023,2a65e395fc2413153afb2146428beb46c0b6e9b9696e81be87f117e190d2c7b9
W4285291333,principal,solo título,101,d26fbaf7931760ad4278813d2f30f9dd2d13c635d1ae8a4a93379a6dcc2ba135
W7151441673,principal,título y resumen,807,02bff4bda253da03d225cc6a45f4b5a32a591a79c3a1b1ffca0445fb33847eef
W1154089677,principal,solo título,100,1933f2c8d452d49eb023aaeb843a61fc10d9e9df8ca9cc103bccd6f02c3d5b0d
W2599317538,principal,título y resumen,943,295facddd0d3470de38e3cea730c13c7c47b898657daeabe182e253f46d35347
W7151248876,principal,título y resumen,10051,08b6d3ba3e88c2ce3ccf5ef56c23803368baaa2fbf6e24c765725bbdca1d4aa2
D-W7162193416,dirigida,título y resumen,1161,9950b5913b2eb7b375bb7c580e29e470295a0820c2edc353bb207be0215cc6ea
W4388855725,principal,título y resumen,940,7fcb07f61681659bb33b5836883ff0b1a348b5cb38d1bdd8c82a92c59fc2e8e9
W4405490426,principal,título y resumen,1163,ec2265fa7528ed8bb262157e8b5750cbe5df7b61135b409b44174ededbb66acc
D-W4285468047,dirigida,título y resumen,1155,c2e104abf51a9d65b41537cc5fa5eaa03a8e9118419aae82e5856ea0ea193fb1
W2510018066,principal,título y resumen,1049,34132e2ea98a54c0a3ca33c190584b8ba225d130da7908443acb529528838d28
W3185661983,principal,solo título,62,fd08a44ea8d5b183528c212bb2448bb90eb59f7561c73c947bce25a08b967726
D-W7154928972,dirigida,título y resumen,1647,bbc1b2dd150f25e4306e815120916592f3d1e45b7b31eb8a719a5c5f037ed549
W4413267879,principal,título y resumen,1016,43bfac3f4ea1f5e5e964b19ae7142ace68fb26e55eb3e70aba0945bcb5b6a092
W4409762351,principal,título y resumen,1478,a4fd70e8e4a1ddbe390d4d92b63fba92d4cb0f07df3b640d284ef299eae910c3
W2936834072,principal,título y resumen,1557,cd6330d9a5c27c5698ca88cfee2eac405083ca98769956af149ed151c6f7adb8
W4317243139,principal,título y resumen,1545,0890cafc41f86e99c5531195143cda92b85eafbbece213ef164427023d4f1ef9
W1591586800,principal,título y resumen,572,699eed8711fcae694eb857aec68166b96d134d02ceb9d0bbc4afc136b8317f9b
W4309700390,principal,título y resumen,1994,10533ec1b97553d59631db92ca1a61f4427ff203757933e32985e4d368caf445
D-W2736542634,dirigida,solo título,102,3e684870a61511846c6786d26c934f48a4358c945241e6c23665256764d4fbbf
W4411569419,principal,título y resumen,1623,2a5c8849d73945be81e3a137e061766631d475b2a234e9192d4537a91a085057
W7163874059,principal,título y resumen,1792,b3d447d543bfeacc282d221bf0c09d9b3bb328c5e35e9e1fa316bb7d63762860
W4323654801,principal,solo título,129,d223c383983d1280c19cdd0573a028707dd75875f1c92be7ccf50c70eb55c144
D-W2782644772,dirigida,título y resumen,819,dffa35264f27774c54637619cba7fab1b18f6e492140eddf931be5535e02926c
D-W2183818980,dirigida,título y resumen,453,abf8fe8d46035dc3becaf965067a975a440debc863003662a36e6dfbe0335485
W4384302764,principal,título y resumen,1727,aa591f5ce36a133cbe0f7aedc5c022ac5b7abe5aa1de34b9f111c8e315da2b38
W4310528313,principal,título y resumen,952,dce5a565176c0f21eb9689181474233f7a4b0bf04aac10f5b65cbe134b3279b2
W4404187953,principal,título y resumen,1213,5127be7072682534e4dc3301fcaabbf1d4f69a1f9c8b6e4d40fcde0ca34e41fa
W4416070056,principal,título y resumen,1197,cb983186fd308d3b79c74fd8f1d093d9040e39fd0562a7fe6cc1089674ddfccf
D-W2901970863,dirigida,título y resumen,1722,5936857efc05b330a76dcbf1bd53b8311db6f806a3f6be52186e359e2592934f
W4230571585,principal,título y resumen,1366,8b30e73372f0f0738af7b784e5bfba6ed6ff610c5c0ca66990c66a5027f01d19
W4225589623,principal,título y resumen,2505,272eeb91a05a680f582d69e79d0dc79637bdf0e111b714faed582d6384ef715c
W4387252641,principal,título y resumen,1222,591194c64a229d83685f2e5709d5f342d338954b4a440f309a8f84ec3e9822a8
D-W2891381701,dirigida,título y resumen,1279,b0e714a4f47666a5cc6eda7bde111e7a7ac5059830981bed5c20be36907ab8fd
D-W2774760473,dirigida,título y resumen,1815,de6e0f7bb79e77aa5d0ec869cad554738bd24c28c487a592c4f95d85aab5ba62
W4403155837,principal,solo título,108,efec4cf965409dd9a0f79928779786b015fd5a808f051f6eeb9c877ac014d90a
W7108739936,principal,título y resumen,1736,39f0d6b1b5b5c1e234cbd6b1724bd2ac74f69ae6565c488aa804905405f31d0e
W4415744077,principal,título y resumen,1828,9ef117cc89aa61a8006fe27cb56283b3417198f0fc89914c0ba80859789c3f8f
W2575936880,principal,título y resumen,1328,35da589eb1181182944cfd017958e9026fae75e02313441bbf16d5c32370cee6
W4290715569,principal,título y resumen,1592,a6b80aadb763dec7f5d510b366aaa9c6c31834188b5704e24bce278e01495271
W2953911044,principal,título y resumen,1449,900bcf539a70b02166654cdece071833746601ce23e157c5e758c66895ad20f9
W2938248765,principal,título y resumen,1352,02073c6d551ce5cce40bccbf1169e6a4cceeedbd539c8eb7a9cd6caac87dd914
W4312842619,principal,título y resumen,1818,783ffa1f64ea035f124b14ba826aff6c77b188a9cd36937421476809201f1310
W2510893491,principal,solo título,65,45ffa2d678acae67b271261a0852be7cb448d87cddcad736eddd0b6aab397bbe
W4415125743,principal,título y resumen,2180,10da6534cd13b71eb370d5253514e4dfdec282aba74c0ccb22913d9abaf4372b
W4320075232,principal,título y resumen,1360,bffde0d4a759d0c587879225b55156605c77c3f5af23c8fc1d2a2a81cf16eaa5
W3015248318,principal,título y resumen,1527,057d39f0d47d4bb9e431a2c0e37ed4f91c150bdaa5da984d96e6f0746ef073f8
D-W4415776450,dirigida,fragmentos del texto completo,13071,d8be626d2e841971c05c86fc13171c953f81d9e17d9617f58f6ebada1e2ea761
W7162429020,principal,título y resumen,1335,495d272ac645e0113f892cf182236c69d137ba84d6e9e5ac51004767ffede6b1
D-W2932508621,dirigida,título y resumen,818,353cf22f22be09cf4fece775fc904e34413bb89641a4ab02a2040d0a5a36d9f4
W3197224874,principal,título y resumen,1734,8ac4149c50e0028c8502815270005b89a826bcf1ed6f4b94a60c96b2ab16ef4e
W3036582008,principal,título y resumen,2114,5fec6c387af596caa094bf9db0d4c6d139d9c7a3028f31e0e8b6a3a92ae583c9
W2395647618,principal,título y resumen,2094,fe138abdd2193964c1ad83230b60e87bdab408e52d75be24055cb68f7c6338e5
W4385073874,principal,título y resumen,2315,27c20aa9554afad359730ea4d17d3ba77e3d78cef1d331610f1c5e51cb7ca176
W3150855975,principal,título y resumen,1695,26f5caaa7ac257b642d950a6bbdc70f0be1c35cea913028c893f43cd611d7ab6
W7111644356,principal,título y resumen,2611,a6503a9948dc56f915f3e2a19a6dc4293a9090da65301ca421492f9f7d1a98cc
W4387123755,principal,título y resumen,1065,1f6ebdfa6b962a88872471cb7f492aa5c7a74cb746a7b78a7f6475f4e2145ad8
D-W2198978310,dirigida,título y resumen,2881,395a154dd2db55bd7e0222e9599ee3bc92c2408f3a96b6fa580893ad85712359
W2518120659,principal,solo título,73,653b532235f3a1b0413384d26b1993c77874a2a0aeeb9d4be2900f6e5b1984de
W4408930673,principal,título y resumen,1286,154202931a4b5430002cd66477ec61b2ee7d8376105a43667ca2466fa3322df1
W2809543003,principal,título y resumen,1023,832c8f2d0d8404ea0e9899de464bbc4ed962317f068812cf94e5147d22dd1a94
W4403680259,principal,título y resumen,1001,71f9b264b63d11c308bc2c24f568f0ff80ddfb1b8776484f20fdd6c6c781ccf7
W3181397401,principal,título y resumen,1019,a8a869af309df930c5f0578a45a2a85e389791218917be4ce835612499bca823
D-W4306353280,dirigida,título y resumen,881,b18a42dbf506b3ae5adc7ce5e67ac80b035f82f92ed55e7e9cda9086ad27d80c
D-W2552395652,dirigida,título y resumen,987,38a3ff02df46cacb2cc8a1db7aa8fe61580f8dda662d50d290aa7acc846fb365
D-W2917554907,dirigida,solo título,137,6246809c98eea1fa57195cec2e00398dab6ecf29cd58a681e267409b16ebbea8
D-W7110788234,dirigida,título y resumen,1325,1efb7f8944d75c8fbd57953f5439d35184d744c9ed573110cc23c297416aeb65
W4413263833,principal,título y resumen,1355,5135f0ff9c208922602747756b42531be72a7c2e203559ddb8a685ea772d87ee
D-W3194807673,dirigida,título y resumen,1267,842dc087afe92b454600758d60446dbd1a1f0b2b5117e206f0df6e13d0aca173
W4313342796,principal,título y resumen,1130,d67d9c8f484d978f6905a1bceec26c00f8af6cae643ce1430e1b40bb8c4e179b
W4413226556,principal,título y resumen,1684,1760868dca0c87831cbbd61f47190b51cbef1a77eb702bb2e135e06b88550f34
W2983883424,principal,solo título,97,0cf90d94783605a49ecbd46ff4d990efdb0615f85c33a33bf6959bee323f36d1
W2905408824,principal,título y resumen,1298,3759fcadbf55adf78b8c4cd16cb7a319be65774a41588f10690c9632c05d4a77
W4414163267,principal,título y resumen,1521,64d623fd3c1c44caee827746eda74d84b98a76d5e2c031d9ae25c535da436e28
D-W2735073735,dirigida,título y resumen,2163,c7c296e9c2aee829c279eb8d0331ee55fbdce44d469f9073576175c6232349c9
W2535566413,principal,título y resumen,1121,f75ca37ba3135419ee77d32ba6b2a817cc008fca048f7cfd4975a254a6ea852b
W7117224611,principal,título y resumen,2098,e9a5e06f1c8ef2a14bbff76eeb7a29ff45fdca0e72b5a98094ffb463e85fa070
W4377091121,principal,título y resumen,1424,b04132d63b9ef079603427065fa659725799646e6a77970161cae612f54bd0df
W4408048053,principal,título y resumen,1130,0ccf2eeb3fb6452df18c81485c600e5f5658e13a958ca44632804871b8b796d5
W3135713572,principal,título y resumen,1015,c1ab9c06377ec9732a3f0936a08be3ea7b8dbc8a0859768f3772cbb9b165a45e
W2782861945,principal,título y resumen,852,3ab7d6b9f6eeb2cd3b4a65bc3f5918e30c5f75074cdc6c10186bd36e3dea3b62
W3190463766,principal,título y resumen,1062,6b17a2c3036dbafccef9eb25a7b5093c579fd51bd236a12842aebbff136f78c4
W7164943121,principal,título y resumen,1294,5172c94f8a29048f0ad3e4dd6aba2b311a6d892ea481f5b362183e5b7e353268
W4398239214,principal,título y resumen,1033,68a3c9dc47c0a851197447f2d2f4eada3bbe1c18352f4f3487aa46b9a2a10c23
D-W2460599246,dirigida,título y resumen,1524,01cd658ba6a86684980cffbce4c4d858f7ce387b2cbcf7919bbe363a019b6d0e
D-W7132869501,dirigida,título y resumen,1785,a33ca6cf7c6adc251558587aad8e754ba1c65daad18e8be79dde17941a490ec6
W2614145427,principal,solo título,65,1ef1e65f924cc3a1617232a3df77b7f2ecbeb09f3cf58361e5d7a8221997ebd6
W4406324010,principal,título y resumen,1552,148fa2f1a51ddc520cd808ed1e466a8f5ded01e19f2f4f39edff1caf8fcbebbb
W4226293935,principal,solo título,106,1a711b0b35ac4212b92325cc7b92601c1a38dd7e7f2dd9fa1cc661cfe781a8ab
D-W2982609373,dirigida,solo título,117,79ded9f4211be76dd0309a02d94a571f09174324541b81282e9d1a0d3b78f02c
D-W2885496033,dirigida,inicio del texto completo,13052,9ed888331a28d40f6f56a09823e52267348330ac5d9b9c2039a7f1f0f22fb494
D-W2945793124,dirigida,título y resumen,596,76ac30941e43b3c5a039c8d2cded2127cbd7263000007a9e06acc8d3c85cd436
W4415125132,principal,título y resumen,771,fdf6d4880af2f048428235bba1c4a628767604671d669a44bcabf65f778166a2
W4414995412,principal,título y resumen,1626,035b57a9bc4e40b711354a835c3040c061cb87d6258eaa7be672e7c47cabf40b
W2043957983,principal,título y resumen,1265,06dd730d881daa03304f9926196507acc83657465ed2e65cc06e1f8ab43d05a4
W4401880117,principal,título y resumen,1260,c3c282919f25d951334c93409f3680937331bd7db72203b7a0e962d2c8eaa481
D-W2953505608,dirigida,título y resumen,1023,2adb78b20a26093c040ccb94f94c361f0776df1e64386a924ce42ba3df9044a7
W2802031355,principal,solo título,97,41fa8931038a4557b0ae17e26feb088c9fa3b4398459948636babbc3a5037b71
W4312189017,principal,título y resumen,1031,8fb28876b403ee5244e946ab4064d121a9182a45d626da8b8c0850bb4bd2dc1b
D-W4288287256,dirigida,título y resumen,1311,3ce7352ffa7461e798d71d6493d3581c99922b33856b91145ea945c9d8432a5f
W7164659687,principal,título y resumen,1434,720482317d654efb6ce6f03a2e741686eedc739111666c0fb970e056a2ef16b0
W3042589728,principal,título y resumen,1498,2eab6378db563864ca55222199d6a38395462111c4574071cfe9d6559f2026ea
W4412043041,principal,solo título,111,e678c68acdd79fa284a448badca07853621c29f0da9943456b542f367b978ff7
W2982819643,principal,solo título,47,b7741af801653683432bd473766e7ab8e58d014541d7e9163e8118869f862afd
W7154160410,principal,solo título,58,256eba9ef218f6d208d57c7f9ca4e0c7c341ad8857cc4a377a304f90ae6dc6b6
D-W3182487610,dirigida,título y resumen,765,723625ed304004b6192a41192e806cdb9b47de0e7ef19397ac07faaf82acbe72
W4416000713,principal,título y resumen,1229,d3bffe790053b5ea74ebda1c65c5b99e41080fcdb1b53a9a1f907bbac07f42ef
W7166677536,principal,título y resumen,2083,a152a1bed4501872657c634a6a2c09c72b42e401f9487a445b92842fd3496d60
W4410553284,principal,título y resumen,1100,25053f4a731c0c494819691605fac024163e0be223cc3a92021d203a2db0711d
D-W4396973740,dirigida,título y resumen,2084,6208095bc3a825d22cda6a76526e5f96ef3ff22c1087e55d837bd8fe0d127a30
W7166661558,principal,título y resumen,2684,d59c5f92b56b95a544d17ea94c15c22651e4dd406f4555a204f642e0ad6db239
W4395690127,principal,título y resumen,2185,904ff416a517a68a2feaf3a3b456b8cf9a2a240f6af4b17c8c57d2cfb9ea2084
W4366450538,principal,título y resumen,1926,38bb6f9fd53e2e52a9f998d5931d9a3c502c1930c73339df7ac018316275e5fc
W2005732451,principal,título y resumen,2338,24cda89e6b36e0f7d341210c1111973b2bab9889512c423d20678341b5e03158
W2611816619,principal,título y resumen,563,80c2942c60515725bda5355eadc2f58a4690e5a506d6587dc87ff22ad1763d25
D-W7137428334,dirigida,título y resumen,1140,7d4ac17b48c783a16035556ac5e2e806c73a5be52509f5343e71443089e4c96e
W4246134348,principal,título y resumen,1346,85ebb7f30d9619b24879306fa1b77094366782857042c7a7e128829ef35556bc
W4225645722,principal,título y resumen,1250,69e4a45628a4a8047b9b543143b3de1ee513c75460e35d158778375a98665957
W3025166925,principal,título y resumen,1732,2aa7f94d8fa4c522998c605972903885dda0e0926096be89d130f7528d89cb89
W2311912021,principal,título y resumen,2618,c1c31c28e0f1d2ab744fa357a142381b7c5b3b2f6938a31f51ba71ad633e52fc
W7162807945,principal,título y resumen,1405,2b322c17327b48593d701053de99ef0e0d80c023cf9455fb980fe7292539e7c3
W3014599045,principal,solo título,31,77cf49918fcf92eb0f88bd1d487cb7f9156ea1d352bf9d68d1eddb01bf8dc6d1
D-W7152448926,dirigida,título y resumen,1930,5229fcae9d4cafe2659a352f351d6307ba832f1de2d6d213db16d7d265b3dc27
W7140902263,principal,solo título,195,97c8acd4d029ffc14d94c6319521cb0bc90ae482e2af25cda2a933e300e5c7f2
W4408162857,principal,solo título,49,198303b198e2f4cdfffa1d057c9a01ea7db022f8e7fa5ece4488ca0254c74741
D-W2940892825,dirigida,título y resumen,2444,637cf58753aa0b07f22ea39b5093cf742235a92b8fcc1bb6cbbf38b25c41a4c8
D-W2794084442,dirigida,título y resumen,1048,916123d24d32ee0dd1c2e6bd2b01ab37d58dc2e2077fce5caaf161f485beda13
W2785957935,principal,título y resumen,929,82541b5846f3512437940f226322f724a7286b4ea67441455606437c6cea55ee
D-W3155779106,dirigida,título y resumen,1342,681e3727a80e4ecca66bd31b2ae4e8df25614e573043a6b3b4908d89779eb682
W4409131880,principal,título y resumen,2082,8143b9fc02da6d21639c96ebf3c6f7e76603a6c3073d808240ba30004e286752
W7163548797,principal,título y resumen,2016,add6f4bc4833ed17b286d34684fd470c20740e1a2a1c963e0eef292a32b42899
D-W7214185922,dirigida,título y resumen,5155,50bf957139f4d7c3867df33179c599ccec516e27802ebfcbe86bf5472cb7fc1a
W7131800447,principal,título y resumen,1370,93bb133703fa9b536860bfe81d642383dce07da16fb76bcc4fa3814bd1a538c7
W2949167262,principal,solo título,81,53244528303e0373ca519a87198f62a88b177e9b39a47eed2dc30acd03d37a1e
D-W3198704419,dirigida,título y resumen,1620,633327b141de9f0dab0c99d7019620fb8f686732b65e0730ce2ab282eff31db8
D-W3184167715,dirigida,solo título,117,21c72475ae244c3cbec4b4919f4dc0ff2bf13bf44f2d06358ae799b6d5b8a365
W4409666485,principal,solo título,90,ba58a47955e4618a411510d87f4661d4e97478f0fbaa63b3ef2c2216c7b2c3c3
W4393315148,principal,solo título,94,98e811ef79d55324d41df0ea37ff5430c436ef789073a60d60f88b17d0f35a36
W2989386938,principal,título y resumen,1506,5d1701ab970fc0979faa026a354006df4cfa99889c7be3c5db7f7911d7565ba3
W4415108308,principal,título y resumen,1128,383efcd7351ae5456daa917c2e75f452900d7f2ab6fc1cfba045da18d8da256c
D-W4412717307,dirigida,título y resumen,1875,72821a0925bb72770487970ba4d7976cca6cec2f4205e8ebe728e849e0754b20
W2325492079,principal,título y resumen,1727,d81104998f3ab9e69a0fcd6ae939d4e727f2609e01fd1b9f8cd2840bfe0720d3
W2911506050,principal,título y resumen,1550,1a821e0845e9686291b2d452828b3ba7d6415fb040a8553b039efd877a2ace17
W2473847603,principal,solo título,58,11965f3aeedc3e84cd7256e7b0b6bce9f1f397b38e40836752451a1dafb12f2f
W4410216440,principal,solo título,86,257825610fa281ae64e0038b19d834f11256d541584f38c572a4618f53eeab7a
D-W3198580451,dirigida,título y resumen,1112,2dadbfc45306db3c7c172a216231a9507a52b887ae47cb124202bbc53a2c741d
W4415003508,principal,título y resumen,836,1e977bba06bd8f517650aff3d5dfdbf4f0499aeaebaa34b7d692fade74e416db
W4413231111,principal,título y resumen,1479,2a090e9bfca81bee83ad2d5cafcca964999293eceaf9097f9010cf102789c74d
W7118187892,principal,título y resumen,1327,8f6e4780c16adae7bc94b259186e1570f1faa275612c1fe48fdabd3b258087e0
W55103004,principal,solo título,30,0340b5655e437b9606e29166d9e7030aa66985e88196635fab598fb3811cb07f
W4412746365,principal,solo título,111,aad1ee58ce3488cd7e0ca5168baa6567987855c94d4b9faae3565c6b7a3d4b37
W2586248864,principal,título y resumen,1774,cd7b8b668e6826214da12954741dec3663d51e61906527d42a1f43ec2015e3d3
D-W2798445376,dirigida,título y resumen,961,bb9d84b50fcc66e00b74b4b6c64ece913e57cf5fac1fb301e1e4cb8c242b564e
W7167788611,principal,título y resumen,1739,bc663e0187aa9694d38f61773e3553713c5ebcc7d91707a1e62258cf9bf9a3f8
D-W4239846734,dirigida,solo título,82,75c0580ed89bcb9e57cf2672cb6c0bae8634cacef3de902abc3c2db40a2cc007
W2808206470,principal,título y resumen,1113,44f766e187221356ea00414ac343ebb608094c471f588fe887ee89f0c79ccde0
D-W2401739395,dirigida,título y resumen,3343,75d5dd38c237885c9439d33bf48a6369ac6eb711366cd4fcc5a3a6c1f4620a82
W4411447701,principal,título y resumen,1557,2e6a732aa13606a7ecdaf72551d69fe23f7b1d313dab65270fd5a880a2fc3d4a
W2785556571,principal,título y resumen,1220,625f5d21b25a7c74507b25e0f847f5936283b26e757bce62a417b8779f7ee35f
W4392367586,principal,solo título,60,e2404012ebc2228ce08dd41799b8735d697aed16e2c8d5b965e61a4f4fc2c625
W4289743156,principal,título y resumen,1360,feaef1a27f77d7f7932f1a5d764a95d28b8f357db94aa7da4463fac075f8b276
W7161651316,principal,título y resumen,1124,b7376c19409bddcbcabfe923bfb7d34077e2d4dca58f02eabbfa839651dde490
W7151221313,principal,título y resumen,493,1f3356fcbcc43e6a37e2f6d0550609e9e8770f0f815f01f9932af52d423e0b5b
W4413264604,principal,título y resumen,1130,f598ed9eb86aece744adc8871de74a07b2e5d786252d2a0c1b26dd3ce6a2e470
W2755224466,principal,título y resumen,1023,1edb9808c270750abec9851b755055a2f07a232d66cd21147fd2c4fba6c67121
W4401611058,principal,título y resumen,2344,962c6619df0c63f874477d919d8470f85fb182a8815b4ad5e8b8149e7da48b96
W4407153284,principal,solo título,84,d84ac3b34b8b3191e2c074d8b623e046a24378b757bf8811854117259f1272e0
W7152699362,principal,título y resumen,1425,82e3eb1bfd5997abe4c2606726a3d2c6dc2ce0f9ba7dcc412eac2330c93468bc
W7125523842,principal,título y resumen,1062,586be3fb59ad9248f2f9fd1f8918597dd740c8361f617f524ce547b1a9c728d7
W4415743891,principal,título y resumen,1860,a146709f4be8e31bebcec8516f0f5bd1cd978d9391204ccdacebfd2252b616c7
W7166517586,principal,título y resumen,1238,2325e38b6f082b0c4e3e13b87013311767495a3d0b71ea671d4442d822540d28
W3208412058,principal,título y resumen,1591,7ad098642222fc689cea931ee9bdba6ffb119c31850efc5b8ad6d7814ab4cc30
W4406870925,principal,solo título,62,b4505242eb145b35b544f5f2afbbca82d25ddbdb10e1ae516bf9e1797c59c532
W2897681202,principal,título y resumen,1522,4889dc5d1f6fb98b1914d736649b29b19965d25fd18e9a1b4b0dd1127dec9105
W7125603952,principal,título y resumen,1216,9880e40ca32df21bf082d3d94503da2aa741408417f87b17117fa3d53c116870
D-W2756662822,dirigida,título y resumen,2907,e69d559d896e97195446b034f473d116d6c5c79efc5a02ae0cb39db8ccb06a3a
W4284689801,principal,título y resumen,1769,4697b77ab3c4391ecd9f148e7a7ac9d63bb575be08597d4d0d1f7fdd43cfc87d
W7164460387,principal,título y resumen,1379,213b86743f3b266ab4580f121dcf7443064ff39223b7a0bc838eb349f3b579e1
K-N2,ronda2_kappa,título y resumen,1563,645d28d78ec8b580795a228b330bc855725143fae696f2b39ff61f49e20b2032
W4415749842,principal,título y resumen,1940,c2a45400d70de1c2fb75b8682aebf8d2847e61a9c772298f044ce7cfe30726c2
D-W3161230336,dirigida,título y resumen,2574,ee435888725b4fa28fd59c5945933a1054ee2503c8259c0bab2f343d00a0ad8a
D-W7207140439,dirigida,título y resumen,1020,bc92127880f106e99ee41aebccbdd11e0e576c12e542adc4b20c75c80906799f
W7139924433,principal,título y resumen,1854,a8b9e5cc2fe112eee22040614dfb9184d2187c4695723d37cc976cf511d3fbfc
W7163371992,principal,título y resumen,1585,4512fa5352c088e43dc0bb271e8122d8f3b7787c9ceabf635fa6c549a71f51e4
W3163404286,principal,título y resumen,2074,ffb94a6f5a38efa12c7eb3ce3d7348f7500d4a50a23915f8badc47a893a3be31
W7131063054,principal,título y resumen,1532,29c73536c10f4e85a08cfb8106344b7331afb2b717e0b22d3813254e2e2fb48d
W4413991413,principal,título y resumen,1887,bbf4a326ae23b2c8069118f0857d37278557b1682146f373d5557cc95025bd63
W7151580078,principal,inicio del texto completo,13088,68bb2dc21514fce7ce3a72dae6e364db1a993c7cbed1b92a7172be92378f3700
W4281627831,principal,título y resumen,872,d62acf9fd6ab9058a78ad2c6c82527dbab2b96141da2f37bf332450ab7076ea6
W4414604686,principal,título y resumen,1541,cf4141224bdbb9ff690b189f8323e7d15696b03066532592137872bab6f6820e
W4408840153,principal,solo título,79,4de6be3fc29533dceca892c2b4572b045d63ab26a44b9d943743506f99d07c70
W2893592696,principal,título y resumen,1013,5ca17a0ce23fef95a3b3e051e7d3f93b5a7d484e23db4a3f895e64d052862bad
W7163356799,principal,solo título,113,27efe773e719a2f169a33e313684747b012a0766d5e7457bdd8628901bff02f6
W4390867318,principal,título y resumen,2166,66107b650f608184a2668a9e94badd23fcb4e4808b71804d205e89fcea3e77ad
D-W4403471420,dirigida,título y resumen,1334,48dbdde95e1d8e68ab2335abe7136cd3bb7c14d08173e6bd05d55dd4dfde8202
W7130728902,principal,solo título,65,336b565a932c452e3fe4c3855567d26cba506b31722a5fdaf8f27cbaa08664e7
D-W7126561887,dirigida,título y resumen,1325,dad6fafdba400533aa077163d7bdaa0a162790f560621c8bf5dec570cd5f9c06
W4403228984,principal,solo título,74,d96c67520d994a6acc016083e9a014729a4b092d82dd6caee6168bf55401cc61
W4404355356,principal,solo título,100,bf7e049e27c0b29a3a2248611e4183b30ccb2d6179eb5c2b609c1327c6d946cb
W4412792633,principal,título y resumen,2271,3293aa38980386546336a6e002c7682478aad3c4c262f9d74c0301edc693f9e5
W4328028493,principal,título y resumen,1278,bf90ebd91d7b8ce4d88e37bfd074b7dfed720191fa975c74034ec068f41f578f
W3163816312,principal,título y resumen,1312,e076f7267fa7cd275eedc4e45c27eceb0ec0f21126f251c6630432daea3b470a
W4320038019,principal,solo título,75,a9a25f01e8393e97756a85e06869448208b0dc4b96ec8756b71864ef171387ac
D-W4386421864,dirigida,título y resumen,1758,c503089366d84af4bcfda39a446447ce9e1417a9ed35e0a37f9683133b74e004
W2293582102,principal,solo título,86,9b013cae25d700401a535d75d366557d44f411680155dc042753582eb674c950
W4413941339,principal,título y resumen,1193,59001965c74f635bc3a4f4813e8c363ec78ec847b115ef7c7ffb2b92f377b6fe
W4415124431,principal,título y resumen,1469,e9542151910be71467c12d97cc0358e6d26005d83ed8aec6afd179f9346c5913
W3198141018,principal,título y resumen,1519,8b774fb904fd86993ac6b89a087f8f90e8bcefe81374ee066e54ad61b652304d
W4411811291,principal,fragmentos del texto completo,12959,ce82bfbf4c3e0d688cafd2a983701a53e8731d43bc4f3fdd342e22b1683a2038
W2286396457,principal,título y resumen,587,9b2bbb26cf6a0a6c67a79d14e7514da4d42ac24f4dd7e0da8b5bc08f8c06592d
D-W4412830961,dirigida,título y resumen,1411,2664c2e8160a6da8f94e9f203e353bff2b8e94995cd96cb336d3b95dfbf792be
W2811385780,principal,título y resumen,1442,b3921f3df6d7998096bdba69206e2e4598bff3b7c2c1418d0acc9a59a875b523
W7125709352,principal,título y resumen,2477,46412b1b1ca1d6382a2b2d3aef34c8812296f587bc55f59033a15e5d781d3cb8
W7134266318,principal,título y resumen,2111,9a906b4008d7a9181b92cbdf9378768d99d9ff101d52cd2c5d8b84bd16b017c6
W2756673757,principal,título y resumen,956,31dd1d6f40ccde6dd0b517187569897fc4703e5a3d1b92b49298cf6ef8a0527a
W4401853184,principal,solo título,75,4a07e05eb754cf2fe2eb7be99e54d491f91906bf89eca479da87098a7e1aac64
W7127187719,principal,título y resumen,1274,a9b20a5214cffbfa9f6265dec151385589c28859fa61334d051efee267c9c9f6
W2982880800,principal,fragmentos del texto completo,13057,38b37754ef32041b5228969b22f8dcc4891be288829aaa12aa18c38b97170497
W2587004657,principal,título y resumen,1853,a699a0a4cad11859a298059d8f041da3eb6ebd1365014f2b27292cab1f79fe74
W4408864216,principal,fragmentos del texto completo,13028,9107888ee20ad946baaf655c4ea75675705a60127b8657b2a9b7264e6e838e71
W4410994426,principal,título y resumen,1239,cc8a3d43fc343d0f282d513a670306d36ab043ba2c3085de07524a62a9d5c580
W4399965288,principal,título y resumen,1861,66e6212c1e5cea6eb08db571ddda23e5107962d317ea8d33cf7941580f44c407
W2795058373,principal,título y resumen,1324,2e5f5622a198ff0dfa6d0b0d04cd7ae37a13523b3091ebdf257183bb664fe9f5
W4317651364,principal,título y resumen,2095,b1ca3b4fd8e10ac17cc2af27a58c34f5788059fd797a7346de93ee3ede67f938
D-W7204687083,dirigida,título y resumen,702,c5ade7c4e2c0b0995dd558605d26fab7545fd9f66ed99e429a04f8cd71c4878c
W2618405925,principal,título y resumen,1671,df0c629f8cd5e656c2b29b0f48abfa2e123fec1d5c0a9f55bd4f770ac9e31952
W7117153940,principal,título y resumen,1038,a321e87af797e5bff5fd2db5f912a7641ec937e764b123387098fd2a7e31d4e9
D-W2766426384,dirigida,título y resumen,1399,32c31d5b1709447fbba4663d7b7c976c09dd8f54e36662e1a492f14733ac8689
W2547368719,principal,título y resumen,3649,ccd587fa604678eeb6901d21e6ac301729055f4a4c782fbb15cbb1ac84f7132f
W3013539054,principal,título y resumen,1252,3346101798ff0a41e2864dadd4ce78c1e1592ce0f4a1b1a51e273f8a54c1acb5
W2943402718,principal,título y resumen,1333,fff212d2144657c4742198a8dff6cd731f2795f36bb13c79b1205149b8ba9f4f
D-W3115088375,dirigida,título y resumen,3060,12268ed9ac362c0ea00467fa4e7dc7acf61c65dac18c860e96e11448189ea02d
W4406293362,principal,título y resumen,1504,9d07ca6415d9e93341ba3cde0963c7f41cbe4520800cd98d0813a56a09d91ec4
D-W2418711487,dirigida,título y resumen,1053,05daa6ecbb38e2dbe73c527f23616a4999eab2ebe00016400ebd996a841f9830
W7161473477,principal,título y resumen,1140,91357db171a412ec014070fa152fecc9fa12520dda01ac7c5634783d9f0f4cc1
W7160380525,principal,solo título,47,4100a0873e91345c0c38e23d9e4bc4eb0238f909d0b7c5474735b44e10c442ef
W4390098205,principal,título y resumen,1048,602d3b52a6072bc95286f6ba78d8503a6e87a54921920005682a5fe2b12f6fb3
W7140284935,principal,título y resumen,1423,5c40091c13f31ccc8a45690973cbda4d0c9211bc1f21616b50e5dcc9079e58d5
W4403606334,principal,título y resumen,1263,187b0ba07359ece9c4f37112cc6bb4a8f91f969614e461e399eb10bf36e7ef94
W4394745419,principal,título y resumen,1393,0c9b7d8a7476e2ce2f8e8f91622bb43403ed492cb9b88de68e1667c42ad5335d
W4413451213,principal,solo título,121,1d35aef0debe06a1df3ce42fbc9c2656e9b2ee72da7ac4537bb70abd9122c387
W2509076037,principal,título y resumen,1764,1a970366e00cf8983456d80eae1833365cd46f1f1ef4495bf4102b2512eb3950
W2913528750,principal,título y resumen,1272,7fcda7ccac35c7326cdb61ac30eb57f89e08bfac12cbb3bbbdd37c7d987c8be1
W2561135046,principal,solo título,93,b70677aee938f33c54d1304d921cbf65164d02c345637f55b97b756a120bf167
W3153510087,principal,título y resumen,1694,033e1de032a81c6ae79b7a02315e047949d79a55892dd90a14e02f9cb1036296
W4415003808,principal,título y resumen,1583,b02e9a5d5a9fab8affb8fc068af97685cc5469902f6b3253c9325f4f56cf7a3e
D-W3167229571,dirigida,título y resumen,1712,e37c9a136ec6801171b85044ac963efb91ff26364eb1dcc267a2c82c537fe41f
W7128388097,principal,solo título,82,eb4e67c86125dff0cde0878d67f2c57639c130c5bfced607864912657392f516
D-W4392640267,dirigida,título y resumen,1066,b758c19342a33b96a0c19ed1cba7e7d721791bb64e5dab285d695f52e0b8bffe
D-W2553684736,dirigida,título y resumen,1315,e8db91fc0bbd0bd74a2b8f75c017ab360027aa015214f8d915b07b7203d6d189
W2799551271,principal,título y resumen,1836,7b9713191ea2e76e1ce82ffe87801667b46995878537745c25b882be6081a514
W4415003723,principal,título y resumen,1482,371710666d349e8aa5edb88c6fef6031ae68e8b17bf49e6cd734325ece0b3822
D-W7210116675,dirigida,título y resumen,1390,982d329ab127b7daa1564ca45f1eb8ff87fdfe081306c88e7fd869bb33ff10b1
D-W3160573182,dirigida,título y resumen,2055,a3661466117225fe3a8581212ff890ed2ebaed7e73a5d4780e0e42e36f1e7a25
W4402915425,principal,título y resumen,1542,2b5f5bda3b3ed7ce6937a197cd9ddd1fe6ea90586e584ce2ed1f00f960f019a6
W7133307183,principal,título y resumen,1485,87a10931ecc8408341d8d60f8042fa521cc93f9e583aefb88cc0dd7b43a14805
W2560676530,principal,solo título,119,b4906e9648e8176242787235e37e0ce7f8b167ab3e3ab5ab7980198a4e923520
W4402400535,principal,solo título,78,e219430cc8eca42f7f5e8defe4006c60d182a13ebeb3b240b682aa8b3c5fbfa5
W4388681931,principal,título y resumen,1261,6a5030e7a95f98e95c3e97fc5a1637408e0e2b2fa65895793370d91fd5128831
W7162251975,principal,título y resumen,1454,99d3ebc0ca9691556617ef2238706f261ee05588b6e9910868e76bd06cad1126
D-W7124154538,dirigida,título y resumen,6423,f6ea768b2b7e52ef056ea82e64994ddf7f104dc2bf72dac874229dd717068c7e
D-W2911447040,dirigida,título y resumen,1827,90dd3b4ad07d168332235f0e938071c71fb3168b123d6c57cf6180165bdc91e0
W4401672003,principal,título y resumen,1996,d897dc154015384d9a9b8e51607dbbe6a93598a586b72d74c21b0ccb4db3ce84
W3214655559,principal,título y resumen,1271,42f160edb7ef5293b4f0ce55990a59ea4dc60e41d137fec03d7071631b089690
W4396554328,principal,título y resumen,1430,69e2b84e037056f712344c08f4472468474ea3e2aeac1eebaf1166f09112524f
W7164054209,principal,título y resumen,1775,46f219952e5007ca22135c5f7de3a0c526263ab22bc69a1389d6a84cdc82416a
W4367021275,principal,título y resumen,161,191465eb6bff6ea69ba73c4ddbb86e14bd22e26e5dd58e72cebd3c0b6ac94865
W2941052600,principal,título y resumen,1306,46a20582c9d1da716e5698b28254524b4b82544648c3e5f1d35237b49c5a0c73
W4286446040,principal,título y resumen,1782,aa6eeefcbd36beb18f3edb0801af7c8e3b7252639849f56741fb3a0c10465ce3
W2248592387,principal,solo título,86,4fd2eb86fafc852733b6f61343e8ccdddd340e72d102e32a22f797a1c824e7d8
W1825009991,principal,solo título,66,a37e7785ffe048f18ded8c428512b6f5c62b15541eb5b0af31e024507ee27f2e
W3104651106,principal,título y resumen,1813,1a4b4a655d42dc7ca4463f175aabb285377068b95bf697bc70e201d28d90c9c7
W4255906100,principal,título y resumen,1552,634072192d44566e4e613450dfad774cab3dd34d2f02e6e2a0363eb430d5305f
D-W2893516363,dirigida,título y resumen,1027,a4a6d326df16cb3e2e94f809d505bd242ead828061ab07c96858d3a5db7feb80
D-W2899200634,dirigida,título y resumen,1231,0f9c86506f801dc4be06e0ad8c44f2109b70956b56aae8528c20d0466309467d
W7159936093,principal,título y resumen,2322,4f7e32dc5b7204b1997b3945ca853d79a3657ee34669c7303ad430e325192acc
W4220979487,principal,solo título,77,2ee7fae162b5130c54171d33a570fb779e48cdd2dcdb4a6cf4704a6a4f8be300
W7140187955,principal,título y resumen,1350,bbef5c1baef07369fc1210d4e69530487c84c129700371230ebc5148be909cf8
W7119551143,principal,título y resumen,2299,03e9ad9c224c7990ccfc92585873e5389c8bc1ffea958ed84f46610ca05461fd
W2891130414,principal,título y resumen,1777,86a01afb1ce11fd94477995006cde4a7283b71a5ed53b1f6c76a28c4bbf6c2cd
W4206957101,principal,título y resumen,1047,c521c90fc6cd7068d554c2b68589f0391d1408ca8e9853ef4a2f1df1d24765ce
W7151276199,principal,título y resumen,493,1f3356fcbcc43e6a37e2f6d0550609e9e8770f0f815f01f9932af52d423e0b5b
D-W3008178433,dirigida,título y resumen,1323,f84e7cd018241827116e888a80d44c8d0033d1d762963eebd2d2e2af81f14871
W4416380816,principal,título y resumen,1503,9bc795b3e60ec13a43e5c4a8ab8cec9ead7f420b6b1baa79cbb2bc6e15a70497
W2611993960,principal,título y resumen,1558,19209b19f465a332b3cd9dc3a52f7c114a9c1d0f92e01563310c15a38e5ea389
W2902072491,principal,título y resumen,2879,705c00244a61958f153b1cbe668121e3b1b0dd9b3f8aec00c02d8d172fe70cff
W2002900608,principal,título y resumen,1618,41dbe58c7262ed13fbeaababb2481525c289a5c005a2fc21ded913aa71c0c6df
W4408741271,principal,solo título,83,eda0572a54389c154dfb76d77223a7cac1aeb844a07276ee32664516eb9b41b0
W4401722583,principal,título y resumen,1366,5dfd85e6095fcf7c43ba35f9cb5c0eac3d4749b52536fc9794651446281c99af
W4414055374,principal,título y resumen,1774,6f879e8f1da4956ac97db34230eb80106d6cdd3439745372e42d87041755f0bd
W7133915089,principal,título y resumen,2215,9e59f1528c82b585e1c1cc2d4353f90a1a7ed9895230529c76735920fa04f91b
W7154954425,principal,título y resumen,1466,2355fc0567a7082115054ab7a1f0fd58d68f6b02316f090431896eb0a76b74e5
W4401723531,principal,título y resumen,1134,110283cd830ba7cc7d52dea73d2dbaaebd28481c27867514fbcaa006ed1ad172
W7166662328,principal,título y resumen,2449,b25da56b9ce151deb43ae3eacef5f796c4aa67da88356ea3939ef8558cea9b14
W1461221840,principal,título y resumen,1753,c4a3607ba980307e9972e2415b402a9a2a21be8f7bf77bc2c9ae1ded0c99165d
W4415124975,principal,título y resumen,1252,73099bc2d4e7eae712f886e77e87ab948aecf57681f53286bd2c859a6228602c
W7162327731,principal,título y resumen,2553,7ad096bb9805127be531c7ebf6b8f2dcd33bffbc2a117de4a65c3e022634e028
W3138862798,principal,título y resumen,1411,3e6adac47d56516a698c1e02e5fee6ea4a3e95f953dc7c3a1806ecd51cc7eeb1
W4409762871,principal,título y resumen,1451,914a19355fb7a771c028ccb77a848745f36ecfb44c60a1a5f5e2442024a30b47
D-W3046959404,dirigida,título y resumen,1176,94400bfa5533b3f8342af15de12d4b18a60afe539274683cf52cf2466fa893e2
W2895952060,principal,título y resumen,1444,3a9fa47d2f0d397657518a8944a21f1db775d028ea5f111d7e7c1d73b1e3ab04
W3204784274,principal,título y resumen,1781,0c74e61ba779822ead9b546cdee2170be313cfd47d21553090315a8258ebce73
D-W1563598908,dirigida,título y resumen,2342,1d8495d3f0b6f4ab0da1c9b7b7cd7b3055bb0992161836cbd12fc9d754bebe39
W3010811253,principal,solo título,96,0cd2bd9ca2f1e6b584926bd8ff0f7effed776827aa50ba1982fe17ae7e997c7b
W4400806047,principal,solo título,98,1a31597db8d1214abc6c14012c971459bcfb4d0f5fe43b5e45218df19a160690
W4414376521,principal,solo título,69,8f2edd61493d26a5042bfa56eed27a8ad5e6c894b07d9ff2cec2bb6737dfe97e
W2804278074,principal,título y resumen,1009,71c918be580d0c98b839f94c45109a67e2265cfd01beb22f15e6b34960719e77
W2906320793,principal,título y resumen,1677,530a33c896402831cc62a6f63366308699db40d71bf4b1d1b12f0a339025c2a4
W4313907672,principal,solo título,79,fb274aee8c7a425cf907d957e0bfd299f34ef38c57014a734e3d8c21f7426281
W2946703584,principal,título y resumen,1711,8164341ffbee33cb2a068862e80840df5a17f68a15dacdd96d5659a5896f38af
D-W3135504107,dirigida,título y resumen,1667,c9b736207b20a4edb43ed61944bde2275616aa2404750cadba452bc8be8630dc
W7163087982,principal,título y resumen,2293,d4c72dd50c32257f8e8cf2d1207ccef60a15509586a92a21457f90586800b424
W4409163390,principal,título y resumen,824,82bf91b4df4e716e1338423fb79752afa6b389b26f9c39794713f716ea44aeb3
W7130676094,principal,solo título,82,251adcb33b28751534bbfae9ab27bf2d4601bf395c0c99decb4b45d7688cfde2
W7165913249,principal,título y resumen,2134,9b434d87dcbacc5c0ab017cae7b2cfa5d5737d24a7be7b897a7e848bc29ba4a1
W2675805742,principal,título y resumen,929,127fc41abe908a2655adaafd7d709410fa61a711208024927324528acda263f9
W7161122878,principal,título y resumen,1772,460bf3614e16ea0ea3b265a5a982acfcd7993a2ea26693e5a32a1a1585cbbbd7
W7160951458,principal,título y resumen,1186,6a7cb25560d066468d36abf9341b095d156fb371dc27005f657605f4e64b906f
W4409797007,principal,título y resumen,1421,dc931cda6da89c4c48d5f4b16cea364d70ed6b87277729c69d14f4e112396ea1
W2783145636,principal,título y resumen,919,ae18ffe7a91d1d3b77136d8201f057b36f59063b305e520060538e4f59d9c938
D-W2806274912,dirigida,título y resumen,414,bb7fa6517b05a3f5bc2dec278304a143e662b23e29aabd17cb96e8c6f6f947e7
W4413680149,principal,título y resumen,1824,20a6698a48c56d682476653ca45b5c5bf18ccfd94ac3fcce2c31246ce25a6b0c
W7134052127,principal,título y resumen,1850,46e1bcc8f588f07341fefb39a589164797626d08b9ec8ad592f15e2e07fc2190
W7162801694,principal,título y resumen,1781,aafe9bd7c26c89a3a407007d16e42599623f6b52f5480e2fe96125631df3857d
D-W2767103840,dirigida,solo título,92,0dff4279b6a45dc0ed2d460b1910cd89ff5635505d36e9ce8283e7a8d6f2b770
W2338194303,principal,título y resumen,869,037bd869a4c6d7fc1e8dcc1332ffb66629f057ed18950a3b697d06be2781efab
W2896821583,principal,título y resumen,1141,6302df3519fc07e7d61d7a9b4a47c0042f93fbdc5d357f323bde3d8ba14da5b3
W4402062509,principal,título y resumen,1001,b0f5a69103e5f52fce51cedb2a66a8c6cc7cf4777fbc7f06f4a0a3db4845f66a
W4405023055,principal,título y resumen,302,5078a322b1f9a9a2cb90659000b683e1d09739f0c48d9df4de13b8e4b51c8d60
W7165003820,principal,título y resumen,1223,c8e081afe38144750bd236b44b18265b46a1cfb9de2c13b37d430268cb2b3764
W4304974804,principal,título y resumen,2742,e14899e21dff60a86c0b779554f3bb503e483ed706049515d424fe8476e8172f
W7128694601,principal,título y resumen,1871,4277f3832c28617afa8dca62ded3a3739050632906d29cc8c0f7e4a09edb96ad
W4416336279,principal,solo título,91,2f7feab5e5ffdfb85995034f4e4e5fc78ebc9271227762b610c1f86b5b96aa48
W4396736584,principal,fragmentos del texto completo,13036,677ab153775f683006f405b462d55f54081377df506a5ae7dd89de6031c9b16f
W7151503648,principal,título y resumen,770,4e67c5c2f074c8482d2e50270d5181fdd040065a954b216af958a9a322004e1e
W2753115148,principal,solo título,79,625c21bcac64faba76e9276652d924c7975fc1dcc183bb026407e285d1a20212
W4410552863,principal,título y resumen,1465,01409539b8f17c3bb7bf1f579f36453c7eba183399aaddb4b8e8a04828abdeaf
W4411272401,principal,título y resumen,927,d598625f23ac7bd9210f0ed93b40a5a90d992a7a74310af976e19f58106b4104
W3161081127,principal,título y resumen,1400,180ffabe44296dc7a7ffacd8c96482f9b12f6e2133dd69ee90474172197f7c35
W4391893207,principal,título y resumen,1180,3a152d82dd9837debf06dfffed6efcb2841fc6992abfa82b5efe26df131ea7d1
W4402968895,principal,solo título,58,6fba1c35a5440caa7ac5063be862484eee74c90a3da06e446486be1872e263b1
W7160066672,principal,título y resumen,1938,302cb075a269c8c78ee2d24d8bd364d87a322b0db73056ec18a94e09d595250e
W7119543355,principal,título y resumen,864,6914d8255ab2615cebd7fe095bb93da5926973a5a80912af40f01d457ee68553
W2574990557,principal,título y resumen,1397,7f26f0f83869c08375afde05feea0f28a638aadcf1f1658e136e038f35ce2834
W4406744209,principal,fragmentos del texto completo,12731,a450d553f167907fa39150647dfa8d7ca1b817554b8d134d9995602d43be8588
W4415298693,principal,título y resumen,1614,3a2f69b9b3d2a5241702bc8e017881a660e8391033627df3f96c293fe5129941
W2571234366,principal,título y resumen,987,7a98da4830f88607c0a8be34f88823d2a1718cc2063de35343ec92f24e39b0b3
W3152451932,principal,solo título,86,01f7468b8cdf075f7f20b56bccb5f7c2e3019b8414eaa464988b2df2e8347eae
W7133222239,principal,título y resumen,1578,d6aa7aa989ad1cdb00eb2d6fa71d0ed9a551d2597373392cfd322c5e98a3c6b9
W3194691571,principal,título y resumen,1286,7c96fe7efa540a704a0fe862391c30da4f05519571128a196bc5855348469afc
W4415003550,principal,título y resumen,1583,fb79aaf04c6977a588afeb1fbf3e15906457ed83e991c357727cf63152e41a07
W2509869772,principal,título y resumen,1226,b9a0b986f4458f41d71a08a7c443cfadb379bf51861365ef4efc32622439440b
W4250178280,principal,título y resumen,891,e2b0a779ce8f8527a85e5d32941355bdcad366089c0a13e30a09140f76c83818
W7130707131,principal,título y resumen,807,02bff4bda253da03d225cc6a45f4b5a32a591a79c3a1b1ffca0445fb33847eef
W1768556568,principal,título y resumen,3500,9895a428353ae8d66b02a5c68c22885dae2b8923a12acd1203ba0543cc31f1f4
W4408892189,principal,solo título,45,a4bbd0015d6fba204317f5a115904f36ad75a090113eb3fb69f0308b5e1095be
W4415067287,principal,título y resumen,2368,cfd583693739aabfc087d11d96bb29164c28b8b350bc3d30288efef81f9c50f8
D-W7155678219,dirigida,título y resumen,2393,76be42d1cf92232f6d1f877e82215a3e4aa82c9616c5d89154a7743e0c4ac91f
W4299543256,principal,título y resumen,1057,87106e6c627b09c2c1aaf74f59282bba833428269097ee6b22394292100ef437
W4312934110,principal,solo título,129,3f9ed4f56a0db274e804c041a5754567277aff0e510e2995bf2ceaa367d975a6
W4407385974,principal,título y resumen,1542,f1e09e996f2d47cc463f57cf85ca939bbbf271b7c9f0bc333665ae4a970ceddb
D-W3026067470,dirigida,título y resumen,498,3bb59d09d72d8d5d6cf9e3eb70483ed1168d29a9e5d8b9bf4c5628ea6da4b564
W4402496219,principal,título y resumen,1348,4b70b13b9b3759b0bdc240495e1ba2ff45d5496253373e4e08bdea2661288029
K-N8,ronda2_kappa,inicio del texto completo,8209,1415e57e8a9ad45b38805b1340f27610ea71e5b8ba17f0197fa7f50917ad18a7
W4393036310,principal,título y resumen,1822,619eaaca54aa513e52a3a41373b52509294ad13c9d0126e676681564f24216c1
W4293064335,principal,solo título,81,0ad98baa95f2194c8ed42a567adbfa6d99306e5535e2561d35cfbb4909a85fe7
W2979394456,principal,título y resumen,2357,967a8eb00cba8c1588373c24ae5fea90676fcf6e366fd62078269a749166ee75
W3205784703,principal,título y resumen,1851,a9ed0858bb4e37cf373b16ae9f1a25f149fb5e0f18fced9b10fc6b5398654819
W4406905466,principal,fragmentos del texto completo,13045,fd0284f4b4bd5e2d440d2f4c8baf3aa9d1171eaecad68071dc73dc7e32b69a04
W4415974256,principal,título y resumen,1400,5ab27beecc3c144cb48967597448cda4f60ed8702545aab76c68b70701533625
W4411332285,principal,título y resumen,2228,ebd6ff6c94d1679113aacece16536b37ec88f54860f941b81d59d82f0a297254
W2612091407,principal,título y resumen,1638,b71fe4c70a1434142fa630562345b83f4a813d262ac2e77c0f27bc22c21e7a79
W4403864753,principal,título y resumen,1622,d80cdb83e2f0c9db9f735aa8985ea1a8d8795f75ebfe8b7d053a79a862ae7b63
W2573638367,principal,título y resumen,1132,02bf97af7c0b40dfdbbe8ebd844ac69695801a211215a55bab4ab697dd8fcd13
W3097018122,principal,título y resumen,1436,556f6baa9ae3acf165d835a96f87668b33d4b26f05126a5bf8405a4ede982ce6
W4409054028,principal,solo título,83,ec12a449c2c9699c38dfb17879c3aae2e08f01946c430f7c753a61fa40f8689f
W4312278392,principal,título y resumen,1141,3c8e3253690125dfe7c9ee18966c8a6e0033794a74a606b14dac1865b2d5e19a
D-W3136455505,dirigida,título y resumen,3753,8ae819306f2e761ab9d81b19e5729da7065f90fd15ef8d384f7d59ccb18e4027
W4211171039,principal,título y resumen,1765,88346cbedb8a33697ef83b6dc2e0cfe4e011842c2b6505c3b5831332117259f0
W2886442554,principal,solo título,111,59cd44d56db15323f8e0c480056f7fca16aec6e2238cc1914c86b18f26fedb9f
W88107572,principal,título y resumen,1684,c44198f2832072eceffa9c53e8f800f8c8b101b2df0c73f01498b913c7579ec1
D-W2753011813,dirigida,título y resumen,349,180addd83bcb999e777c8ab63307444ba3a13d3b42481d9782b407f0eb391ee5
D-W2530510197,dirigida,título y resumen,1446,c5a6bf95d76e67fe5e5a3267c776b333ca062c906ca00dd3827e238a927b2da4
W7161435090,principal,título y resumen,1425,82e3eb1bfd5997abe4c2606726a3d2c6dc2ce0f9ba7dcc412eac2330c93468bc
W2292634343,principal,solo título,67,c828eb520f6a6ac30cfaa86b6c8146ba2083e1415a8467b0dcc941d61bf92c7e
W2921111163,principal,título y resumen,1105,dd11abf1809c231e2eacec970178135305838cbff2358ce4d1e17d631b8c3adf
W4393315514,principal,solo título,85,592593d47de8d094a873f7014bd793ef21e1e2192e23582ecc803e1058357517
D-W3123673165,dirigida,título y resumen,725,29c39cdb1fe8292e947345fc2997f59cb465527ef0e68a1964e10177a9738d44
W7164746791,principal,título y resumen,1916,242134420ae61df495379858278cd7022975d98362ec07752ed69aff108ef58e
W7141776145,principal,título y resumen,400,6e940e235a0220e68a66056517a028a9abd618d9e00a3771530fe9aef032233d
W2870901259,principal,título y resumen,1069,28a0515d21930486596f77ba6d96f7419539232817c0bf50861fda19a3944dcb
W4391789117,principal,solo título,78,0bc3125013f0112b81876050738216abf4107526beae744185b31bb49840d5c3
W2898676236,principal,título y resumen,1877,ed8b27987e5256f2d0bfa382dc2c4de076796c068cd1de1267393675059b4cea
W4388604725,principal,título y resumen,1416,929766b8fa7abb8f4a13dc6b1002f65279809361a90e1772aed78e4cb047ba5c
D-W4248381723,dirigida,título y resumen,2128,9bc1f97be91fa646333f031821d3c2e602efd30b36bd6a27c98fcdff9b7d7e72
W2556553998,principal,título y resumen,390,dc554ce55310b7c1abba72b00277c2926be4b3ff171edc7904a7446dba0e735f
D-W7133471020,dirigida,título y resumen,1460,dc8c5af8d4aaeaccc772cc1b0b870a9af496de04d31b79a34428b9b24fc762ac
W7167823947,principal,título y resumen,1504,1a9546a781097ce9683493a8934717c3c8d0184fa14e130e6b8d346da71028a3
W4402281491,principal,solo título,67,2e2d4fecb87722f0f6a7398de673af7448cf09e9d1c6cdc43fb3d88181411af6
W4309073602,principal,título y resumen,2839,3dbc4ccd17322645763f2390fbe0ed2032392f25158ad2f40c8787f03d1bd461
W4406136928,principal,título y resumen,1132,f606640cba5bc95d1295f07040c02e162c39507df720fd9ba315b2e185718b55
W4383647909,principal,título y resumen,1633,7a08d58a54b883fb6bb214412c6c7d878f168171a71b39b6de730091e2f54eb3
W3081454995,principal,título y resumen,2082,632f85a0ca0cd1f0d7d6cd78b1e2225eb6e15f6ed669faefd5b96e3af29809bf
W2947301369,principal,título y resumen,1424,880bf587dedb2f8a77e58e3989c071ffa98e9556bb7c0fe3e3da79c158187672
W7154292506,principal,título y resumen,2773,420fef92af5f7b480db357bb503084c92dcaa145c263f51425616f1bba9e7a2a
W3135080730,principal,título y resumen,1868,d47e5cd067a05c2139c32255c8b3cecc00ffdbb2acefc0e7301e486926fee8d4
W2181874118,principal,título y resumen,1645,30cb7f7a77e3463fb6ab37f34e174dfa7b0159ae5175b008a3fe18ff06e830ef
W7151404571,principal,título y resumen,10051,08b6d3ba3e88c2ce3ccf5ef56c23803368baaa2fbf6e24c765725bbdca1d4aa2
D-W2741175901,dirigida,título y resumen,1254,6313285e685ba6ae46fc15041d17fcbf829c3c148a7c1226de83f2eb417ff423
W4405490059,principal,título y resumen,1195,d641cc9610c76bf0891b6ba29743647d2acfad6286439c74e66bd210359e6d7a
D-W1542216578,dirigida,título y resumen,575,f486de0b08e8c4f52277815f3b939a5650f99baa5ac0e66efe01d00eba826c93
W4415083158,principal,solo título,71,460ddcbfe0f22d0267d8af79c32bbc37bd3c726d9ef222ef46cd2fe555e060ee
W4285148773,principal,título y resumen,1823,9053461198883579f13e51a7c78d4f7ad47a23f2b5b7e70c33cddd18930dc5ee
D-W2523349963,dirigida,título y resumen,620,0d67e65a24a76ed16f8aa84f842323aecc7bb545ef728983a001e8d221d1cbd7
W3196840090,principal,título y resumen,1095,2c8693abaf727dc8a81014119f91c9f321171f1e958af0e3125afcb7dfb6f26d
W3162208066,principal,título y resumen,1367,878c45dfcf12910e891d6d46215c7111db3fb79cb1b4b8a75428b081ce3af660
D-W4407511428,dirigida,título y resumen,1350,f1b03dbacb575aff9e3303205f8587c84b0af4aeaab8925d1d74fc11247a3e50
W3129250686,principal,título y resumen,639,be814a2b95fd258eb1e29ffbcc37f4e4a2ee67c9f9ca47a4cc852af9ec2fb213
W7161689861,principal,título y resumen,2300,0739f6adcf51d326c551aedd31d6d7abd7e43a7fd8569da864a9785a2f59f989
W7162077558,principal,título y resumen,2002,04c1468e0eac4efa65a19b4b3a4658690008db98b862dde77b7e9508803ff8b4
W7125983317,principal,título y resumen,1611,f68c9cb79e839b651c30baf747f6aa30f849195a77faa455e5b3361c44f7428f
W4415125342,principal,título y resumen,1135,d6163813234792bd3bbbffa276e26518869a342fdcb91b20cd1fcb31d1a63df9
W2466929610,principal,solo título,57,db0445f84442c89bf4e3c42e9eee5a6bce2dc707d44ef301da7b4f72afede3e2
W4412703855,principal,título y resumen,1711,44b96eacdb02cc40d2f6029815d77e2dc90bfa66b12437d6e2eeb47653981cec
D-W2784941090,dirigida,título y resumen,889,c2d670b5305a234c6ea35d285a495f896fd082fb8e26d13c5370d71135b55e1b
W7167083413,principal,título y resumen,1532,69754691929ed11c7ddbd45100d418aad3b030407fbd55613ac4ca0925a8978b
W3144518144,principal,solo título,50,de55d6f88767f7d1affeb4d4a472dd3ffff99f09cd6ea1190afc8d33027c850d
W4411410483,principal,solo título,68,cefad46a66a8663a2ece3d46ee5abf5ba070f15e719585515cbbca012aeb1fa8
W7127896262,principal,título y resumen,1555,7819f93cf728ceb0319d711848944f1d6670985e50229a32d49324a64eda9e50
D-W2922876458,dirigida,solo título,139,37e75d13263ea826020da449c578e58df926fa6f2983a65101a1bc853d3c4af7
W1500805749,principal,título y resumen,1432,e1e7c8d0cb828e466e80e93c827a97acfdf789de3f4e54e24a4ec79a9c0cc8bf
W4411832040,principal,título y resumen,1448,45b557d8affb18c2a36d08bbbb819f07e0742ec9604a775272e9d8622b7ac677
W2594264723,principal,solo título,79,b4a3a7b51c5c0e40e1bec931a3629b2f5776a3ea17d4d0fbfd6c9b6685d7c18a
D-W2501564063,dirigida,fragmentos del texto completo,12995,ccd436b81c6e88f3cbc0665c47bb1b95c51ddf5af19abbc8b983198faec6667e
W7160830405,principal,título y resumen,751,47ebd660d8322c20dc71de024bc8aff90e0c270656e0246a8d31dab8fdc1ac86
W3046778356,principal,título y resumen,865,d3d1549665a46af74fa6b6b19661ca4df75dd747f54c95a05ad35cd0fa21821e
W7147701522,principal,título y resumen,1806,1446469f36932db367fbb649c584989e6c33c454bf3ac153d8defbaff148ec7f
W7153957083,principal,título y resumen,1474,594e4d46b7655ceb344c44d55d3788963d0b74ac4309bf3fffb58d1b59dd8bbf
D-W7155575667,dirigida,título y resumen,1592,02cdc5ef09e28313960801eb1f00ffa25ae1d9cc98f36cca7470f141f0045f46
W7161966649,principal,solo título,100,c36e4f0562b7b4a36ccc72a16c6062d5ba82e850c7014d9dd051384e6f9d1c73
W4415003593,principal,título y resumen,1500,b3729cad940d83c0c6cd3d7743423d21b6831b3c6573e27d35b42815c29ade54
W4313229660,principal,título y resumen,1956,b6d365f4879e34cadb2f533ce57874876eb62b249bb4f27616110f53a8dda70b
D-W3193638413,dirigida,título y resumen,1908,b659f5affd84a2c3fd90bf46667abe1b52961b6bde2cedd5e76184efe4f2854a
W3004762772,principal,título y resumen,803,3e90f9282548acdee365ca8987ae088646a9390713304b10789e1487ef384b8d
D-W4226351699,dirigida,título y resumen,1688,cf06d25809fa703b1ef82ca9a662a821d1035618671d773809aaaf118ad47b7e
W2567371315,principal,título y resumen,982,7cdda44a549283e442f6e88cd5f9446221c37e3a4fd086027ea067c31edbac4f
W7168149677,principal,título y resumen,1886,af7957a840ab88358cf4764948545908d065b510ddb656f111cf3b9c8b82b799
W4415004061,principal,título y resumen,1556,a9d191911ce4bc15346443a61e3efefd6b8a3eb3f577c856ec565dd44a36ee31
W7125923841,principal,título y resumen,1242,fad482bb7d534b644ac610cfcac712948f723caf99d902775a95e6642fe213b4
D-W3217697429,dirigida,título y resumen,878,536d7c68216c63fde9f353a13191afe14cb8a7f7d49439975220b9c96fc1a09a
W4415335640,principal,solo título,94,407633627adc67bbb382af57e578b0f743c68dc02149b2afdea48d1f10e6d383
W2490593799,principal,solo título,80,a7a9e7b5e6eec2cb13e2adebf8cebdcb381ef3c6404ed363f76e551ba3254d3c
W7125695301,principal,solo título,96,70afbbf13dbbfe5fd712e5d5ab8800e292f857ca88f16bf8079cd619563cb605
W2489393935,principal,solo título,63,429d25a7f5a44f1aadb1c97cb3723a949c33692fcee721c1994139b0214aa921
W4293423705,principal,título y resumen,1006,4ce637fa72982127466da96cf37a290e731dc82a77971ce7dbe0bdadcaee6379
W3202039788,principal,título y resumen,1292,be968318981f1ef8097b892cd9a3d7f64380f7126619bd51b920b5aa1de3e57d
W4401719355,principal,título y resumen,1518,57f9c66b8ea07d1743dc1d3e73fc0fb4f59276430abcd66a04b959f2a6c6529e
W1668308126,principal,título y resumen,957,ffabc1470c4ec4a7b2e631b6873e1757a760d5156fff93279c304fb383e0b0a5
W4396957427,principal,solo título,114,1772a8c77c70c22857b189527da51e23d331e858d0c4e68e2331d5d36265e6be
W4390475000,principal,solo título,79,aa14fca795097223674872306ac2efa9f1031f96bf45e084bd52330ab3e506a5
W7117992773,principal,solo título,85,0ec96dcbd4c341620597fefafd6c8e0217242edfac9a79022c474f028a5d0ba5
W7154713234,principal,título y resumen,1626,95ac7361f0d1b89fbc885b2abc90ca4d7b8f0b2bdb2c4baa355e76b698474ff0
W4225728316,principal,solo título,85,e60837e52f7bf28b9f904c61357d3a2683ca128520dce64a6323aa7f338ba486
D-W4386578305,dirigida,título y resumen,1499,07814272f265baa27a26c13fa5a7a373ba9a276dba24cb3ca62b0b7edd210c30
W3101342235,principal,solo título,41,2ccc0a29260737c59cf3ebed0659b22abdb17521c6626221539f56e19eb2fc39
W4412346364,principal,título y resumen,1025,035b11dc72dada98db48183a6571d33ced66d9f9c37596a87fa8d595381709ba
W4327928504,principal,título y resumen,1112,ea976622e35c7f14118d3d9307d76e4753a0691e6335842318fba0a1e99e6393
W4237513841,principal,solo título,11,c161276a5890f78018c8acd6e550a6d532d7d5ac2e735c206070e689b99095a4
W4387476559,principal,título y resumen,1434,3fc2639ae982051dfc0b8e3764efe1a2a78b3b3b4eebbd675a6df8dfc457be25
D-W1565292359,dirigida,título y resumen,1087,2ca83e94c0c0290f2ec1616ebc5c83ea53b6e4f4a2623e8b3031a9fbe963a50b
W7127911549,principal,solo título,87,baa4770463b37ad5dab730f14067f1459d1aa78d3486d8117a11892b83fd378f
W7117054423,principal,título y resumen,1270,7fcb6582cab461115859c0edf174a8e79e1886c9197b394b2a53ecb08be6a602
W7124543658,principal,título y resumen,956,65043eb1284d4a261617f06ad3fd6d3d59a7541155b8c74f4d1a47756a863cae
W4399906620,principal,solo título,96,d814405c980315713dcfce5c161472d34826e33b37c7f7184230861c773c6087
W2893541723,principal,solo título,76,155dfba845d595a1399a18354f1e27e3d9b083e850f594019bfc03140f444403
W7104639250,principal,solo título,61,8f4ef56d38cdfccd6c75a5899038d9c882188374700347f7fcc6a5c44431fec8
W7162508292,principal,solo título,110,62a90e7d5d86499b6e8367d7c2c11919bd2c7910d7d0b60db3d15c03f2f37553
W4313061396,principal,título y resumen,1394,24814193ac430fe10bbd59baf9727e3c3655943acb34454e76b801b59b69843a
W7127047789,principal,solo título,77,9480c602c7b5c2737e06ab2ace24cf83e1671a8a47fefb136ed32a749fda2dae
W4387435258,principal,título y resumen,1467,6f76c35f042e70562e72f0114c985b90d490552593c441c32e059247bab2abd4
W7140134989,principal,título y resumen,1136,700b7c7e0cd7e2662702db458f2a29e2d6304c6c4216c0294d8fbc429f9a6239
W2316524245,principal,título y resumen,1161,9264950fb914bd137d6e4cc9a40799219fb22f4001c0f2e73d29eff82a0422a9
D-W7166716109,dirigida,título y resumen,1922,75b633437b24b4f15fb8e4c1c438e2ce6728c36d8fa359e4d84cc249347c6663
W2972437529,principal,solo título,61,fd8ecf1ca3bebfae7a7bc46f15f733708727f294156a44e1959f23eec46986d8
W2747401108,principal,título y resumen,1278,565c1f884333958dadf349b61ba78bec358a6fab1d4d9f363366c1c57cc27c1d
W2214773771,principal,título y resumen,1149,4d26c49b9fc921a9916e188c48c0688cae900d311eaca2c8e37b829b38e67055
W4385783348,principal,solo título,80,b7c4d957bd0c5bdee0300b7d55e426ee7ff2d3b8e48384e5676ec1c2d2e74654
W7139086689,principal,título y resumen,1210,be27c0046914187b8013c5553450ffc720c1be423044f3ada8735bfe109aa933
W3100566957,principal,título y resumen,1474,21461ebd8fecb52bdfadb92912137e3f154c459356d329b736dae4352595bee3
W4389856775,principal,título y resumen,1267,9ce81e2c05ccca09cd7863712d8c67e6c2757998da0b3b3d799b3e2c3b0d98cb
W3005189717,principal,título y resumen,1829,70f88ab7ed69aa8e15f3bf671114f3c54eee7fe1c036c3897472a9d9b411aaa9
W2979813958,principal,título y resumen,727,ff84a2bb15cd641a8be3298421f1602e9d96f17b84ab0914eb2d67126a81b3ce
W7135057345,principal,título y resumen,1742,36d6cb91df57463a19ed016b8e58d0996e4d2b79efd67114c6bb1cb41cf0ff99
W4242247971,principal,título y resumen,1325,ae157c9b839fadf580e4202d67734baeb4e3c1926a3a10a7f28b14db07339136
W2994359859,principal,título y resumen,1018,22e03921d3d6db1df4223e3c00477235bfc464d51b33d17f575f8e19a0f0b2d1
D-W3153301358,dirigida,título y resumen,948,780dbfe4b3d6d6564d004b319d5c7a0ebc1d5713f983115066b85361368626f0
W4412043088,principal,solo título,82,f5afb080b5ab508afe6a1790bdaac66809e00b9167e35b4c38264241421655b8
W4390011868,principal,título y resumen,1711,a5cff685eb99cd8d31301a7c60b8fc8e22b9f0831ca373a2297f050a44fdc8b9
W4408162704,principal,fragmentos del texto completo,13054,5ec02ba08fc2d19bd998a8a0f36f2951d89128cca8272c3333c67dc7f3bf30f3
W1568596321,principal,título y resumen,1903,27fbf9be76bd6ec81deef3b1640dcad2e59c8d7aa23719f33091968dae50c6a0
D-W7163783184,dirigida,título y resumen,1901,631b8d553d2654083ec9a5fcd50414ae9e564e77b3852f78786971f6be591bdc
D-W2496219682,dirigida,título y resumen,784,58243b47a4435f657ac906346925e4bd33a647e51a50f45191a32d7fb1b30519
W4300539570,principal,título y resumen,2142,1cf5a18f365caa1496fef80eaedff5cd229907ce24220ebe64f25b78f8a37a9c
W4404915342,principal,título y resumen,1395,ac1a7cd1d997c4329fd7e887a36c2a5d41ce900132594cafc38606028c3fd85e
W4416909465,principal,título y resumen,1458,49af2ba4bda50569c72d15ec5071c2edb40c40a34b438bb4a5d16192d2c816a4
W4381302504,principal,solo título,152,71871438b7b1e4aa7cf42921e3106bcd4d8ace9bbfc4ce0b971f3687301f9780
W2887040389,principal,título y resumen,1083,1c60526175748be9e548a31b6bc1b0d148cafe31b93025ec4c0d38914cdfc8c7
W2771786928,principal,título y resumen,1133,c9e788455239aa17a58ae5d2062785d40ff67c29e3216438be6b7356b3920b5a
W2771291973,principal,título y resumen,1126,d69a44b6ef375bfce16c16a459d886c80b47d55a2943b7b62e42c42c0e065cc3
W2910192556,principal,título y resumen,884,550e8ee3c513306758689793285a9ee63146f58c2ac1c4c2282c8bddaef992d8
D-W2139957137,dirigida,título y resumen,1122,f09f089b5529ebfea78989d1211259bf64df6d0b38aebb8e7a1fbd65187baeb6
W4401387164,principal,título y resumen,436,d574e53902a44eda775a3ce8c9ab5f4c629fdfa4df9ba2a9427e5ac53b6cd346
D-W2341295515,dirigida,título y resumen,1920,c6cba9f07d7a6a5f665175255a3e0393017842679d3931add78d0f7e04b40685
W2571403022,principal,título y resumen,977,e8aa64271744d5cd4fa442ba8730d3fa87797d35b026681b32a7a46345973d21
W4400319872,principal,título y resumen,859,44a4f62a365dee8cc4dffbe4b63fa0e7add180ef1978ce9e72b021082cbb05ac
W4403536043,principal,título y resumen,1344,5c204f36102688d146f6a19525a152486990887cb1013c85b478f4beba18480b
W4408972023,principal,solo título,98,e552fa6d0ea0fca4debd4333c6e3e2256bc434369730c174e8fecbfdb717726e
D-W2776805605,dirigida,título y resumen,1775,f6340dfa181d3a439c125702613243d296a3befa0904cb76b005e56f5be2fc95
W4413158656,principal,título y resumen,1247,93d1ab0c7c02e8820b240dc401c5b7b3a47304bf0227766104e3098a8541af79
W7168040576,principal,título y resumen,2175,891c45fef92fcca6970ed54450037f4c4545c6bb2bda9e2a89ffc72f388b19dc
W4401194361,principal,título y resumen,1595,c7868db3f3d5675c80bbfdc88d811185bfad6d6ec784077aefb1a3bbfa67c3c9
D-W7200401436,dirigida,título y resumen,2404,20e69a5572701addb0b7349bdcf25d47ed592cdc9fa73fd6c660bd1de650594c
W7122836856,principal,título y resumen,1210,57731817f8a1bfbd37384b1c5833db867e1f7a04e044c3d6b8d9fff7478a9e27
W4392881824,principal,solo título,108,34a6498799f59dc63f2706e2b37253ff1781a299ba3e5003c81e4e0a934c65ed
W4414067340,principal,solo título,129,9a221f77c10a6b5a4ba2cadcb421755e156821f02227a9d7f05631666a0775f2
D-W2948094225,dirigida,título y resumen,1248,f37c4ee58ec1fefdd9a0f30f3386c8e5e25afaeea1ede9a9b59732a50817442f
W2914587112,principal,fragmentos del texto completo,11702,4db3a9a3fad912adad15cd9c18cffbedc4279411b95e0acd6350ceed3c592d9b
W4251929079,principal,título y resumen,258,9d8b52fd2fd066df9643f6254abc6900be54bbf0d2b6ab95debecdf7e24551a7
W7139131299,principal,título y resumen,1556,d0a7a718b034176306d16e63072ad9a20472b1a8ae7d07c4d1c10bb75276cc4c
W3158287159,principal,título y resumen,1507,2607569bf063338bb529d19fa98f372a98dacbc981dfc26e92d2d27e6eb8ba6a
W4405491467,principal,título y resumen,1624,a807d019d75beb3c8e894f038ebb0f9ecdcf7981072b08227584dee431457db3
W4255025848,principal,título y resumen,1321,f652e8008f3ddaf29482f86d67104b88c4b2e58bd5a19821fb18983746515cf7
W7131266330,principal,título y resumen,1333,a01877203eb8a62f82fc2ef94bbb1bd716a5de5e31e627e2f3d714df4a9a39b6
W7166524676,principal,título y resumen,1750,2467ef487638d2f58a9e77495ca803a87c892dd344c94f625b5da983e04a89c7
W3186665505,principal,solo título,98,a3eec111fc783f3793248e941faac90e7edd7d7fab96b93d4ae25d784d0d7049
D-W2771566913,dirigida,título y resumen,1277,2092c718c15ca16dd3761d9db95cb8d3b9420967a518322bfc62bf4adf518e27
W3159220272,principal,título y resumen,1918,4a2f5f0c72e0328b212dbace7f5249eaf78e7925784bc307c5b60e668874fdcd
W2884876125,principal,título y resumen,1096,8971974e9dff9c725be132b891df90aa639ef0597d64f67b2387937847064163
W4411189377,principal,título y resumen,1540,e30cfa34eff7d50755b7853fc14bce5ffa344db7167b4de1194c37a099d2b434
W7125802102,principal,solo título,63,c2c14533f13389d00255d1e5a053c9bf63f0e73cfa2f3b6fb481a10e14f88ca8
W4405826651,principal,fragmentos del texto completo,12376,ded15b1dd5e4f7e7f4285d992fa20159c0be5783d9d5a88b3d89e1cfca027e6e
W4400189308,principal,título y resumen,1268,f024a7050ecc07a1cb292878230e7b492dd9a0c7bdac6b212693adeaf03ca536
W7130703656,principal,solo título,48,e2586a0ed739f159b8699d50a12732e4b2c52492b31f78a87ee2669373062189
W4234755544,principal,título y resumen,22297,ab62b53ba575c542b74511f0e0ab98d91dad27ecbbe11bffc53114e646f2ef62
W7154612336,principal,título y resumen,2202,fd995ff0121ba70acb816cdae68c883bc6bf2d50e82a902a7aafd71cc3771e18
W7162138474,principal,título y resumen,2271,ff45f4c46ce01033ba79b906e8dc09d0addea58686ec28c61f8620e3c8ab48e2
W2961489221,principal,título y resumen,993,39f7fbaac6e41ff1e96ce8a2401ec2d4225665eaae3f451c4963d0a85d0dadc3
W7119140870,principal,título y resumen,1084,aae723a9307ad27add79afb0977da83a00539593ac2346f36aafc79340b5d3cd
W7125972964,principal,título y resumen,1247,c9aae3974d7fbee7f52c4f9c81dc3b8f67b3a63cbb71196871ea7ee555274fce
W7134905948,principal,título y resumen,1197,f7c309606fc49d6e59d96f30f8d3876184fd56a60bead42bd61b9dba902316e2
D-W4405712295,dirigida,título y resumen,1732,bf34a800e84185b24db3b38d8904c11631e1b96f2b39db4d3f0708969d21a1f4
W4403536540,principal,título y resumen,1406,f087017aaebd2054c4158fc2b9305f741278ca7ac0c9c42ca8ddf75a2c75b114
D-W2751689566,dirigida,título y resumen,2854,32be4d650cc5612c6c2cea4a6c4d63decac73a22d414de2c8e360b98a375ad10
W4416046743,principal,título y resumen,1035,7f3ed8976e218a6be443cf7e7a2c56484e9a2077625215d0d980e97a46caaf1d
W4362514913,principal,solo título,86,12eb5505a0295b705e405a772ee0e877f6a693d1ede28c8d9165faad90a919b9
W7167217957,principal,título y resumen,1101,e25a073a2f6bd63ebbbec9df0f4f1ae08c7b87d6fdb2b4bcea7b8e815c64f4b7
W7140210573,principal,fragmentos del texto completo,13012,af4d56db4511307b92516bd6f9fe2eb18134660582dcec92bae43d99dd4b1aba
W4312648206,principal,título y resumen,961,7a191abc74abc5a484d285cb85fa9b68a33cf22b310000c195c46e755852f11a
W2999060535,principal,solo título,55,480e8ae27064673b0ad473ea8bd6ec59587d3d92830aed3008f7dd8266272a84
D-W3135853123,dirigida,título y resumen,465,7e3a3d711f21675c9f2562b8ae926d250f26ed30abe34e8891b3aa01726c7a2c
W2940272121,principal,título y resumen,981,3e55d0090a5d53957bb00b6f1d33761d22462df759b254d1c0eb4e882b851647
W4404579291,principal,título y resumen,1199,2c79bb2cc244443fb007fd8d5741ff7166794418b230487578e96d5493715537
W4243080738,principal,título y resumen,933,3ffac1d5382784fab5c9a87131338c91c8f6299d9b200f56837bc97625eb067f
D-W3216200359,dirigida,título y resumen,719,b862272c05f49abec09d8ec699e30e1f8501d12eb9f3d64eec31ad2926c0a93b
W7107970123,principal,título y resumen,1493,97f8c554aa77b82e19701fe1e5edc249ffd0ce5cb08044bdc453e8bd82bc6508
W3187540623,principal,título y resumen,3939,5774e5f69ef6a077ddb79eb1296a7ebe5aa5b972b1474009d03c6489f829e48c
W3161437676,principal,título y resumen,1844,d3ba01e52f31c1a43d0a5ac3332b30dc842149eb5eefc17031765c0d84008e5f
W2346441090,principal,solo título,73,a2d9d7ae46bbbfde647bbae2d5cd8d248ff4bcd7981e3594e4a4a7497112822e
W2896559200,principal,solo título,97,5dc1d8dc2d1e8e8d9ac37104c190def9f27bc856d377846c1df203804163ded0
W2945099332,principal,título y resumen,3646,77bda93b89f74792180ea3975c3783bef9398a35157ed2930b4af69930f6ce25
W2619335553,principal,solo título,55,ee35996899234f533114a0482956c9be5b11f15ea310aa1d2500cd0abbb7e822
W4402652005,principal,fragmentos del texto completo,9638,bdc54d8a16bcd26e661306703b2233a806bee78262fd024e9a1b938632681d0a
W7137832409,principal,título y resumen,1506,03174e8facb16a27c6a779e362e5237a9c8ca81ada99f7efa72704fafa8dea91
W2954661161,principal,título y resumen,795,31719ffcba7719d3f861e5e4a451eb9a527e3582a4d4cbe54762683c63ec4216
W7125699537,principal,título y resumen,2282,7998b32a98738788cfad49cb37cf85cac2405230dd4c9212f65757b9df5a94dd
W4293203640,principal,título y resumen,1111,90eb70a0cb2d61e3a7087da3df6bacba90abc3c47550e7bbce929317df5169ba
D-W7205729782,dirigida,título y resumen,904,6bf4dd90a193ff91dd04b2b8d45ecc06444a8c39d0a0d1487b253eb159f772f9
W7116688751,principal,título y resumen,1317,57d73e25d829260cd1429b90430626fea3a66d8fad1fa8b566af542fe1160335
W2912812748,principal,título y resumen,933,3ffac1d5382784fab5c9a87131338c91c8f6299d9b200f56837bc97625eb067f
W2889403595,principal,título y resumen,1020,049daba176e12d427face35ebc29918f06cbc4da009f41b1e3d56e2a6dce7852
W4416429199,principal,título y resumen,1803,09b043e1823e759452d6f818d0d07694b403d61cb6705cbdefc41bea04b2b059
D-W2757313245,dirigida,título y resumen,1860,f371248f647267371ce41fae1c45e34060c0566df918a4e0b9c2b4485ac5ec6c
W4402115786,principal,solo título,88,c6f6aeaf3b4199a1fae1633a620e8c06da280c8ebea413264dfe1675b90a481e
W4402897118,principal,título y resumen,1579,2e858d3b176fcd7c065a25529e3579e76a6ef0e88d339d7b3a53df3966b68f2c
W4318559758,principal,título y resumen,1341,f3cc4f4795dee7a141e06853d75b095ad2a1673d37ef9bbfb55ab1a6e0d67c2a
W2756574553,principal,título y resumen,1294,38666ceb9830e84ba2f048e7f97f973fdb2a921145f903f7de23ef74be96ad69
D-W2624491352,dirigida,título y resumen,1294,76e46ecc4d91f9f3c437ecb6c61ac9b80826081454ec406848fb15652e7cc084
W2496461653,principal,solo título,44,0cb12f873c93cf7e7d022444803fbe80bf6b3d05beb65a536ee3901fd0aceea9
W2945529838,principal,título y resumen,1820,d2e087179d21e7c6ce0ac55100fe05b641e6eb1741e2f4a396ada0024abfd8e2
W4401718935,principal,título y resumen,1504,33a3eff85f2638452b50936b1be1b973262701b4387c0a76231c7707c207d1fa
D-W2938404154,dirigida,título y resumen,1174,a8d722f63c53a7a7e1cb9651b6ddd5c6eb94c7d1635903e80eaea74446546ae4
W7161867092,principal,solo título,76,1ef7e8e5b6331d22cdd53c17793744a5962e49160c95c39f0bb76f9bb72b8bb3
W4403447378,principal,título y resumen,911,24ab997b004602f339c1a5e6c7e6ba42d4e42e806d8744242aa06bd00ca99cd7
W7138929756,principal,título y resumen,1210,be27c0046914187b8013c5553450ffc720c1be423044f3ada8735bfe109aa933
W2949987216,principal,título y resumen,1667,af55d58b4a2e833ae95928e234bae17d59a2daea768b78d5e7341f942ceca6c7
W2770187439,principal,título y resumen,1422,76ffd26ac0cd452c1f25942173a63cb9421f22ff6803dda24b16100ef200caf4
W7155567160,principal,título y resumen,2755,4604e3ee48f868a1c261284ee7dfbd946cc66f64e9932cbe9c09abb209068fb8
D-W4403602240,dirigida,título y resumen,1555,6207be39d87f13a2880fc141c2d6eac8fe110b21ac0b15eea5ab742133cf7e02
W4415003722,principal,título y resumen,1521,f802ebc59ba36c881bbbfa564d393d79ffba89a92bb2559e621d4dd3c8a59d27
W7167941998,principal,título y resumen,1367,0e98c49aaf724f386f6d37522effe7106183afe8c2f58debb4296d47c03fb098
W4412482264,principal,título y resumen,1700,ffa83e61af59221ac4c2a67adc5583f2180fbf72e30de7dd978fbf84b1f7407a
W4299711627,principal,título y resumen,1585,aa307fef5bc220cbf8a56e34cfe1ada70266bde981eed83eba02243a1ab13ae2
D-W2747167102,dirigida,título y resumen,1635,8bf59d25fb425caafb5a0ef544447021359e7c782929361a39007fb5d9dfe773
W4389667227,principal,título y resumen,1832,64a53dceaaaa4130fca1367186b0c449d13428aafb1cea7b093c0b94cd37f26b
W4407907675,principal,título y resumen,1527,1393592139c06bd719a33e93aa76859c4451b6c229c9081d104d2cf310876bf9
W4320015235,principal,solo título,85,93a7e08b353c7fc005978d5f5ec49c692857d0882d105ef95aec85569c35ae77
W2002707696,principal,título y resumen,970,50d196fb7b407dd5ea7264beed5f182f1da9bf88482dff41828c47a3a92b0789
W4416874125,principal,título y resumen,1247,ee65e79438f0e5d5442b5420afcd1e8fa0373d960051765a2ccfe86990de9c68
W2559914084,principal,solo título,100,1485e9136defe03ecbf2af726330bd4c12eff913b4713ba7aeb948f61b8f075b
D-W3047934008,dirigida,título y resumen,2296,f79f62650c5403fc3123d0f60a4d7017e4a9f06c7071f984110865f4d382f7dd
W2900495600,principal,título y resumen,266,69eced9ee7505fdbcb56ef42b5f5d73e6bbe56e1f2826d7e52384243cd7b2704
D-W4404691482,dirigida,título y resumen,1420,039aceb6eeed198e13021d96cb4e9d2d56d301e02f68836fdc4fb190aeae66b5
W2803178916,principal,solo título,56,9a94806da3a01775d100df3e08fabfbd0a946e58ea10ca26e68d6538faf79c46
W2954730142,principal,título y resumen,1400,d5b2710e48769a6a9ee82eeb9348f254338746bc22530d9f59421aeef75b70a7
W3201480519,principal,solo título (resumen ajeno retirado),53,e7cd63fb3d6efaf92c800b90cf7693a56d36b6f5da3ca45b5a0612a56218e8a7
W7161009153,principal,título y resumen,2304,8c2dd459c34e7e65add59117fed06b67e89181b9cc478927526605829b0666ab
W2604404306,principal,título y resumen,926,fa08ea056f028e807739d898b4d1e651e88e8c5f0f0788d0b23d314bb82276c6
W4411346112,principal,título y resumen,1185,a7a21b6279cc9e30f28853d020e92d34f0f5a9f518be304de34b76c0d8664223
W4391790909,principal,título y resumen,969,c5b4c484486259d024e4abf0defd9a6a6dd8e1827c7d0be04402e004ae73a18e
W7164810600,principal,título y resumen,1432,65940a0b88e439e8ed2ce24c89b0eac9e742a1361c6e1ca4841b05cca2181d7c
W2800786079,principal,título y resumen,983,0f643e3e581b5013c2c042007296b7bd8d77973699402334225dd6a217735265
W2546670355,principal,título y resumen,697,c64b373f3049ef0640f98c860c82883760212a47bb82c58df98f2046b8f57485
D-W2913019853,dirigida,solo título,119,1b499a42393ea567b3403abadac244855b88c4ff6f352bbc02e188d7110038c7
W4309185513,principal,título y resumen,1755,5a7247a5bd54e90f51b765b014a6e249d831be10e26932e5875a9e2db27bd44d
D-W2752810212,dirigida,título y resumen,980,434c01378b56a84019f48740d7b78e4280692377a6647c886796f3a82fc9f6c1
W4408320828,principal,título y resumen,1824,d68a2b72bb07cbcc8e8dc2d6cd67832b2666c1ddd0455bcbcb5dbe060dadc7e7
W4408413243,principal,título y resumen,770,d566c30eb686ecdf6bd4c77d3e85341858df7af1233f3087208d5fc6165c1a75
W2965979827,principal,título y resumen,1104,945d27755b4a97135e53d7620ccf31069fe8b23f584473e97a128ee9e31cffa2
W4404127502,principal,solo título,106,5223614d7e98ef1d7ac9abeea9091122c7e0350c647543a7d736c8c8c05e8ca6
W3215933179,principal,título y resumen,1390,cd2b211d55353f11dee96afd21f265a12a49cb924a9d80555fc3980086877e1c
W4405673263,principal,título y resumen,2577,55f8bfea2bd1ab7f581339c6039960a20d58bef93c8ddfa5347bf62883ee2c6b
W2789360191,principal,título y resumen,1315,cd45fef2b25b4e407c417769624668554d4cf7b9b62aeeae10feedaa9b62c6e6
W3168201070,principal,título y resumen,1677,ce43b7c767a5fb92e7729feb068f85facad793c5b0fd86327aa7ea7019a563eb
W7134809489,principal,título y resumen,792,9c903bb9b2891d941dd0118911201639c4d5785b2d70dbae910ac16586dc0989
D-W7162695632,dirigida,título y resumen,890,963c873e0711b049617beb6784bab59b825e8ec22819187a66721e0661e20c41
W2968160029,principal,título y resumen,2166,1d9ffb2498661b33695c3171eac8fcfd74e97af7ee50e1a74de87eddbfe5ab8d
W3108775320,principal,título y resumen,1347,00a533f4bd4a475a2633a2bd7df0e2fc3d7dcb363c3d7fad26e7505abb9f3cca
W7160719261,principal,título y resumen,1515,e8a3ada113970aa79a76baa3dd4c5edb67e46403037045043d454b73027a2fa6
D-W3087529712,dirigida,título y resumen,1307,e87e126d1681170a2d5284302316cf0e3542a582e6fff354df69d5d16d1d7153
W4381436450,principal,título y resumen,1186,ece31007ee52e04d265c5c34994649e74982a1d109e93c5d212675efa6f66df7
W7164164060,principal,título y resumen,1729,769b8d8cd3733e35278ebf1e947310a0cc777b9da433fbc5687cfb34510bde91
W4400962941,principal,solo título,124,a8d85f19e3605041388a6eee578526c2b2e632c4334c1f7a1e1c0587e3d863d1
W4390134796,principal,título y resumen,2567,e9adc1acd690f9c06df435c77b0345a3ef44fcc50c41f160d1db2730a0c87b74
D-W2905982783,dirigida,título y resumen,1199,31a578e34ccfff03caae075a1b0da04aa3038a0daebe348374d051ab786f1796
W4414995477,principal,título y resumen,2063,bea8098f8d7fc68e255291f9e3dbdebb8f168468378643841c21f3c335468e90
W4385694404,principal,título y resumen,1441,06cea6a132e634c441627f286e87b9b63fa952866df6453c921c65af601f1a84
W4313016199,principal,título y resumen,1488,b7348fe8d3d45732367004275e04840012c4fd5e5565d6312a8ca3345638b12d
W4399531047,principal,título y resumen,580,1d2d5cb803bb62024bac1ed589d79138dc7eae418b15a7916c61d32bfa6bfc8d
W7160085597,principal,título y resumen,2713,b5bd5385c3991c4480a0a3cfab4f7770b0fe395391cd0f4456c6a5a44543c68b
W7131417432,principal,título y resumen,2148,a901d77ec6aaa8a420acfda433292388623f7bc5a43e4b619de5ee76115d7d13
W4405671563,principal,título y resumen,1200,2b472d55bf8539094d2e409eeb534a1980b68638560dc403eec1114f8e1ba695
W3094592072,principal,título y resumen,1764,473b2cea9c86ed5fcc120d6680151a2e49ca8fac3e7369b91fb7437d41220277
W4388198630,principal,fragmentos del texto completo,12971,e486184e35ba3af9f0553b52b636f85cea7e0e6b90564a88f110f6621eadd34d
W4415709066,principal,título y resumen,1205,d1f83588b535cc23b26cb5a42d07fd676a5731e13f816f312e850d738eaeb38f
W4393406976,principal,título y resumen,1451,36d65480bd17eb98967a3dba2c4b91f473ad7c21d76a9070d37d86e7a7e27239
W4401719912,principal,título y resumen,1554,39f3298fab615b870213c9619179bc84bc849cb677550986d13a8f3f001179be
W4233402990,principal,título y resumen,1353,9bd78835bf8f0d62e9b1e6d2d18a6a082946673eef914f165d0ac6a849ebe1e1
W2767640994,principal,título y resumen,1905,628b9dfb1cc06829054d02d1e9cf7f2f53c61ce9618ecacbef45e96753e96400
D-W7139449397,dirigida,título y resumen,1922,e1505a2a400c7854465365c45cdba00c6fd3a3ff6f8be6b68325ac064bcb21d1
W7134108481,principal,solo título,75,6cfd1cd556d1cea300b5056771fe8746f2086dcac3db8e34c4bfdbd77a87027d
W4411271120,principal,título y resumen,1374,ac3946a7fba7bec2e59c8f43b10d39bc92a8a974e684362021a0a59e82ce7bf6
W4417404639,principal,título y resumen,1875,b546bd0dd875cf0d0171ae9d214ae70150fdba79fa445c3efbe3a5ff86988283
D-W2904113551,dirigida,título y resumen,1122,be9f4fec607e237ef6e4feae7f7b705614c945dfe53b2f7d9e18757d9a70288c
W2581026924,principal,título y resumen,1631,7705985fbd73e86c4c92d6b1e2271f833c7b94a176e0716e36d7671807801cf3
W2611299143,principal,solo título,85,4ea167f60a95c2e70148bd6c7f07d386afeace14480bc6302ded44cde7093fa7
W7140323027,principal,título y resumen,2056,9af8a8ecde5f056c3ae9c2c2db0901a8482cd38e52b35a25933c3770af5a930a
W4280490739,principal,título y resumen,1742,a059e5729bd4bde20b0e48ce312e5d0628f18e653c987ba3a932cdedcfcd2d2a
W4407907179,principal,título y resumen,719,8b5887b0b8ec2b56e607a80fa3039e757cd340a1d74c8052da3b5e142c191e91
D-W2987131029,dirigida,solo título,147,5b7fab8775628e6c5505b920b890c4d1fab848900392ebaffe2262131135ce66
W2889313257,principal,título y resumen,1233,1ce1efc84df3be62f696410bf72a2165731f9649f1f0247dfdc1359d190933c4
W2946312149,principal,título y resumen,1441,b597416775d58b4b977db3b123530fca2971e4d5fea989b0f7d848d7dcd56632
W3204811114,principal,solo título,135,8b7eea9bb8dc26a03f67a7c6a7e9982820c293af44446c8c529295499901133a
D-W2894054411,dirigida,título y resumen,1342,5ead911cca62120e3505c0ea17effca0f3d24ce012c4edd4e81c2aa29a023edc
W4413303081,principal,título y resumen,1046,ee95465a050bdb30b2ed016c4649c97e37af0d4e1e3bae512fbfae339f02c186
W3179347808,principal,solo título,95,50b6efe4323473013f757909bc386eac0ade68e8d221fcfd301d293b521292af
D-W4404062558,dirigida,título y resumen,1401,a6fc727c704dd4d2477c9b17a664d8c028c5fa8a68b954d5a20d01df4e53f897
D-W7133047130,dirigida,título y resumen,1407,35b39906d1eff221853ca4d11690b81f6e9167a19c8d38fcb335ac70e5a986c2
W4226275196,principal,solo título,67,865dddb63d60ae7c569582797e9fba7ccf4e967932828fa5911b42a424d1b53b
W7133189053,principal,título y resumen,1106,589ae68605c6d2cc92e09b711f52a2c0df3247c017bba3fc9576e0f3a2af8f5f
W4404741124,principal,título y resumen,1368,0f69a1bb29c8eb9d476133a69a8a1b436f5f0f152b9cd94ac46b49b15be14e0f
D-W2979904156,dirigida,título y resumen,7743,fb8aaa1589771971690a0931f10cbca6343135ae72927e0625d1acf1c6008453
W4415003779,principal,título y resumen,1683,a23ad1fb049d35ac31cd5b391ce1ec5e69bbdd0abad4d71ac059d0bb289168dc
W7165543356,principal,título y resumen,1609,6c0c6b118bc0da7a65bbb896c129c9c6ff758da122f3ffeab98655cda0de0657
W4294738754,principal,solo título,71,58d7bb42dcfa6aa60b53666e58cb2ca3de4446a19b5679ddeb735b93a5335ae3
W4416105155,principal,título y resumen,1817,dee0b5c243b00ff08c2dfe3428b3ccd8c95ec7dcff19f1184f44c622b3a2e124
D-W3195400966,dirigida,título y resumen,2335,c5e8b2b8245296cf4bb04f45a137eaed76de411bf93a16805232226037416120
W2902434349,principal,título y resumen,1548,4b0c5c2673d068b6cb1722894213a455445b3c881243db61a53991b4ee8ed918
W4384130140,principal,título y resumen,1608,4cc6d50cd2d645d838e7130c8e8cabff36fea7751d412e22e4976ac6ce0e5c1f
W4213046176,principal,título y resumen,1804,eb6145a310c1f638f22d7a0740214258c2d50d4f1cc841cb9f499bf411d5b00d
D-W4288095625,dirigida,título y resumen,1405,c1c503f490f442469de4cc1b866d20d5e18262ffdf20547b178104b27cabdcac
W7139991652,principal,título y resumen,2039,94588848f61cd46f2b6763cbfe644e4ba236558132207cc6937cf9d061498ba0
W7167275878,principal,título y resumen,1234,0e6e84ee62204bd9c62254110f6a7c0da653520c818a4c8b128eb25533dbe9a7
W7163545621,principal,título y resumen,2087,5ddc4faaf1e482ec9c318e0356aa5caafaab08a4881feaa947dc16b722ac22a7
W4409054116,principal,solo título,117,d9820579845a2583bba726b4ba94d053342df2519089a49487e7f8ed9817b2da
W4416642449,principal,título y resumen,2375,0364a6a3d004d82e2cabd123fc4112c303685120cf007ada7235677375476433
W4298147704,principal,título y resumen,1489,a4a34467b41d1287c86261eb84ec058dd2a121bd961acd52a6c6c6c193de2949
W7140161640,principal,solo título,91,58a499f038d7851f1b308abc5c38a8cfa5e7e928d11954ded6deb65aba655342
W1523562824,principal,título y resumen,1665,87d82953ac7e80651c46a9ff6f315d16a1259498dc11b756735d19ddadccf67a
D-W2200476987,dirigida,título y resumen,2718,2091e6c6a62e961d14a8813c56742f6d83ab3f2ebe6537b812ac50f67412829e
W7160522032,principal,título y resumen,1698,11aee19e4ea9b99056ba1a81dad216d3bcedcda4ecff00f5ba3683914914812b
W4402650951,principal,título y resumen,1634,0710db5a6c1c2007a43240295f1c86bcaf42c58f8baecd83962badf5b81c8d05
W7128776857,principal,título y resumen,2200,a23cada58c8d1768f6e558fc8df69a5d6f035be433d37c3248d628b56ffff380
W4230241926,principal,título y resumen,1300,3a941c214718957b01c3551b2f0273a79439df92234060fbab19427b9ecba731
W4405094100,principal,solo título,73,2519e6c750dd2dc9b3f92e8d3df21f3b167bf48ae6a3b6ba70012c87137056ca
W7118635261,principal,título y resumen,2074,1bacf65a06c0feec1e24cf99d3ae3165c5e5515eb3e06ecb6218c34486a07712
W4415973608,principal,título y resumen,2084,3b1bccfd74afa90fddf2927b895c92160dfc7f27bb8ba8aac88ed68b4231059a
W4409101194,principal,solo título,86,1c4878b096a70ddd8491a5aef46a85950b15e110cc307cc9a9f97d29538d41d9
W4417333675,principal,solo título,100,36bef53d1997058ca676519c06b57600bc61dd0c7a96457c6ac2ee2422dab8b6
W4413361264,principal,título y resumen,802,63b5f6b1a87374ee21e9c0174d6b24d571ee8aa6ef21a81ce0e98f595d2ad211
W7125015908,principal,título y resumen,1059,15eea398f7adfc76ee01470c69971357af24395118ef1a35ff4c41fa55494945
D-W7106840754,dirigida,título y resumen,2478,8222b98f0acba045f01d0e04a5490b96ce7ee5e8d3be14470f95d02007f88804
W3156118114,principal,título y resumen,3303,d0c842163cd5e42e818d90dcdc5cafeea2eeab310c6887b3f45ff0fa6262e9e5
W7163181933,principal,título y resumen,1245,c54335f5c2a67ba668c3e540a9eb827d9360dc45fae69a6d655a92294c6cdba5
W2946678736,principal,solo título,76,35d0a5faf073bedf857620a43576aad2ae4b88323684b15966d56ea6eaeee919
W4413394722,principal,título y resumen,851,d95108d2792fec566dfe101d8093e0418f4dacae4228ec421ed2cfa9a98db6d7
W3172574945,principal,solo título,84,e204a778612e55c048e92c482c905da13e036bbe5ad47714dc3885b1c1c95530
W2811026802,principal,título y resumen,1181,71dfd3d0b31b8d0c6764228f214d362959675e60b1019ab7c75c5ec2f0f2d5ba
W4392265905,principal,título y resumen,378,ead51dce6e25aaf42653c5602803ebe7272c3af08f67118373c902a96bcd50fb
W4312536850,principal,título y resumen,1496,96fa9bff06768bb2a057dbabb1492230a31210ec662cc78f8146b658a6b3a87d
W2522893067,principal,título y resumen,1712,e3c76f8abdcbbfd7e1d88cb83cfe39f87a3a672a6754472dbb2a2f77768f0995
W4417010017,principal,título y resumen,1687,7a6cd9b8a39a2a569f294c7e5637fcf1b35abfcccab1b3e7231ade2100180c6b
W7129772042,principal,título y resumen,1808,b7987776f4bc6144d973e4a8c0b7920f7f9b9680b82bbda70c865f03ff3359b4
W4289229516,principal,solo título,121,4601fb60badef5cd998798910ac5f982d9eaaef6bfe310c61c0a325aaed91db5
D-W7202162531,dirigida,título y resumen,1015,d55ff66107766c2e23c8532de67a384ede2cce0c438f2187a83124fe3905332f
W4312964919,principal,solo título,39,3fabe993121d2cc8d9d7379061e89f27389e673ecf79934ed00c8714e991b545
W7119484485,principal,solo título,105,fb95b66bb1a40e15b1ce402930c91500a7212f8183f837cf5784db49d9568b98
W2953395953,principal,título y resumen,1531,49b65eacab3a9ba196471fa0f004736858d6f527cbb537fd10b6bccfe3d47748
D-W3216261301,dirigida,título y resumen,890,cb5a52df3276eae51d951efb38559ca96d47fdea76bb323b9b46f222162c1e08
W4322389797,principal,título y resumen,1352,b8ba937d63677e09443a65475d6d98e3858bc11a8b415431d7425239d5220256
W2461549254,principal,solo título,133,9bc5810ba3c3cbf9e02eb534a1f6eeb0a6eb887f6f7a9529cd5d1c2ff3210d29
W7161937310,principal,título y resumen,1315,53ca78d255e651d6b36e6d9f8f65e55b21f8dec8340703fd93676768f06ad429
D-W2799759345,dirigida,título y resumen,812,5938c8646ca88a0cbd680248bfde87d46b251bcfec48991ecc236ecf625f4d5c
W3037649786,principal,solo título,61,8dfac0e813e2c3acf0cb2b6bb962c6cbda3c375a44595021217ed4c88fe47578
D-W2954235179,dirigida,título y resumen,1672,efb5bb4f4dae7f2a0bab26d5ec0bc8f2634e5dd9ad60823429195560b26fa5e3
W2901484183,principal,título y resumen,1083,490fcea579a36255069dfa412f87c9c53dc67d66e10326ea9c1f5f45922952d3
W7123532687,principal,título y resumen,1295,0ff9887e1f909c0d0bf83c427aaef41ed16cb3f3960d97a8e3efc45974003cdd
W2794466190,principal,título y resumen,600,d04a6fa5b401bcd28e0b5962e91ceffbea3c09dd765450466946bb2594ee2b45
W4285148038,principal,fragmentos del texto completo,13039,3e10fd87cb52ffa24f3c8a83e01c02b3446d4da3f7d3d12820852a7f74bfe33f
W7126095354,principal,título y resumen,1608,c87361a0b08c210c72dcbfcfc7c838346768bff1760f640713dfadb7edd6742b
W4409103359,principal,título y resumen,1514,26fd9e2318edf775e9bd4599779ab7cd13ad0fccde1f3cf8355dba82942dbd9f
W7162465077,principal,título y resumen,1562,cc4a90d1652be3aafcc8a86f20e2e7690528386c0f61cfe8951bc34a1207ba01
W4414219476,principal,solo título,112,c1ef84f0d0c33dc60a274a3f60751e5c2dc9ec865a79469dee826bfc93808652
W7163339668,principal,título y resumen,1771,65aaa325c566ea6d59f2354ec2a6708cebbd49e637c4fc77ba061772d59e30e0
W4415124801,principal,título y resumen,1291,0adf1c8ff0d7036964accb067e3fc9e4b265e63451e25bd236c71a814a557374
W7134192468,principal,título y resumen,2209,fab56344a55b9d571d44220c651a76b1a0decb1a1d10465566e2a0b661f38dc3
W7161548882,principal,título y resumen,1653,af8a4a70928ef7bdd3c66ac3c2b20a59c131b966485a15d55aa2eff78d192f73
W4389409981,principal,título y resumen,1022,93e7e0948227282f292f290384ce1c57c752fb49d6fe0c9893a28e17564a3300
W2772863937,principal,solo título,147,cc131fdd697b9072cfad3496a17499fc72dc31f2da4dda4c0897e2f6ee2c79a5
W7106571716,principal,título y resumen,1830,6d04e7976a263a7275af8671f6ec9003cab337823e77b4bd85b590aadbdcce53
W4241863337,principal,solo título,97,fa83ebfcf5435358751ce1e6e903d330f38affa01b86f3723ca4553d4e84766e
W7134905942,principal,título y resumen,2245,88ee113e89e95398fd5ed9e9dc24571d3b8ce1099661f2e898cd54c2318a54b5
W7161284001,principal,solo título,118,76cc1b050819b337ffd74cef4ba1558d9efde852b09e7d2e6e58646552a77c9d
W4387143094,principal,título y resumen,1690,1124dcc8113729b247ee0b5e0440526ca2e682b30d3e665e60999eab2239bf6e
W4226288031,principal,título y resumen,1644,882a160598f9844ee7de8bd8f1568d9411c0918e3c370a0a05b33505f13a5937
W2897549266,principal,título y resumen,1334,7a842ec9437a1dc8c3a980391b7d3a0f0eb55f65c90b2c5e4d1a3b0832691b32
W2760712285,principal,título y resumen,1494,b865e77a8db1c2157049600df10e115a0768c950463df33d648cf407229ee1a8
W4404371354,principal,título y resumen,1197,b6971d721378369d454f3f56ade73703fe4c18dd5da1aa0711c858e9beb0f95d
W4206819771,principal,título y resumen,920,33c7a70c8d6ca0b039ecf1efdc3d5cfa482149a5e5ff7d2238df6673166089c4
W4404878293,principal,solo título,112,2bd8c292ff2d51d174081e976c3d8b1c3663429a4b45230e1ab18fb9d7f34af4
W3114276237,principal,título y resumen,1278,dc0de5888beebc410a857f3239b99f5d72f94913d5a0ba4b5564d4266e86ba43
W3119480207,principal,título y resumen,1743,b54ce902fa865f94f9c2b7dde6f91c9c6991b1a8aa3c594a3b85208fb2dcc99c
W4411104433,principal,título y resumen,2164,2dca8631a43b83cbc13f3236215a895c2601ca45a3b4fdc899051b05426aa1dc
W2901582828,principal,título y resumen,1757,d676ae4d558efed6d77629c6ed6439e8cff52ceabb8aa9f032ef191598926daf
D-W4405612739,dirigida,título y resumen,1106,e08e614168e18e5e20d1672e448caf89b864d23bca57ad99b8641cf4264df89d
W2181759940,principal,solo título,71,92b2aa152fa3d5bee98343a6a7a9a458fae45cbbe35d41bb84a6504f8a895568
W2049800485,principal,título y resumen,1134,e777109a58e5c8974af6b0b9c76ca47ca43fb9394917a9afb842bb34a0ac075b
W4401723611,principal,título y resumen,1712,52645c33eef41737c121325c223b415ea3029023589002e95cfb80948f903e41
W7155054877,principal,título y resumen,1838,7ee9c120f79b0acca480afc3de0277819555b9b5bf1c9c7a8e2f79b8f6b571ca
W7161826503,principal,título y resumen,1910,510dff9be1381137f3840bbffc7c63aeb2da550c2ada36872adbff4536e4f477
W3199085669,principal,título y resumen,1427,69f158a8552c34ebd6cf7a09c43b79f2959de5832ccf53414bdc9deeaa7fc1c9
D-W7124164847,dirigida,título y resumen,6423,f6ea768b2b7e52ef056ea82e64994ddf7f104dc2bf72dac874229dd717068c7e
W4415620629,principal,título y resumen,1428,0fd421f036119f07cc6ab8472a7f8f16521393834e6ab361910d7a99a7d12c5b
W2797516347,principal,título y resumen,1586,12fe57422754b6e1cda51d302dfa6c3973c86a3b542581ce18bf1f934c29cbc5
W4401720461,principal,título y resumen,1317,5b826935c3d995bce8096877632c127b3097adda84149ac2270914b3adfe5b11
D-W2970392703,dirigida,solo título,74,76745fc911b393df83ffeb6e4ac91e59391aa43169462576d95860b9bc64464f
W4294659473,principal,título y resumen,1532,8b91e42bc2339531f86cfd4cf9e2840082e321e6a928c5622d6f9920ff2f6d72
W3194623849,principal,título y resumen,1562,d42c0f2df54617c61442668f31d72633e54d87cd7dbf398bcdeaad15f4736197
W2172903366,principal,título y resumen,1003,ecd3ec57f8873c5e5b23d45d7d04cf6fb503b3efe3e989a3445978c9ecddadcf
W2779933336,principal,título y resumen,1382,9b30f26a409c007d3eee6965b732887950ef490f65bf1b796b41c140e1a95e51
W4285101245,principal,título y resumen,1464,aeb68e75a4ea3f1717896e4d55bcb0a038bfa39cd207012a210c72735995630d
W4414219779,principal,fragmentos del texto completo,12969,e184ba0aa3a5acaece3cbcb76c19c3205250f21b743fe4854453e2eda26e935b
D-W2998207982,dirigida,título y resumen,1880,bfba4ce50d270e626da3742852fffd52b6be292baee608c0cdf58ed39202f812
W7165964110,principal,título y resumen,1437,30171725125b0bdf5af595f4be4363f78ec44a54f0bc6f4815d79ec7585e21a0
W7160907330,principal,título y resumen,1487,f9a29e6bce5b5706592b911f160949b866157121f9906d3d19156e5a5a6cfecf
W2755375180,principal,solo título,96,2a7e4d662f58a62e38b1558c124a5089b8e1d47716f1799fcb70d6bf1e044ff2
D-W2809299181,dirigida,título y resumen,888,5fefffc01cff201868c79c10d475ab43b09b0eb3cf2adf94a627a0bff090c7ad
W3200286101,principal,título y resumen,2290,e1154c2781bcfd8221030601ae6c5171da86638ccf109c71d133e7df189783c4
W4414986984,principal,título y resumen,1554,be3c473802ef6a8b67068f673c3e8fd2f0cba7109b9518cb431e620234437abe
W4210334938,principal,título y resumen,1055,17211d71abc7b759ffe68159e79888a4583959b1a7c8606746ed3f35ca164fdd
D-W2532608536,dirigida,título y resumen,1749,073422ed8b2dd433e2222e9b4f9e28c08e93fee03022b85ef1ab68f7601636cb
W2121944695,principal,título y resumen,1161,fed7dbc06203c280d067e998ccad3b08b09d23ddd9e46e2ceff342e53f7d6c7b
W7123336016,principal,título y resumen,1662,66e54151404c45d99958fb1310c5db5c0492170d9d825fc6da0d864969f643aa
W4235835262,principal,título y resumen,3576,68961052cb54d1cfcba5396a5c6e50f031fc02cf87e9db5f0504a94948221ea7
W4399047022,principal,título y resumen,1465,6918bfe25c8a028135ff7b1e2a1f39d52a335c782e9768268494b7773cf727bd
W7160937365,principal,título y resumen,1252,f77f4e760ca026dc3ed3ec81a33fa78cd3052e3213a7509ffcb6df095e2aea20
W2248982957,principal,título y resumen,814,8ba3050ecda2def1609ab065b5fc0b85de4bc9c38663571a20d7d56e233f91c6
W4405785461,principal,título y resumen,1609,2084c16eb1ebb767ca382367322d368066ffc252a60df6a4ce911afccf1202ee
W4408962596,principal,título y resumen,2140,8ab584a56fe06aa373f800dfa2bf1179d15652bb25c7f59b8a7945cbe929f322
W4410357310,principal,fragmentos del texto completo,13089,dcbd5a00d0fa07d5dccf31e9bf6e783bbecc38bd18e7e68656aac08264f90a44
W4403023898,principal,título y resumen,1542,9894a3c3328894a114670bd9d1ed2bc07bcd4ae18237f26075a1d210dddaba15
D-W3156408686,dirigida,título y resumen,1076,adce58654126e255742decee41d5a4a107785a73dbcf3e68537e91ee14d2955d
W2560570399,principal,título y resumen,3347,b7d007469936b4ca2feee967fa368b4a297d99a6db53c0c71bf8e05884fb5495
W2554371233,principal,título y resumen,699,57d909c80721dd3e21fda26a87ae85680233656f1e62a7124c8fdb10e8777265
W4416277188,principal,título y resumen,1182,e4626c87cb19d88571848f2501f5cfcd89fd5c91298e65eb02e849fed55bf2f6
D-W2190077736,dirigida,título y resumen,2054,3c5ff54bd6f12410ef6f0cfba6e36e8a8a583b47dfb2f36e325af5e2e79b1865
W2779923451,principal,título y resumen,748,f1cd094897862e91b1f1a60e208567f1aef3bc6fe8e19579ca6eee0913dca64b
W2610831067,principal,solo título,132,73b5ed84b3d64dabea76ff501ab7cd73cabd50c9829b994ed2cbb5a301aed021
W7139984626,principal,título y resumen,2039,94588848f61cd46f2b6763cbfe644e4ba236558132207cc6937cf9d061498ba0
D-W4237344119,dirigida,título y resumen,818,d89266e1784a82d9e864f730c7cac84c6852e0adc56b83b364ebc2da61507cf7
W3020786622,principal,título y resumen,956,7ba2b3325dcb19d4d7708cc8c8889112d9cd60434ddbdd36e9c8e4ac8bac635b
W2294794289,principal,título y resumen,1048,9212705172c5829feed7318e2d7c8015c42b4cfb2542722036b10029be17b546
W7161558409,principal,título y resumen,848,18352967a8c27ad43a3cab4e54dcf7ded1ad9e49732c5606bfa65bb4e6a92584
W4387123803,principal,título y resumen,1444,597f80a39f80f204a583cea783127ce11096f2558c43468f0c94da60986f799e
W4415413143,principal,título y resumen,1618,7a35e61d428df4242dbaeb9a56d30800fa07a1168019dd31c052cb96d0876c6e
W7166512273,principal,título y resumen,2974,ef961d791cb8548fb6d6abab3ff17d0296ef38c5860a09f3a86e2c4ce1fa328e
W2176517061,principal,título y resumen,1695,0ea713fec1ef237de7d4014cba095a7b8cf88ba5bfcf2e5fe29c6ec6f6ff60d9
W7155071433,principal,título y resumen,2006,41768766eeaa534bc6130b8871cf1082a3d0168668731b7c2540dab4a3dae2cf
D-W4292466675,dirigida,título y resumen,1629,60736a534c8485ea419adc190c0513235102f2def93ea7214269d44e30289307
D-W3149944920,dirigida,solo título,110,4ba87191ebd8d73910744e1f9f43f4415390c228da83e9a604aa55a08e624924
W4406499752,principal,título y resumen,1297,2281c517b5668e9587db63a2c4efb333760a8ab5dc6af4b295c465730949d943
W3038623675,principal,título y resumen,738,a79fb3d93043b768f1eb7a8140a722026e3f0fe71d1e1dece4ba3c2a92b512f2
W7116087211,principal,título y resumen,1609,cb9d289999d40e3d6f82e603ff53fb9754ae5766bb051ee5732635515a4e6301
D-W2586972793,dirigida,título y resumen,1128,ecbdfe3599882840614efe58f102a5c031c474358a23aaa6d678ed8659882b91
W4404953967,principal,título y resumen,1587,50e70714f662b37070d83a2157d82be61df114920b8008723aaeb58ae92e74ae
D-W2756865482,dirigida,título y resumen,1263,d541b5af499b89198a5b5875d183a8ada27118c2562e7b67138aa6f82fc416d0
W4402675603,principal,solo título,80,c572c61b542afa673872a33761cb30e2d38841d6aa818cfeba6ce5e10426d3bb
W4416798083,principal,título y resumen,1588,41f750ff103be07d9b93a7acc359b480cc9c0e52caed50241f0fab154326f884
W2947181940,principal,título y resumen,539,11228d238f6182d3801619c2461955e7842b6bb723ae798ebd6477dba20ce6ff
W4293054705,principal,título y resumen,1582,9a17245f57365eec0fdebbbb3d2b95528fe35c1b081ffec810c68c3e32bc263c
W2768228955,principal,solo título,87,8fabd5446e04093342445f5a9348f61fd6307ce293d9d32883e7c017a51f35fc
W4402595032,principal,título y resumen,1315,4dd379110ef8942ffc4985f2fd3d5900fba1a177ce84c14f06b5fc5a58b86237
W7130748717,principal,título y resumen,493,1f3356fcbcc43e6a37e2f6d0550609e9e8770f0f815f01f9932af52d423e0b5b
D-W2741861607,dirigida,título y resumen,1619,c38041c6016ea43702597b91affdb92397e8e6de55f389b8744e5e7e17e96530
W2973193739,principal,solo título,57,261ca998589f1e7e20bde7601caea78250049238b773adf6bafe4b02f09fd7c7
W2587332604,principal,título y resumen,1094,4c224334df0992435f8c4d36b492c7e103a57cc3e48d088fa0b99be4a52f5132
W4398161133,principal,título y resumen,719,b972fa9a1fa61769680b31aa069d1eb6dd28ced6c7737c28b0c3a5a5d85906fa
W4417231376,principal,solo título,70,9bf0a65f732d952b7c52683d05532e995054ab6b3a98cbf3b6be0a2f96d9b6f6
D-W4367676387,dirigida,título y resumen,4393,deb9c34082054cb6ae0e4151a928f67087978d326905eb5b11b4f3be21bd3c0f
W4413321617,principal,título y resumen,2118,d4c25bb59e364be9ec15de60e45a040f40489ecee7e73ccec5466594e826b084
W2491887232,principal,título y resumen,1113,1026cf9cc29c80ab3ae3f046ff2ece61ce18045a8bc7c501a375e9a228563ac6
W3134303638,principal,título y resumen,1543,aa3dc655ba149188ee4e5853817a8a3ab2fe003da8f7515c8af661c1e37d8702
W3210725326,principal,título y resumen,1288,1a07b300cc5c1dc3b3af7217873fa39e3fe7559610d2f3199ffb8328e9d6c8a6
W4239437939,principal,título y resumen,749,8d4ab241e5c92216be3eaf05a5fc5d9452b3910cc16060c1e41acc9ce95c7c95
W4402330752,principal,título y resumen,1295,64d9e745699ce49383e07baefc02bfe51ed174082c67a05c1d5cfde1254c64b0
D-W2502616286,dirigida,título y resumen,864,afd185adb4aa020d72bb97ada8f54bb426c34eca717d6b0b3362f34a15a32cd0
W7128510371,principal,título y resumen,1462,389f2477e739c7378ce8a3d54cf24b302a166bf469dc987c9100b9b78869a38b
W2296412217,principal,título y resumen,1312,fd8bbc21defa0b31f5054c3a09123a46fa15c937a9f47cdb87762bce1e673c57
D-W3138278083,dirigida,solo título,100,3c7520d01dfc04cf2e3561c3327456bd359adf33e805a24da8d6b39f74a86bc5
W7138361204,principal,título y resumen,1244,fa638bd584600665cbb797a8687e2491ea1b01bd4364765f87abd26f90514fb0
W7123274297,principal,título y resumen,1835,8c4b4c15cfb61a760b703aaf74c283528fecd9b2c3df80d0a3166831a55962bf
W7130544616,principal,título y resumen,1360,d81a337a8644f1563db55729a6ec769a49c60bbb58bda3fbc6c4807e4dcaa3e6
W4386820266,principal,título y resumen,618,95c89447f5db9d9f9ffeb8e844397518766b8ace4a3957ca079aeaabf2e55aea
D-W3158070108,dirigida,título y resumen,1631,ba45dc9c7a94992a9fa4f61aaee3d71b99195dc5f9f4922807b3bfe353ceea56
W7134960710,principal,solo título,74,9ca0c94891408cc774e6c10c9d4cd096c855ef2c1c10d3644a2ba8001ce6eac8
D-W2904477117,dirigida,título y resumen,786,ce9fdb527b0fcead6312316f6f157134bc1a4d063425b2d08c8ad91e94b3dd64
W4413831198,principal,título y resumen,800,f5a0f175db7960dd13ab9eb69568d9566c7a78beda52f9fd68acaf1f86b26500
W4281743154,principal,título y resumen,2035,e24f92687a004fa74d2ad8be80086fe7af55cda1dc17df2e432cab32d720e2c0
W4415186721,principal,solo título,80,fd7a28beddb5aeb4e4db2909995c15c685cf1c9f96b634a517168304176764ab
W2908270218,principal,título y resumen,1680,78875c3f97fce0013b9aa6eea3dc01e994c5f2b22d7ea18417f4401f07932948
W4415317751,principal,título y resumen,1360,d81a337a8644f1563db55729a6ec769a49c60bbb58bda3fbc6c4807e4dcaa3e6
W4312325121,principal,título y resumen,1551,d40a8e56bca8fb21cd88e1bdb78f5bc065169f5c98f64b2a49d1881febbfe7a3
W7161570556,principal,título y resumen,1124,472a11ed2b26cf15ab8f42dc7267b88ce10276fae3efa717c8f17293333139e7
D-W4388662474,dirigida,título y resumen,1161,9120cf7e3de0e5c27a90472d06cfc87e1d07c25c398a401797581a06663beecc
W7161177440,principal,título y resumen,1342,cfb83f30f09f25d6374923befc0cf56e87b6eb66815d872e4027bc733b86c0c3
W2024179748,principal,título y resumen,1484,51f045000507321433493ea14d7cce4401c24b701938ead25b3cb32cc1a4456c
D-W4220937427,dirigida,título y resumen,197,1bfaf53590e48e6ea1e059a59c9b89fc144ae1820a4353d33950db7fb83bba0a
D-W2781954428,dirigida,título y resumen,739,84ea3e33ae6a0c4ebcaa84dea01b00e90ca06ed9f316e979b2957fde5757b219
D-W2612291197,dirigida,título y resumen,1126,517b54183df389f315f4a108f5602983f7596d27366cba011ed49396149d222a
W3004827127,principal,solo título,112,ab27c49cfeb35f654447fae6e8fa01128ac191512c19cbd7050ffbf272654ce0
W4382405173,principal,solo título,55,17da1852364d476557da4067c602ce4e7bb1058805982564396219a7afbedcd2
W7151984177,principal,título y resumen,1484,79a8279dd25aa4247aca98f896714d5fd8f25979f67abcb73d784d85d684a5c0
W4247148161,principal,título y resumen,1197,6ace2fac7eb65891fde80e354357f680b7a3f44bfdeb93b18a83514c9de4f7f5
D-W2219853930,dirigida,título y resumen,2987,770c264c699c3bcff8e1c6fb3145411a1c3138e986d9e60ea41996a3723899fe
W7162815520,principal,título y resumen,1601,0d83965b78cc10513e49f9b63f12b729519f8e067452abdc9d56f56497a0a23d
W2592807386,principal,título y resumen,1165,771835837ebe231b4db8035fc505fb164475dee935d13b23c583e53cb608786d
W1521884259,principal,título y resumen,1482,d6aaf298621cf0b45fc4b930d53b4015e9f66a8fb8511d633fe0698c94a91df3
W4413679618,principal,título y resumen,1072,affd9daa6ebf89889a0a7b5a96de2958e4aee65ce75d10397f5ff02169507298
W7166838549,principal,título y resumen,2498,4ff42f8e34c2fb7be55d040481d6dcdf2dcfb9aea37d720e347e09eeee5740a9
D-W3126458116,dirigida,título y resumen,1635,3849b2a11cc6ead6c301bc3d89963ca8813216b7ba0279278dc0e05683ad2163
W787921101,principal,título y resumen,1155,d6ca8cb7969b955542762688d7f85d274e50b0c2b830d13ff33e4cd890480775
W7163418465,principal,título y resumen,1651,ba12ad9160782797275fdb3746e5d38df7b6d69ba6fd07b6af755cc147b2862e
W4410392350,principal,título y resumen,1398,c5c5022847d19a3c9a3e43d07077449267a63f6f81bc73c3369e6c477bc34914
W4212920838,principal,fragmentos del texto completo,13059,a3185e70d563469f4ae7ca5e28277dcce1aacebced9d44332a6f02a8edf50873
W7147642833,principal,título y resumen,2116,d9a44cdcc3ccdec21ca0241a57085c8b613d4ffbf5e75dc96d422fa8975282a3
W4410393794,principal,título y resumen,2066,3fa3c15abe31f24cc7a069ca3389c5c1ed3c756254c5e75b103a6804ceea25ea
W2528410472,principal,solo título,88,043f26cd8f759892310447748f2ecd5634a78e28360ddbb20e77f3045a1a422f
D-W2562174527,dirigida,inicio del texto completo,13100,f8d9dfa4ee5ff7d231c0cb9069c73c3b3ffed6e5f3d1fd4f41f47bae9eaf7ffd
W7127947778,principal,título y resumen,1839,8591e6314b3a5951056faf377e7e0a5390ed521ec3f61faac5a23fcafbbd6fad
W2587684450,principal,título y resumen,980,87c6f3e25552394d561d8c11a27cfc3d70e2b13d4a4cc447215ce23018cb08cf
W7162318210,principal,título y resumen,1484,e48b8f6c8da603d0ed7a2963bb102e87e1cecb094de12dd537449226e40c52ee
D-W2790857019,dirigida,solo título,110,73b8fa7b63aaf5fcbe7cf6ebb6d154ff457efa49cc31ce69d5c6b605a418ddf3
W7164462175,principal,título y resumen,1102,d795eb600c17e5aabfeeecaff4b53bf0d7f313fae894557f3e7d52f455098daa
W2799103818,principal,título y resumen,1429,3fcc8b95de590fa7755fdafc3ff946611ec4552cd4831bc59c04322f025f8dc7
W1910238460,principal,título y resumen,1427,394856e11124a5aa424d68d2e8b0f6c97e7fa0aa35147c9df0f44a8ce01ded6a
W2259064926,principal,solo título,92,67c452140eb8b25c2109f850c11e739b5b7dc0f916ced6f37d49cb744daae0f1
W4393065842,principal,título y resumen,1539,17c1f4e689691c82f14f5b84fbab99bf392b3bb46faa297b184afea8a8c72f92
W2890187298,principal,solo título,39,ec4275f151b1aca87480ecfe9d11c69ce0ceb1344bddeff774e465ed6418d9b3
W3015105962,principal,solo título,29,89cddd04d0b52c4b2c3c52d45b476be8b83c578b759ac20965286a9810c7a938
W2796283875,principal,título y resumen,718,ebe325b83da2a8b8273af3a03ae4914adbf67123bd14a39712cd00c22e356af6
W7135020962,principal,título y resumen,1676,3862b95c5f04eb2c510c985e304b1dfd9db1101c1ea49bddb958bf38a5d81379
D-W3111821266,dirigida,título y resumen,1681,8713f6b1aac99f93406e40a0265db59598cb69fc67b040b71ce3929657cd76a6
W4393315149,principal,solo título,52,330cdddf2f8f5e53f7224a5b26d59a9def9fc30bbe8b6c2605fe7d7dc98f4af2
W2608165932,principal,título y resumen,533,62fcfde2ec26d2e36ada3b73f0391029e68aac17f6c3a9bdcce4f1519d48972c
W7124924956,principal,título y resumen,1410,9e97f3cd8498c4cfcc500de9e4b6218f4fd900aa83262550b0222bed49dfdbe2
W7111070211,principal,título y resumen,2187,865fe7a333b3bb2e57590e815d319dbe0c3e017126747e3ca3f148839815019a
W2935193705,principal,fragmentos del texto completo,10372,316ff39580252f81ed8c3110b861a6dcc885243e4ba3e5d3df42fe08ffbd572c
W4412081682,principal,título y resumen,1995,5138a0b870ecc8c2c4ccf6c6d2d61109d20bf7d94051fdc16a92c6f9f31b81c1
W4324266845,principal,título y resumen,2360,c0ceb09835703690f8b3cbb5bc65402c2944853fb918f4adf30aff43bfcb091a
W7140092931,principal,título y resumen,789,58b1d00abe973c1a187f657b66bf6ea35249ed3d8f27170d72a8e1269944c2f2
W7122758480,principal,título y resumen,1506,68bc201337092c6e141592533a73aed9319fa5fa34e702e1bd14cbc98a6f24bf
W7163124032,principal,título y resumen,1508,bd41dde5e4a52c33599747fbf7a32b60cb8ad965ea92838ff21ea21da6fe1d7c
W2525372479,principal,título y resumen,1469,52e761db6b43e93655727702fc51af0f1effaae1a2c7422f51912cdf468d585e
W4390815845,principal,título y resumen,2182,714900c75deeb042ae568e6dfdc7f01f8526cbfab36ff1b5b279a7501919db16
W3044264048,principal,título y resumen,1276,7b6811ccdaf076e3ab175018b0f6279c26a221c9476bd13a2d880d3bc10179d4
W7160306737,principal,título y resumen,1693,1265ae5fdb2e5892b01696589179332505f3949b0e0fd89cb7133dfd0fd75c6b
D-W3169987997,dirigida,título y resumen,751,40f430b04f77eb6557303f502527d3c5186b2dcf55c466fa6d1da4c6b80dd0c6
D-W2971253494,dirigida,solo título,118,0996ba9ab4a966acd71dcb99995aa9dde6d289719c158052d816811241101251
W4362513803,principal,solo título,113,36c1ac036e90d1364fcd7e0a1aaa996dfdca6dd3f2c6387cff9b3e8684560f00
W2399720201,principal,solo título,77,68493f4e51caf04e6f77354df73fb0fb7bfacee75df292f3df05f7d08770b08e
W7117477189,principal,título y resumen,1545,b087fcecffd39cc13e3c680c95fd22c1d8bbc698132f95bca218c5374a215557
W4396956212,principal,título y resumen,675,49493a72279377b995a97a839b996b1e6dd4dfb1c734c0575caca39698b2caac
W2982252666,principal,solo título,74,a7f43bcaac7905c5b40a713af6dc3eb9020eb24b25521673fc86635ebca89d6c
W4413982506,principal,título y resumen,1588,9d71e1f1198a281a5c59e0d0ff14a6d99aa3df712878475d3ce77d920b28c391
W4239859907,principal,título y resumen,1080,404e40fe0fb66bfa87d4006c456d8a1ec47cb30bd34f7ac03a16f9a3d780a8b7
W1774884344,principal,título y resumen,400,6e940e235a0220e68a66056517a028a9abd618d9e00a3771530fe9aef032233d
W7139014933,principal,título y resumen,1556,d0a7a718b034176306d16e63072ad9a20472b1a8ae7d07c4d1c10bb75276cc4c
W7106549732,principal,título y resumen,1830,6d04e7976a263a7275af8671f6ec9003cab337823e77b4bd85b590aadbdcce53
D-W2951842911,dirigida,título y resumen,2998,a83d188113d3eb64ddad8afce25a1608bf2740b2b3f348b266704275145cc292
W2980985240,principal,título y resumen,1075,92f2179470f89ca6fb0db47c1d845f50b01d69f1dd81a169085b41eff15d15a6
D-W7160863463,dirigida,título y resumen,1786,27d8897e70a3f5f4aaaf16fee2b35f1f68e0c7f1e1d3f811d54cb284b88ad651
W2921014429,principal,título y resumen,1315,5745dc4ac9bd44e0e2d17a2a44738cb5db71884e20f06ea45416126068e1623b
D-W2900745546,dirigida,título y resumen,1152,5c27db5c5d7c27cf5699c32a847382ccddf929711946979008ebd54651d540a7
W4292348443,principal,título y resumen,1260,cc49119fc000ab77975e79da0f2ca027671004939a6247426782a8dfe1298c1c
W2920095989,principal,título y resumen,1270,5985e2a10b11c8f5d518c1f52bee0c097850f776aa556724655f9e14fc4397e4
D-W2935762291,dirigida,título y resumen,1531,a01fa92f93822c5a07fd1be324b85fc3ae1fe193bb795fa1506e7585b0ac1fd0
D-W4407512189,dirigida,título y resumen,1435,569373625884b5cb27e25900703ef378690ca4738a9368892a1d8d5ee965c0be
W7154944372,principal,título y resumen,1450,1d9ae68972732127cae07df21d77896497c7a07bc21c783f663d758895d694f8
W4241587546,principal,solo título (resumen ajeno retirado),31,a84fad7c75bf3ec831b1dbc6168b88c62c96bc334d3c6aa8976475ff2876a638
D-W1546692790,dirigida,título y resumen,1355,630704d401a093c32ce94172c0299c6aa4f80f976d8693a302873f73ab11a3b3
W7131864860,principal,título y resumen,1441,2d08b899f3d7f0b3176d33d4dc39616d7bd25516b95cbcddec6f775c5a3beb19
D-W7212151684,dirigida,título y resumen,1164,93bb3297cf2f2a745a671e59f5b9ceb1619ba6b95686df7a1ca0749367bcb0cf
W4415378750,principal,título y resumen,891,25fbed094a077cf84fa1da94dffdb0460a793dc6afbec6c1585b169406fd3274
W7123037679,principal,título y resumen,1037,8955f075602f9d0d729fd43e6144932cea8120acde2e305faf0632174148b104
W7160070836,principal,título y resumen,1902,354df7dc97ccc882b4528ccfb0c44e8ada9c1ba5ea87ebf372af1978fc5c6f66
W7146978153,principal,título y resumen,1342,34900bd7e5ba9f6994341bc0aefc9a22ed1c9ec8dfb6afd5e9037a814d5d0d94
W7168173957,principal,solo título,86,bc724e53bd4710bda0ab31cdee3267b4df9791bd7b3b83b929f3c31e60dd212e
W4404887250,principal,fragmentos del texto completo,13052,0195faf4e2dbc7fa6881b62517beef56dc72fc9b9c21ba444915e8c32d55b2bf
D-W2982345762,dirigida,título y resumen,1867,ded22a127bca89a53a706207cfa54ecb7af25ccea2a24e8a2674a8f065c47356
W4234774977,principal,título y resumen,1083,490fcea579a36255069dfa412f87c9c53dc67d66e10326ea9c1f5f45922952d3
W2563119576,principal,título y resumen,1215,4f855aa4ac0da72488ec86334960908fb87deb813246ffcf05f31f20ac950259
W3006273876,principal,título y resumen,1209,3d1fdfd6ae4417e1a66def3eed7935ecfeaebeecc8da5d8bd8db9ceac34c7ab8
W4241834378,principal,título y resumen,1083,f26773a3eb3b35730f6173ac4bcc3fe3fe2f0d7513560c724a6dca7dc7fb2b48
W3032900414,principal,título y resumen,2143,fe3bd606d5aa4d622bc974ec390b49557d59be2a154da62ad915609930e90ead
W4226440641,principal,título y resumen,1722,825dcb00aec7124b9b0b3fff4f4dd2df6088b432658e79ecd69d071741a4f6b0
W4416260857,principal,título y resumen,1516,0bbd7ad9b2d1b28a93c35d1c2143fbd2d6ef47f4d5026bff18bfd6fea802c410
W3028451483,principal,título y resumen,892,875e5873c2b6ed4017642129c22a47c6abc64fee41147b12555332e73b21d779
W2891253010,principal,título y resumen,1262,6e6332fe2a1690d05617aca3c2042c6367a11f2d18329fb00f04f5bc8157413d
W4287385199,principal,solo título,72,1298ee2580e4d7689a72d74f9d3497ac5d71536a91290d566bf083f35e3eb2ff
W4408162697,principal,título y resumen,1518,008aea57595e350de0444f40552721ecbffca9436997e4d150cfbfaca01d9e1c
W3094007900,principal,título y resumen,1127,c87b29afe56968638ab5087d46c1705c66776db102218a046e56a96bedbafb32
W4234273280,principal,título y resumen,1289,2cc07c3da4f3a7c361e5ebea081b7f1dabaf0c5425ea1d8572262b231cc2ec47
W7148319347,principal,solo título,93,f8ba69272585aa5805c05aad0edd1a08191bbce1751dc3447fe6e5e8855626b6
W4410188062,principal,título y resumen,1999,2da262521e74aad76d32975f9fca148a7c254600c25a2baa04eb9c37ce0fca18
W2570400290,principal,título y resumen,1353,84bf48a2b5aaaf249f1a31b29b0784a4f55ac391a4b5b54630478260a8d13437
W4409346327,principal,título y resumen,1091,9ed10e8aa996d02ca23fb97cb499d1c1c1ae70613f48c2341a11eb1132bed2c9
W395385492,principal,solo título,58,6e8b6a4c3685e5023bf8224b9594ae592835839130a1f605f366fb3a39cbd775
W2895500552,principal,título y resumen,536,9902bc1fa7c6a251ab7a0f878368b81394feda5cddaaf270d5da3e3ea83d5f39
W3034330510,principal,título y resumen,1436,f33427c34309fb14bc13b467995ea1b2f64c80e6920fcd4dcd3690ddae8a9e91
W3016155907,principal,título y resumen,1490,cfacf5f5dd38b31bcf9a8434c3db5c30ea66914d17d9471c457185e44f5ac7f7
W1602445004,principal,título y resumen,731,3609fcaf2d49daf62fef0aff2c02ae309159947c0221da5cac14a38633dc207d
W4285270336,principal,solo título,80,09a5e164aafca6bb33c8f6308d7cd392e6ffe97727973a4bcbbb84bf7ff2b4f2
W4416142042,principal,solo título,95,87319c4bc8d040a2bbffe332fedac31b8101ba372fac4c337424b2abdba17ee8
W2990135314,principal,título y resumen,1295,73aa2c7458dd7875ca80fa83aac075b8b83bad615229b9009f43522ddd74340b
W7128314597,principal,título y resumen,1808,b7987776f4bc6144d973e4a8c0b7920f7f9b9680b82bbda70c865f03ff3359b4
W4206254927,principal,título y resumen,2426,03602531f7184a46a76d3a17e2db07ec3853fa74dabf68f864bb26489a94b5d3
W3212880650,principal,título y resumen,1476,3ec173803ca7e2653b6aca6ae03c227a81e4711ee850ee88ef521dfd3ef1d14d
W7106520576,principal,título y resumen,1830,6d04e7976a263a7275af8671f6ec9003cab337823e77b4bd85b590aadbdcce53
W4408146800,principal,título y resumen,1484,b834d9c48c09fd29082fa649fd99a31d7f8a4d7c65ce055a7d8840701a093625
D-W2979587090,dirigida,título y resumen,972,fc3e7b8c5d6fd3db6853ce6f7afd8af9fc4cb276ae8525e93eb0b3398014ceb9
W7155158607,principal,título y resumen,2400,14fa2a24a81cbe8b38de48b630395f0c7e1ce8cd71ed1a08b202d3de34221af0
W4405764339,principal,solo título,92,0536b2b965924ab37fb401412aefb3d10feaf656dab8bc166964cf007b6a2291
W4409054034,principal,solo título,70,615be288a339a5b918cf12664895d97655540b5813cde32ab26f802358b2ebc9
W2995473268,principal,título y resumen,1318,06d5ef57565244919ff74e33c5ec1179aef4fe021ffea2023cade83061a71bd5
W2892210363,principal,título y resumen,281,10b747beac6bd7dd0f6b26a1ff093fe249b406667daf34d9cbc1cf247b473e46
D-W2963615284,dirigida,título y resumen,1164,368ec0a4466c9789ce2082a464ab4a3bff90d0f3d4bdcc88c052a58b49540211
W7117468024,principal,título y resumen,324,9ea251ea37f8a6d2ccd4643e90349c62a4cb63289ed2f603d8c963d2c61ba00f
W7166693587,principal,título y resumen,1650,332f1e38a1aecdc6b8289328def510b9a84f94e915edd31183a8985c9df63804
W4285158883,principal,título y resumen,2039,9664bdc878c3a03cf7f1591cac75a0e16730820e2164b859be927dba827b203a
W4415988886,principal,título y resumen,1385,1fa2bd363201cd2caa910c65a80ab3fd0e3c1fb721c51b8ddff249f12cba009e
W3201946767,principal,título y resumen,1970,1e78e22978c99b4f374f62e0e20b8e3e49a68c89822ef8cb6d86338e7c4e986c
D-W4200420483,dirigida,título y resumen,866,c3d011831f98aaf9b4ce333b2e8b35a1a609bca480507cced8f3aff30794d3ae
W4415004078,principal,título y resumen,1227,7fc608bee4d382c8d1a2b0f56eb66a7ab30e87f464c4e3b49acc2504150dd5e2
W7152553313,principal,título y resumen,1425,82e3eb1bfd5997abe4c2606726a3d2c6dc2ce0f9ba7dcc412eac2330c93468bc
W4411271137,principal,título y resumen,990,d8cfd91372d00fc0c7c206dee858ae09418bd4aa31c2759369d8f907cb06ea97
W7151442404,principal,título y resumen,2211,17e46d6f27af8c71761afc9c90a5388addb8c2f77860c71ab372b5ae90492b61
W7151524291,principal,título y resumen,570,6a3644ec4ea21ec062ba09d3c65e2d7af6a9ecdaa31ee5917204250335a97181
W4415004362,principal,título y resumen,1205,bc6d460487f766c81cf3a506d082d90b3fa38c500d7288dafa31c2a43d30cc22
D-W4396679114,dirigida,inicio del texto completo,13085,eda4f55bbd448eb8acfa6e63f50e139982222044571aee0c5ab973337916340b
W2993878302,principal,título y resumen,1185,28b6e6f5add3fed365db2e5e38b306fa31b79a7e0be5e7752cf9af145139efd5
W2792929624,principal,solo título,107,350c0e1e8b3f56b02e543926ef8a27f8aae79714db67868e030be6773809a629
D-W2901475964,dirigida,título y resumen,589,bce1f2dd73e3238a6e39daca3ce16cffa89da5f39ac06469e21d84915308b984
W4390905347,principal,título y resumen,1502,4e09c67411b4102a2785bfcdac2dabe2605c9851efffc12c4eb7c18a27bb4352
W7160929700,principal,título y resumen,1186,6a7cb25560d066468d36abf9341b095d156fb371dc27005f657605f4e64b906f
W2461521309,principal,solo título,92,bfcc584260b3e72ed06aa89b365641c1f7f826ceca062588f685871e767d68a6
W4391169333,principal,título y resumen,1292,0d66f09600942c89b1ad46fbbc43fbbed49d263795b9c50c6bf21fc75c38d80c
W4235730723,principal,título y resumen,303,b2ac2d2bbabcb4eda0f23ab8b71211dd3c7a3188a910aa6a02b4f90b0bcbfb35
W4282836603,principal,título y resumen,1080,bab9cc75572e8f47ae6092e58e58b51796e5bf6ef9bc1d05e01c0ee3944061e0
D-W4224250200,dirigida,título y resumen,1067,6450c8b3ca46cfcd9f51faed5995b4271da17c107b71751e8ddd337d69799d1f
W3011637770,principal,solo título,81,cd279dd6506cd0aaa200a367a64df0c0d40af1f67c4fe53028fad39650488de9
W4413040000,principal,título y resumen,1681,407e1380475616d18881bed181b18bce762cef06355c7ab7d6fe4c013e607af2
W7116654226,principal,título y resumen,1217,f156ffbfd10f55f403b5342f67fbcdbc03d68a70f889e497272ae3ba762bb855
W7127098230,principal,título y resumen,1274,a9b20a5214cffbfa9f6265dec151385589c28859fa61334d051efee267c9c9f6
W7168169801,principal,solo título,98,cedd6e2ee0b6f985db1205ac09d2e7e55097cd1b514aba8e39494d41ce4ca2c0
W2889660953,principal,título y resumen,1755,54196763be4f3df03b6db133cdce87e8ed9ba8ab11f923821d069fcd01d218a8
D-W4407860904,dirigida,título y resumen,1022,8ed86b7a9800350b5d7f1844c65f136e0c9f1964223753b4f5ebae46f002ec52
W4415003759,principal,título y resumen,1448,1f103fd69c65a9e798c6bcf6c53b6995c7682bd891816b72ee45fe3db927bbe6
W4387142549,principal,título y resumen,2791,79d67d05f8584faf05d540661e7a0e9fc63071faea6f0a6d5679aba180b2f5f5
W7124963792,principal,título y resumen,2511,f22928ec219fb5395d6d2ff20c65562b2bf02a9b77c2aa8e938b3fed22cc5de5
W7160260692,principal,solo título,71,624873ce1cc1d6d291da9d4b4c519f51c6985254a896497ce0b99848c9b5729f
W4409054015,principal,solo título,84,61e2ef35585bcd5e42cfc65eb5e378ed12053b5f069849a5cf6d5329bbef4b37
W4235280327,principal,solo título,10,eee08b47fa86b8abd82c4be4f5c49abf913793e0f2e7539cb52712906a3925ef
W2895254673,principal,título y resumen,1519,7e8d4e47dae8f402230a884438a21661e1de6aaa8c2af6e53db33801de392e74
W2995822904,principal,solo título,65,f5d39eab6f27253264b899a48b202260012561e17fd6f5a9408799843907f06e
W2590479606,principal,solo título,99,c2f61433a1faa365c837a4614ba607fe23415039a463e05d1c49c10bf3e3fd69
W961705353,principal,título y resumen,1694,568ab36a1b23b810c43329bedbb92d21f69bfff2ce000de169c855faac896705
W2947201799,principal,título y resumen,1111,4b045074bc8039b90c31aba7ce5c3ea666b66d69e40386e5cf5d5456c89c2347
W4362514045,principal,solo título,73,328cc2a4224b5896ca0e06beb7e4732315004150351df3688760668ad7c752e6
W4391494883,principal,título y resumen,1021,2ddc311f2420706f7217b6794c898d7b714480e7549c09ff5fe759cd01d5ea40
W2901658057,principal,título y resumen,659,75f5a4e17f658cda978a1adc21978a100d408f5881276ce89eb4ad5129ab42c2
W4398239339,principal,título y resumen,1010,3ead5010deca7a3e637aaaf01de51a86ffbbf0e04235ce608b7ad8ace02f7529
W7164825216,principal,título y resumen,1382,29ce9abac93cd09925237ea290b0b4ebd148b0095f840a666cd5da170dc9680c
D-W2430045015,dirigida,título y resumen,1338,f21098fa0a77ff5b344afd116c42f81838c242b2e8a878d95ce6597655edbbbc
W4407629014,principal,título y resumen,1757,1fd701fb9400ac821801d9aa079e8321e7057887d98c36256557cc61e6f37fcd
W4214611632,principal,solo título,63,bb45ec03a03fe42c8ea7f787c9c4370514007c5ac865b492f773db666db4e88c
K-N6,ronda2_kappa,fragmentos del texto completo,7748,55c5e8149d94cafc5f5bfdfce6c1627cc4d0bad2c3cec58c79afd4bd4e19d087
W4382933429,principal,título y resumen,918,bfcf72161934874185da2f88cad73b04d18114c87b7c208ca005ca654ee59a88
D-W3163381335,dirigida,título y resumen,1050,044c6ddabb4234a716509e108a2d322c0d7807f4b17f44f67de50cdb25042622
W2810778250,principal,título y resumen,917,604987c182fb6eadd625e0dd997229e94768fa9900159f7550ace338d4b1ee7f
W4416430139,principal,solo título,82,608e4dcebd6194441d3fdab3c6d2ace463b4e999c7999b77ebea91d2f54237ef
W2544584664,principal,título y resumen,1036,5f2a9280544d290a20eae111a1e7d7b748ab611768e0265d99a7e044a3860e4c
W4415125200,principal,título y resumen,1325,0990dada2a2ec926acac758b8594a12b25e6451812742b76225eb30aad83550f
W4414165984,principal,título y resumen,3088,8ad8af0881df7dfd49dba5bf4e955d29a5c30272fe7cf872687daffa8f3f34bc
W3158733197,principal,título y resumen,1312,4156b87d1f6de1eb6d8f1be51e9a124c8138ee98f18a042e8f4839cc7d1cb27f
D-W2885046829,dirigida,título y resumen,1060,9c71f396723106ea1088ef1d6b74b4bbcc3a414fd448bb06ad89f8a4542764e8
W3091973425,principal,título y resumen,1866,fdeb9a7b837160437738c2dab00209280ed344c64e5929d54da0896657c0c4e2
W7166343737,principal,título y resumen,1820,849e594316845aa7f9d3bf3100246fef680dd134afd2951d91c5e2155c0f5f0f
W4220840599,principal,título y resumen,1546,57b3ce52bdbfd6b440f99b4c3e410a4f1cec5502621f0ffaabe03228cf7607fb
W2798726673,principal,título y resumen,1335,fa5e0838dfdce498f9e79e3053c0b51d345245d104c8e6a41605c3b6387aa21f
W2889857138,principal,solo título,76,3b75b85823f33dd5561fb1d1e19a19b5933247a2d54ea328b2b18a88d46b4c9e
W7125680459,principal,título y resumen,2477,46412b1b1ca1d6382a2b2d3aef34c8812296f587bc55f59033a15e5d781d3cb8
W3197998413,principal,título y resumen,1408,9a24b8ba00eb6a8c10c3cdddc3f896ad07c53862ae01115378c9dd1b9b01fb4f
W3139869189,principal,título y resumen,1157,1141dd2bb31653ff636ebe75320ddf118ec3a7afad2c83600a4f49dc7743a964
W7119153631,principal,título y resumen,2845,32f212228d19b0f190bcc4ec9ea89784fa7b453e27447c4dd8a5ef531092b43c
W7117454914,principal,título y resumen,1596,78e6c1e39efcda0ea4f60c33e590740cff89071d9588805f1fdfd09fc6e28afe
W4402626702,principal,título y resumen,1850,5dd7a20430d2313a2fd759ef8e4786643a9ba8c336c8c1f47f66c65b41841f69
W7165668125,principal,título y resumen,1349,0664a01c17e845261d27a44062f77f1a0e854c6e95e26875e7a0b4dba7b890dd
D-W3149218598,dirigida,solo título,92,28db561ea1181caac8519e7c233d30475c59f0eebb04b0f44ddbbb62b96e5cd9
W4415124383,principal,título y resumen,1542,fd27d326d1fb92504d51fd199092a9c7e802e3d056f1cb7e0b69573d6e2f8865
W7163588803,principal,título y resumen,1966,31499bd0a65be8e2c68476e7c1a11211d656f045c59b5d74f0cd3988318894e6
W4408853784,principal,título y resumen,1268,ec29b7a0dbe49e104bcdaefef4e0fb44e15b56db467424bdab6270e98a26a1ba
W7134910626,principal,título y resumen,1307,8909d2713f5839ada291ea3391292eb77edbb4cde356e09e2ce1c620a1322851
W2235228138,principal,título y resumen,715,c3750d3873024e2ab1eaebc4415be364cf32c6bfdb34999cbdefb13a485e4b29
W7166302342,principal,título y resumen,1541,2890f20f2ab6748318fbb5744126764740a410d21b3a55b881b07ded2ecca53e
W7124960068,principal,título y resumen,916,c6f2572fc40280dd81f8e7d19b36a22691f404b895b2fbb89fd7f5010e534879
W2428576445,principal,título y resumen,1680,3def77176000b92222b8570a0b4e1d79fe904e5e49b8e043676e7d5802affa9d
W2886614420,principal,solo título,84,51fdf1e15376ca1471001ef6cf1407b9896f06955e7101dafc031af26f8cb41c
W4401719565,principal,título y resumen,1903,707d7b88afe108c5071af42e4f696448416789cf5b834ac5142e4295f49d75ff
W4415124420,principal,título y resumen,1639,9a9add9b71462d52d2cafac55f838ff969e6ea2c51f75874a8a28dd7955a4e83
W4410638764,principal,título y resumen,1258,568b3d342e28dd7238ae801917cb28d02945aa560d0af93ee76482fe97f1f029
W3097742476,principal,título y resumen,3761,6a427a3649494a320cbf062653f9252ee7a514f2fadcd8fc965bb808130d0cfc
W4417053662,principal,título y resumen,1988,c42f2ba4045bd39217139304d59359c5a710c1dfccffcb7f7c5e87b0eab0ee8a
W7165668192,principal,título y resumen,1443,2123f994cea855d24e03d243ea512e20d1530197848617c4fa020f58f1ca0b86
W4412190197,principal,solo título,87,840b683088299b5c882d3d14c6ae9de72b80bd01424c28456f3ba4afb99b8ccc
W7118887537,principal,título y resumen,6888,b07a8bc5abc12d74f64449448470a09d7ccfd99e17256f8cc8cb83da02839a2a
D-W7155484474,dirigida,título y resumen,4198,149f993c1bc91f890cd2b405cf83b2714a7702c790acbf76c417ff5a41c4f7f7
W4411522888,principal,título y resumen,1824,1faf027a861f9c2167a0bacd45ae5525fa6ac36ccd30e736893b2a776e9f20af
W4408162838,principal,solo título,46,726f6452a84ccf104faab47d6dd83bc384a078a49eb083718638cd38d1b15804
W3183605031,principal,título y resumen,1197,6ace2fac7eb65891fde80e354357f680b7a3f44bfdeb93b18a83514c9de4f7f5
W2725087702,principal,título y resumen,1173,a5babfb46445a8f9218e11551373c2edc29c8e53d8dfbee85237df5967a543cc
W2607556433,principal,título y resumen,3756,545eb546a9ece931ffa9557baf8d792b94df0ab4b5d7175f1e05171d976bc20b
K-N17,ronda2_kappa,título y resumen,8319,5213bdb389b0cf735b56c5c985b03bc2db2d03d6753b379f71ef7909c0db9917
W4417368023,principal,título y resumen,1162,dd657e428594449511aabfe570c54c1efd10136a6bdeaf77b7bb10d6f476f002
W4410871519,principal,solo título,49,0ac3ae46cbe790998d894f16d95666efa0bfc915cb9e0d5acec79aceadb974d4
W4413122011,principal,título y resumen,1635,7930d94b90a6cbe568b90c05379e76950355752bf64800f358f590c7a2d28297
W4411612612,principal,solo título,84,ac56549aaa289bc20ab5e640ef5891ac3d09cab633c63f77d5c69d838519864d
W4392077482,principal,título y resumen,1317,bc74d46ea14ef08678cad57b68b1fd1dce6ab60758d6dc4f480feb6ca539b954
W7162104360,principal,título y resumen,2607,de44ff6fa576b55a9d2fe102c1141cd20702258caf5fe42a6d9bcda3166a30ad
W2806644626,principal,título y resumen,551,36d4c5a8e8ec2591529cf952b51c6ff83842d8648564b4c63517ce67f69c7a16
W3206124440,principal,solo título,84,bed6f1b176fdaaa673d634a7a533cc42c57c33f0549907ba280cfb292dac7afa
W2599803294,principal,título y resumen,956,34c1e8c9a51b33cac5f6997f89d5aff8e3457d15e4d1f15666f7ad7c55733878
D-W3119024088,dirigida,título y resumen,987,2c580e9dea5545487a6d739b58805ba3a95cd41a85af128bc254b5b6cab09e3d
W7167140688,principal,título y resumen,682,abb6143276c0d62924770f6031e367d3564fbed41be6783650138b88bc5ccdd1
W4408316624,principal,solo título,143,0f8330e84273bbbeecc97e1aa81993784379bbc3c81e7621c91ba1c049be740f
W4416220608,principal,título y resumen,1269,d82711ba750e27293692bcc5035e2b5a766d45fb0ccf6a218f0571736c9e0a87
D-W4394767871,dirigida,título y resumen,1863,481453bbf11cf40e2b727cb7f39409eca5b22ebb61aacb37cbe9a5e0b85dd04e
W2562917424,principal,título y resumen,1249,82a68a511094f3efe725912ff85cba3386e4527055ef0cdcc198f5873fb623aa
W7125805982,principal,título y resumen,8651,7bab83c3c4ec34781df7384985b0d8f4ff1cb6dcc865562cf61208a3d73cfbac
D-W3099673514,dirigida,título y resumen,984,25df02ef1749056e9678dd7bbe117555089408b448491c5652e3688030b7da5c
D-W4395676954,dirigida,título y resumen,1217,dd5f206d0f27317aba8486d496d1ccfbda3911551a53a52a5b7d6ca944e03892
W7128622676,principal,título y resumen,1210,be27c0046914187b8013c5553450ffc720c1be423044f3ada8735bfe109aa933
W4407986251,principal,título y resumen,1902,ac4a1f53ba9282f72b4f5e4bc1eb6c3f15b145714748901ac198b32eff55f075
W3095778443,principal,título y resumen,2186,45e9e662c485768cb1dca9af1c78197305547e66ee5fb1b3ce82f54b6233d573
W7162642012,principal,título y resumen,1144,2f4575dd462fda68605de4cce450a7bf666ee080c51b874f8e555915c41e108c
W7152585060,principal,título y resumen,1114,14c66691cfdeb33e58924856613c4a42e4ea6cf96a269e26b72d9776043acb10
W2394985082,principal,título y resumen,1514,73d8786ce270ef46ac5d13d862e12cf4db8639e0fa1626784d016310478a7826
W4312343973,principal,solo título,47,0cf7c45aa4271c18e64e56ce1354a9a7a1fbf86d16cdd2a665d77277546a2419
D-W4401662167,dirigida,título y resumen,2086,50207415c94f235c8ca32567ddd8ba753a2fbdffe7f23cdf90a5aa2084a97f29
W4366523435,principal,solo título,90,b3a5e9c5bc07037ab68af734945809ffba0f025872e283ba9898262138d491f1
D-W4409082791,dirigida,título y resumen,1540,653915b12da22dc66a4b839aa6dafc8fe6f20e50f8e80b58835d1fcde04162c8
W4385981450,principal,solo título,109,841273bd60f26da5a12d1ac030f10c0a2d4530bda613a97e6a46583098082a21
K-N15,ronda2_kappa,título y resumen,1447,a784793d020879941a63e409dde66660d38fe6494b12856aa7f3e14b2501ad7a
D-W7172263736,dirigida,título y resumen,1714,76e918c209423a0016eb7edffca002f63a32f6a6283cd45d82cf1d33f888f8f3
D-W7163603809,dirigida,título y resumen,1736,c484011471c5af46b1653d8a387e39c657e6a26072608d975799d1f48dd54727
W3164447718,principal,título y resumen,1851,6bd7da3c25a48ea500cd5baf6ebec64a007ebad370648c7e8879426972e197a6
W2514061699,principal,título y resumen,1066,658ccc0823b04d3e22c327fbfd295540fe5a82c149986eca86d0637fe3efcb2a
W2897387723,principal,título y resumen,1448,6abec4f961d294481e8553fd76c9fa946b1f8a23789ccbc9081ab824d69ef8de
W4401247462,principal,título y resumen,1185,57aede262849c6324877ca3bad2a0bb64dda75b74e5cd219e02b6693633fdb13
W1961724537,principal,título y resumen,854,7896c87f97c1f1898c1dd6ae6012249914c70cd790280bac8b64c1898f5f2c23
W4404467337,principal,título y resumen,1646,035885604a2913c3c775ff597ee90ba0519b84a599594e21e84ece54b2e96156
W4398766018,principal,título y resumen,1523,02a08ed231516d0878d435929c056db7ab614263979acf6891f249cfd0eb2e98
W4313563649,principal,título y resumen,1548,5497061cb89ca7a7d02a530fb41f3f81326ccc6f6223573df458eb7f6b4398e0
W7128488406,principal,título y resumen,1807,ffcdae47d2a991e5376e8d1c2b76ca90748d54fb91a4ab043002f669ce64d8c2
W7166357155,principal,título y resumen,1799,525c9a6215cd2f219df0ceef953c8d3e6e5990cf9048370b221cd85835641f12
W2993386154,principal,título y resumen,1716,d1bfd3f1e80a9c783032f0b136b7a519c024a925640e9a3cb45239ab73fad7a8
W4377964933,principal,solo título,44,962b7b08042dbde6be2603d6b32194a1475698897ce93a7d75335f41dcf581b2
W7123565692,principal,título y resumen,2283,f3cf3424c1b776fb5b08d5831e07ed618a9446b8a149dd7816e7ed4307105989
W4414599856,principal,solo título,139,efb0b6b4cfc0b7598517561c9f063cbb67a8f78355508622bb662352e01fee0d
W4408162808,principal,solo título,38,86a07ffa5c576cfdd3b57683c1a2cde23ff6981a23477c8a3c47fdcc12167263
W7130712466,principal,título y resumen,1416,20b67002dd1a5256dc6697019c5cd8a004c3c61bc5b5cabbd32c99ee9f7f3f5d
W7152940172,principal,título y resumen,1170,73df49306ce0993406b262b8a29da7d91930d6a517714fc5ac2bf109f6eec2f3
D-W2978210665,dirigida,título y resumen,717,6b509e37c8d6666c3629a32cd84f174afcf01abadbecf94db0f8ae49637bea48
W2898635348,principal,solo título,28,ccd18fe098bbf85b67cfe5c2f95baac5499e1c145056ad9a2c376601e69d7b20
W4212916849,principal,solo título,58,64ef487480f9c1c4a15f8412d498419f491fbd05f9b13cf834348656b3125ea7
W4386737191,principal,título y resumen,1393,cdc8d368a6196c3da824bc1a1364976288d189328b929369cbdd10e14afc191d
W7117465229,principal,título y resumen,1262,6a20be9e91aa39cc2a84a0ed78e74a5e1ec6efb90dba3153864bda3263d1e289
W4414604426,principal,título y resumen,1507,279cebd92b00650536b080c5e09672604a091f6f84dac381467e027a0f658bab
W4389988752,principal,título y resumen,1385,23aa27115631a8a3e0482616c3619d949b733fe319e6e03dd2e331c6236c6f22
W4413240428,principal,solo título,104,73cb1a1ce5fe248d81f2278fdc326aee54d77d962453a29f3005aee32357ca6a
W4402671111,principal,título y resumen,1409,9af2ed6c1ea09074369cc8e0d7e4587ea2a5b0442457917a7b8e082d1d49cec2
W4411300509,principal,título y resumen,1895,edc0fcbca2f078a8d3283884e1819cb0cf478c1c376d6b0fa7afdb3d206a0ef8
W2766291473,principal,título y resumen,2621,b936db247d2413c499519129464276eb162b071a98c49248fa7124a1e6f0b998
W7163925498,principal,título y resumen,1589,452153be221dd4b967265cd87867c07f468a33f557b70ca099d9184eec67cecf
W4416751252,principal,título y resumen,1319,70bed88df5dcefcee746810ad99613a73bc11c89eaead2c7d6e2e66c7199d3f2
W7154285539,principal,título y resumen,1272,7332bd73953d2d08e6bed2435ec06389039bb61974625e32b2d45d9c9a41ee46
W2921789628,principal,título y resumen,1037,8435b72c6da96c3517fafd9edb81fb23a69dcee2265c178afde80749bdec3841
W3012306206,principal,título y resumen,1612,a2294320b3d0a77a9e685332b9fad11636130972d12dd2dd53214b196a286abc
W7127049728,principal,solo título,96,aadb6a95cf719c0babe4a657b67254ac9236205d717e8e64724e9f31d85beec4
W4402978017,principal,título y resumen,1244,f05648d02f01f85927b79c23b81ea56e56c36cb05ebcc9e25ba38800ba383fa7
W4398784916,principal,título y resumen,1659,40ad1a8498e95961c92bde3287fec0f5764b1fd93c65e54cdf6960ab30f4da1a
D-W3033812170,dirigida,título y resumen,742,fa453baabad36b702ab8016708013aac8adf74177d9d77f3fa843b6003ab4f86
K-N10,ronda2_kappa,título y resumen,994,38a4977a4caf4b5a13e2325a6dfb03bdb53d041c629a4d2bdf4af1c7f33e65c8
W4399380754,principal,título y resumen,1567,78538c9a888be094ff0b0b9d98fe3689a90399530454dd29aae0b42cd8aae8cc
W3110236099,principal,título y resumen,2047,f70ef295c0141198ca7f3d2d589440f0d729fb15cd0e26f2aceb803611ce78d4
W2921486070,principal,título y resumen,544,e9a7f4779e108aeffd4197c4c46e8c788dfc5c502740e30dc320641245121b9f
W4388039752,principal,título y resumen,1883,4ed368e3c1103b0582c83f548d94b4a95fdf5e8afef82cd9140171912edcc136
D-W3137227831,dirigida,título y resumen,1721,93a9b237546127dcfd3588ee2a7cfe8ab8aff9ba201a7342aa94d2fa159b644c
W2742311708,principal,título y resumen,1979,6df27ea04c1df319e50a2e311af9dcbab1bc17e410fc25509e759a8855a873ef
W4394015414,principal,solo título,81,b7c74ee11dedb97f32abb6d0f0fd6d036a4097aa7aad03aecc03f12e29a99d3d
D-W2994660279,dirigida,título y resumen,761,ab01546e34601885587472328353054b2b0b36a2bdc65f2acc082a3c3534260d
W4225662601,principal,título y resumen,1283,c953c31c98c216a21aacfcf878f0399ce8c4becc4d90924847b431ec5e604333
W2746919277,principal,solo título,144,350206cae4e0b2f618c692f464af6f6777740b0a84892cf8830dc19a77fe22a5
W7138874608,principal,título y resumen,1670,9fff810c7a36e82e9ebcf71898fb59ba9f479961095bea10564925738c17e00b
W2472794676,principal,título y resumen,464,ce6895c8e0a0efeca328fe134d0aa8ad9889dbbd8d05c493387bd2b9dd64c1be
W4399203757,principal,fragmentos del texto completo,12995,1b7f574ac98203df66696691318ada8224e4a49099d4102986610b050aee12ce
W3098699989,principal,título y resumen,2210,2acb235675cd64390ef15cb575b68ece226d1e3599e5a25734574fb7e6d9d2ab
W4285229062,principal,título y resumen,1609,ffc758eeff1c0212773bb29c581988794414dc1171da229ebd5bab03dcf64cd8
W2784166007,principal,título y resumen,1082,e2d9f9640ca75441b48998a0bf388d858a2308e653f60ba2d5bceed2e25597c1
D-W4399807239,dirigida,título y resumen,1534,01b78e74a89ee72216f51865ae22280761e49710309b356e6230a7cd89a39948
W7142379029,principal,título y resumen,947,40902ed5e7cf4dbf70c544c3e1fd8d048f2fd2becfcf5f7ee16f535c8e91eb65
D-W7214231622,dirigida,título y resumen,5155,50bf957139f4d7c3867df33179c599ccec516e27802ebfcbe86bf5472cb7fc1a
W4412889381,principal,título y resumen,1343,102cd90c7acd13bc4a67a84c0fa0f61e492066971fc1c26c3c504172d04397d6
W4398234328,principal,título y resumen,1919,4cc1b28171df44e8af90939bdc6e449e88163a8f6070a0106e7cfcb7c1ea9b56
W2243798061,principal,título y resumen,1765,67dbb8e0769b0bd619d1a69b13322648462368c3d5501cbf7d6668700a42e3e6
W4416234821,principal,solo título,81,57000d25218ad53e5ef37d1785624ba3b68c11e951f9a729cead542c622c4a54
D-W3130519837,dirigida,título y resumen,936,dddb1d65c0e526346f00dd9c8328f9f81e0127806d4bbde6ffd9ff79c0a387be
D-W2781486795,dirigida,título y resumen,1183,c28fce289f0773860c413576e94a3e813f102743b4bbc5130a4078b1dd04226d
W4252532494,principal,título y resumen,405,5140763e1a02fa4a2a117b5a91928fb5109d9a2cb0421259d4d9c937afb8c508
W2745097091,principal,título y resumen,1055,708daa81c47a39c85a0344a56423ddb227b416b87ada05636f65256def60ace4
W4406157479,principal,título y resumen,1489,d774ffbf30ef82c43a6c62849f1577ff2f3766a61149aaacf9827cf4a0d2e428
W7124865053,principal,título y resumen,1695,ad769d22234922e1e2d2213008cca814718904161e864d1411093f1785786924
W4405094075,principal,solo título,78,041145628c12089cf0ade499d5e738cc7b273a70f2cb448c8b8436d3e6734ed9
D-W4394786809,dirigida,título y resumen,1345,04a103edccb257be68e354925ceb79ec7641932595d068ae16595b77e945510a
W4288045646,principal,solo título,80,0f11e7f32e26206bd8035e26e6240cd29aaffbf3963f57c9383bfbf5badf3fec
D-W4391220172,dirigida,título y resumen,1242,071fb745729d8a0954b1a0f9f291140b922242e4d7ad8e14ab5e8590465e40e7
W4206623951,principal,título y resumen,1143,6b35062744cfe663ca9bede76f6a58476d77bb6a62c10879bfe8da39da8477d1
W4389672268,principal,solo título,92,b3f1a4f4261749480d752759372e80f50a1cff8592240acd4009480fdd095609
W2789752943,principal,título y resumen,2059,5485860a761274cf474486bebf562a6c4aa9c506c36f1440d49dd681959ab4b7
W7128365068,principal,título y resumen,1011,55a26e0303fa00fba61de863c30035f94b3b57f7a40b6e3137fcb77d3707e610
D-W4403219741,dirigida,título y resumen,1142,0c2e32f6953a85b1518e582db0475a26416af4ac7e448a5ca5cf782935ac787d
W1998790022,principal,título y resumen,1118,645f4dc22d462a7125b9f3225f8bd9f242cd9dd5e9d550e75061c1662dc77c9b
W7138720411,principal,título y resumen,1413,23e9056796133562098ed9ddfefaff137535213b9ef82971650057a96c4d4d73
W3110061237,principal,título y resumen,1157,8e883f2ae6ddf3958e8fd755bb9a51b33f4f93318ce87a0d5c114c67a35c9307
W4308643082,principal,título y resumen,1096,6a8c5e896d12948588770c030473aecd547e5a2d6758063f22f05014af116db3
D-W4407597459,dirigida,título y resumen,2641,26c4e7c5da6cbcdb15a065055f7e6f3a5ca7c5c0f8f96202541922d81d79cecd
W4285280110,principal,título y resumen,1609,ffc758eeff1c0212773bb29c581988794414dc1171da229ebd5bab03dcf64cd8
W7130676919,principal,solo título,99,7521cdd8cb621a4cf325e8f6534f1aeb498921300a5d3cdb74c814d2327c0911
W7147465915,principal,título y resumen,1926,8f0ba065ca5f8e27cd4cb28fee8f2a54a7844f287682ea524a8f1276d3c5166a
W4403210658,principal,título y resumen,921,a7689e5e87a0a2e93dc376a1336a38d0726637e06fe255c29eb523dd0b12b46d
W2791123100,principal,título y resumen,729,be28bd3de0ba26eea6c6e0c75bbb2f9a6ca1261c312b58b17b1a88703db09ef0
W4292295946,principal,título y resumen,1737,89c100c5d8478846c842dda849a024d49c02985e8c797c57110e488b094b10b7
W7165684649,principal,título y resumen,1192,2c3a484e4fe05535be4af57fc7480b8d246916e5ed84cff6e5ee357a09ea4bc0
W4393396278,principal,título y resumen,1040,b6419a32c0f26aa98c820900b642f30c7cc3332fbaf1ae0d5f07528683ce3d30
W7162131178,principal,título y resumen,2607,de44ff6fa576b55a9d2fe102c1141cd20702258caf5fe42a6d9bcda3166a30ad
W7161964990,principal,solo título,82,0fe0bf8548d1422f3bbfd72caa6ee602be42364f5c9ec6d1aad4ef7054f40bac
W4387123516,principal,título y resumen,1185,fd2c81147b2458473de514919e08940b5d938eaab20e5e77912c9aa45f9f15a4
W4414779831,principal,título y resumen,1556,a0072b874094190dc489f11d8ebed1b50c88bfd2c459574b0a40637355cf88f0
W4403796612,principal,título y resumen,10254,03b99220ac927cae97faf787446e58a2554fdd84c704ff7558dfe1b5fc21835b
W2331329182,principal,solo título,43,abbd56d181c91806936307c8f10c795ce24329886c522d966159f058acc563f1
W3133960695,principal,título y resumen,1671,bed5548dd2812cbbef24353ca8e5c1d4e53c26e1a9434c65bf59f9f88b487dd9
W7116873752,principal,título y resumen,1541,5fcb0b6cf6b7410301144178d6f556631876afe1c7733fc6cc6adc19a6f86308
W3197048338,principal,título y resumen,1582,8b83eecf6186ce14b4564bac1ac54b15a30910d31826fadc75e62febbe2a5011
W4388483351,principal,título y resumen,1909,182704787c3b2d821dd05889dd50ed0779f161f299efcd5217bb568e81cc85a0
D-W3163648737,dirigida,título y resumen,1375,7e655dbac9b34b816ff8438f7b288ee81b498741e88cba8f2fbd026a54383238
W2785576070,principal,solo título,87,990532c736e29e3206a68f771aa80cb3c11e0acf071e0aa8738648554a2bb0fa
W4312822239,principal,título y resumen,909,2e6f46502c13024396cc03d0c77cf43ae0ce64f4e85bbd7ebf1bc43443506035
W4413360287,principal,título y resumen,1331,9a584d50b8a1ae6c8e5f972816f9f42d9f84a5df021050703b276ee6225558ec
W4388878454,principal,solo título,88,fb07985dba06c7180e1ce07be201587de1b6af3e593a6f59c251d73ec9c2d508
W2519046109,principal,título y resumen,2294,23ceb5ebefa18ec773e0d991c42a1258a940de9788283f054b77730287a6c722
W4413264560,principal,título y resumen,964,8d44b31ef8ca0602eedaf3ffbb75ca1fdd3e8202cbcd327449dc406c0df0853d
W3162455809,principal,título y resumen,1447,9c81b349f67a6967225d518a74d4cc3334d70c876775bef59014db238f2d71f8
W4410700188,principal,solo título,44,e1a0b8350f97add8c839aa090ba7c44a8bd77413cae57170f521d4efdf642418
W2756983008,principal,título y resumen,1173,d1d537f3b2ce2876a54e4b9610df252128917816a77b15f7cde34bfb42ab76ca
W3210011163,principal,título y resumen,1048,c177756a402d422a92c62214cbcfebda8d4f39a09206bccac6d3f729f1f03dbe
W7124697836,principal,solo título,107,875548f8aca6d56d3deb52ee056205193e8f2980ccbaa1f8a068ffc40eb83c9c
D-W4404691617,dirigida,título y resumen,1502,7ecec97aa04ef349cf364869e2ff7113a36ce8d0c02c89732da65e6dd32bf842
W2899882662,principal,título y resumen,574,981d02e2773101a9e7ddbbb4f52e4f00b2fd6e243edd96e7ff676bcd688e4818
W4402240799,principal,solo título,125,885c16fa08679bd6fff07c8dac8390aed3381ed419ea7494922da845fe1b9545
W2217694160,principal,solo título,64,a770a90dfc03a0a39d0e1c81b7220c47ab35c761950d6bfa19b238af10ce5d6d
W4391936092,principal,título y resumen,1733,375a58837c015499336a475a326ca60af351d482537babb0e89f68fe7f095fcb
W4327522431,principal,título y resumen,1900,d2db420e966be80838108129dee69b8cbcca72dbdbd5bca118711f0f554fa1a7
W4390949516,principal,título y resumen,1620,927001866c075f93300d07b7a31e246d6179655902f1e3eab161244fba7f9c9e
K-N13,ronda2_kappa,título y resumen,1170,73df49306ce0993406b262b8a29da7d91930d6a517714fc5ac2bf109f6eec2f3
W7168126422,principal,título y resumen,1998,21e4edc8dc05ef08a970c456022d5cdf22e512a372d8e5f9373a2dc3723074f2
W7166869756,principal,título y resumen,1224,93efee9b07f3f4f863e45215c8807915b84c34a78fc4f4474ecfd31ba5949c8e
W2918970689,principal,título y resumen,1466,ecefbc603370fa70e24d5e0232cdf5f217fc479bd38bb0c47692d11a2c9e8986
D-W4401760434,dirigida,título y resumen,1864,0c5d7019ce060711a9dc9a7970cc587613b89a411e0655b36d6f40fafedecfea
W3210447594,principal,título y resumen,1208,029126b4ce73f6d0e291ec7edb546af4dea60b1664821d5245d6eaa422a86fc3
W2904611516,principal,solo título,68,36c45e9c6f1e00d2cc2c4672f48abb74569ff363679e4fe2cc42f8e84f0e5628
W2995752498,principal,título y resumen,1094,e4d66e6ad83f1a89be09821de2f82efc42e4fada860d894ebd699ce06939ff9a
W4376278613,principal,título y resumen,1961,bc05c2509aa89b51b7e83c54d910fd42040071efc10ef577fc980782d0adab51
D-W2613163245,dirigida,título y resumen,1809,caf1c07cd0520a9d7b1164330e369542e0b9cf29b25ad1aa88b1d060a8f0bb25
W4413069345,principal,solo título,82,938d46c2aaea925af97eedea1c2b5cd850c4722ae6c12732f3404e6885e06951
W4409054132,principal,solo título,80,319ad58e46fd85216b44e602fec290af83294b58cfd2ccc16d6074e653aeaded
W7167429360,principal,título y resumen,1612,cc1003fde3eefee6b830c50f96d374449921b1df1a9e2f540a30eb5b56962ccf
W2973115441,principal,solo título,82,d4c11c51789248a25b4368a56e08ff5d0755d2026b1ea20123012d3d1f0bc400
W4415003614,principal,título y resumen,1290,71ca3106593af4af365f73f6e38041fbac7ae06ca2951272c3eb9351168734d3
W4411309075,principal,título y resumen,1639,dc1d00b39f3c278fffb018c5124e082927116cffbfd8d318f681191df6520b1f
W3119577320,principal,título y resumen,2405,1b8bb5750926de6d54139fd25d42294e7c44a547d4ef12d3452f1efeab9caeaf
W7131242506,principal,título y resumen,2034,ec929335927710eb100e3d68e3270fd6280e3128f335fa33c26ba536f325b7d4
W4411203688,principal,título y resumen,1306,817a98c9c6008cf0d24a7d67562ec0c263ef7798d24665b21e7bf7bc322ae3bc
W4401508847,principal,título y resumen,654,0ff7972b1b5ef03c5149fdc4e2566896e64061d158b2268b641211956a454f39
W4407949496,principal,título y resumen,2790,3e66d901668141e850c36f06b5f15815e173e7063f8350fd48c9e14ba95f6e9c
W2890448802,principal,título y resumen,2114,0637b56d81b8be8b985629089db39b4db3f3c84ac59294ddbbdce5401114394f
W4405599286,principal,solo título,69,2694467aaa6ea7ea226b1acf99807e6b9c46c840d5fa3f2d352deb12ed26ed76
W4416290529,principal,solo título,97,523b08efa0f54bd3f5097ae954cb438b68be239c7b773b214142fce7aa76cad6
W4415744043,principal,título y resumen,1621,d512c6e96ca32c7456d8e3606881b14ff5c37f4d8a33d2eafdfc7bf4aa8f0d00
W4312939301,principal,título y resumen,1605,5f6efc15bfb62a33dafbdcf02fbf7a8f81d1062dbc1ebd26e43c72046b3e236c
W7160281351,principal,título y resumen,1924,35e53925ef1992f7e444060b2a935564301cc8624ce00930fe5398082082bb59
W4405522195,principal,título y resumen,1585,7eecd0b5751717cc1edec870d5ef73eb12d528267fdfd9eb06e09c1adca947a9
D-W3013998123,dirigida,título y resumen,1163,e915de64eeaf182c3edd18dd6759a96b857419a8a7966c984180e28762e3d72e
W7130852886,principal,título y resumen,1588,f2f2ace5ae5ae0a79eeaf67026e3ac7d890ddd2b9d8bbf2df385a1bdbc2c5414
W4312637068,principal,título y resumen,1678,cd96d386297af0907043d5735625500cc711a6be48bbd1aa11a834a5f777ab24
W4399577400,principal,título y resumen,605,4b0242e9948551d826913e9cdf50846df709e491dff56373dda69a24a85781ea
D-W2339429950,dirigida,título y resumen,1112,78724d0e5c1c8588ce339c1149544b037052025d27f79f0bb4a3e45ecfef45e1
W7164207362,principal,título y resumen,875,4de58d7b2e13fc3177022848c29a23bd1ffe824b6db71c117d5a25a8c514c234
W3185667684,principal,título y resumen,1686,6e79293832dded455a41edceebda3be9c176f4ab0e4a5ee6d7aad18867f91b6b
W2438859353,principal,título y resumen,799,274cde4f2e4420b9b08589f2e8b7e7b6010a9c90e6d22a82d0f4530d68e90a28
W2551021142,principal,solo título,56,b2589b87a3d8114dff17a5850a087f7d88cb1145d34880968823c40bb77920c6
W4415224124,principal,título y resumen,1736,a05581cfec5b812647c631f19ec244800f3aafd27715c2af49be76aef7bfe49e
W2969220981,principal,solo título,85,190fdb36cbbe37bb6aaf3a5918adb81f759a62069c04a3721bb95addae435315
D-W7133017529,dirigida,título y resumen,1434,61915a6614efe738a7cbd4c9ca883ea9a562db45317dece75c464870447000b1
W7128786752,principal,título y resumen,2163,1bcbac4f572f8c9e1ce1744275f5b79704c44f8f6260b8aa1d41305e40401d0e
W7138863638,principal,título y resumen,1650,390514d6dca1aefb00e6d61f5409597e95f5c826114846fce47f572410981083
D-W2725978711,dirigida,título y resumen,1267,5577491e47a59da3efaa0a7d9b1bb9d324d7cdf8efc41f595223164c9dfdabf6
W7160423758,principal,título y resumen,1631,f0c8cc6a2118d566afd462b83689431862b36a8f518e4097eb7b929d0b96c1e8
W3004272337,principal,título y resumen,1201,719e3198d4161c60fb30ab71f52b4540f63d95b54165c381a9953f995915c159
D-W3214569249,dirigida,título y resumen,1632,40646a4b82b1f4d8113c29b77438437b04ccb1be3b43a8fd04a8592c18c430b6
W7124438368,principal,título y resumen,1562,5224eae1946d57ffd75c38a1f7fd47a452facafd35e93f6238a4ea981f8dcccc
W4403424173,principal,título y resumen,1515,76820ceaf1a923df5dbcc46984ce36590cca08e6e710cc877c1b35ba8de4ae42
W7127419093,principal,título y resumen,1224,341d974b4d2193273e82c9c84787ac6e2af3fb6eab7c6e5277c3447530b8e1cc
D-W7114784769,dirigida,título y resumen,1065,b6e69dc51028a683503cbe1d9e1630fdee5e166b15384d8ccaccf7632512c587
D-W2979677127,dirigida,solo título,37,4d65eeede020adb3204164b762b7d14b7658028394a0ebfff1c1dc19d2838fc0
W2626888317,principal,título y resumen,817,724cfd87a7d75b72887059fe7c51d0d751edaa090ca955703b3b8e71ab00bb02
W2965365507,principal,título y resumen,1254,0960dd688e007b6b32fb115f96b0b3a7a3ce1f09cecf29cdb6dc54c1a2bac023
W4313048395,principal,solo título,70,351ce4b9b6aa3c20c5e887d3e8bf37fc9600202c081259ffad1b9d4238131eaf
D-W4415897027,dirigida,título y resumen,1905,e6d72053ed7d6417ebeac8954481b01ea90278bb21426a3ddd33405556c778c3
W2885967628,principal,título y resumen,1360,1ae107b8dc3089cc9a396d2af9c043801428e5509d674f4b352ba78f78cb743f
D-W4283267917,dirigida,título y resumen,197,1bfaf53590e48e6ea1e059a59c9b89fc144ae1820a4353d33950db7fb83bba0a
D-W2982505836,dirigida,solo título,117,b678b1fea487ba65849c21f17af273c04e16090c4fe167d5be4af25848167b56
W4388813215,principal,título y resumen,1812,d93195d33837a36d74077e64e1f0877ae577711d9d8ba3b49a1315b5369a943c
D-W2142280032,dirigida,título y resumen,1672,5902769e04e6bd89631fc3af39030b0979fb978dbdc1b9aa50b216e7aa7e6cf3
D-W4313246602,dirigida,título y resumen,1714,aea8a88429f7fe9f46477be6296d3f515c3a66815f98f3d8d46c562715f8ce10
W4415108289,principal,título y resumen,1370,38f80a913bf25e8d5f2ef455137c4cf54ff33445e5d002689ee3e3014b5e34fa
W7115919344,principal,título y resumen,1915,021b84b602c276eae5418ed605aaf53a2d85e70a72d821ffb7866adcdd2014d9
W4414979835,principal,solo título,78,ab2308a464abfa3bf3386a50d9897ec5551bf86bdadf1d5e5293caa4da3c86e6
W4414231098,principal,título y resumen,896,977658e33b09a4cbff3949620701762e1dbcd04fc3efad3300863b5f66831675
W4414463192,principal,título y resumen,1842,53b3b850f5044ad523ad65692610efc47c9b8c603738b965814a29af366d9a74
W7147118576,principal,título y resumen,2805,ea3dc1d8e0f781ca1d497aac23ade5203cca00c0637d7894d788f177cd0a8647
W7130351700,principal,título y resumen,1759,c62f94f045c39fc0921d32a0c5767433049dacb356683eac5dd9a6f90ef0ea3d
W4327919569,principal,título y resumen,1965,29be6a397a8b18ed34819cd95cad56a1ed8230355de2231b334ea8ceaa35aa6c
W7154229359,principal,título y resumen,1864,48a936b5c690d5f41d85df66c77656cd852dc42b57a0d07bc05f90f5c562dd4e
W4410737475,principal,título y resumen,2183,c0c95b4e56c4cc3d918d1e87a8299cda8e8552782bb740ac5eea01c3d8b99cea
W4415003510,principal,título y resumen,1589,3a1092a8fc5c25930399ab275d118409f260aaece1dee8d6d5abb77c124c01df
W7124274808,principal,título y resumen,1530,6a2bd0ca10a043f0c07bd6e4bbdd4393e45763a84f35c0acd4122fe1eb06896c
D-W4392274688,dirigida,título y resumen,1313,283bf2ea44f6180dd77c77d9e6f66404b954b016cf968f3dbd07a9f55409bfca
W7164594189,principal,título y resumen,1912,b1c91afa75623f79f290a8dc2b2590b4aac2d25f0e40204e5298d4f91ab273e5
W4386394545,principal,título y resumen,1778,8f445083aa710a2ed8ab3f2ccc94cedcf359ccee636105a202fc0a0d8a66275d
W4396876085,principal,título y resumen,1658,8272234f3c39e02366e4b6cfcb86dd4cf7c0234b6af11b8b854e47e4b152aa5b
W4415124845,principal,título y resumen,1429,44e54b9cf153afd94b1a5f8506c74bbbd5dea24abeef27b5751071d90be903ae
W7106002102,principal,solo título,80,636578da518ca8dea1ecfb48ad86e3077d44b4714249bf76ea802611727de65f
D-W3092848575,dirigida,título y resumen,1556,811be24629d4fb6c892f76a864853eec1d85c343fa95e32bc00deeb78ac28cc0
W4407580437,principal,título y resumen,2179,f7e0c033f6624b14aa099bc320c582a12a21d305c86a737cb3fa86e96e3a932e
W4412083661,principal,título y resumen,811,25b3c34193dffb1fb2257c39f21e5b89b4803bbb56f0717bac49e87f41a41db2
W4225363106,principal,solo título,95,17660233cfa1f8bd31b57cb3185a28d4c26e53b365a42000bea9adc8a317eae0
W2783075565,principal,solo título,85,b440ed273697bc85a7546d42f95470c974fb13e8439cf636df5e14c216ee06e0
W2968612922,principal,título y resumen,2979,cf80afd8f6985817cfc9937cf3276a3dca230a507c40670818180bff69ef04b9
W4411435033,principal,título y resumen,1278,2c53cefbf2188a91cc8d7e2ae0e1d06a52257bf3538ba1f412c5bd68d6ca2c91
W2526887056,principal,título y resumen,1034,9970c2e7cb53965622640b357d70127a858450efad0677b43ba5f59291f3fb68
W2405457986,principal,solo título,82,7a228348fd6456049b51d9e27f8a3551ef07996752766f82439f4d3b2b567eac
W7134983887,principal,título y resumen,1215,2feb4884bcf8ed17100e3236d7da1778ff807d121b683caa3896e2691405630d
W3036369531,principal,título y resumen,1430,977fc58755abcfe578d2bbfda04fc9fe6c049ab58bd679d4a8bc3721d323926d
W7117346776,principal,título y resumen,1272,7332bd73953d2d08e6bed2435ec06389039bb61974625e32b2d45d9c9a41ee46
W4404187894,principal,título y resumen,885,760a3c4a86bad587234089357e3363e13a0fea850ad985bb99af152981804736
W2616682803,principal,título y resumen,1080,404e40fe0fb66bfa87d4006c456d8a1ec47cb30bd34f7ac03a16f9a3d780a8b7
W4391422827,principal,título y resumen,850,b108dc334318cb7415472730a14f0a85d444cd19c946a47a7957b150fca7c483
W7134916983,principal,título y resumen,1383,a1157379165c5d26341bcca191a18ed7597eebb3934398189732c5d186c81368
W4327521253,principal,título y resumen,1238,872ccf20ddfcd45d0989c5f9f65ff8982102b7c0ae36144ccf770c90226fa863
W2586169317,principal,título y resumen,1011,3462b0e4280fd310315455ef828de2bb2335bee1be731d3bda0e17e05c5640dc
W3170012332,principal,título y resumen,1268,3cb3ac49d3b383234ef8faedff7bf352a44f2fcbb959569e9bc72e525b1f9c62
D-W3127408773,dirigida,título y resumen,1724,359bf99d7b5fe52ba3add391cc3525b392f07771fcf02d88a90c588588d25b28
W4402610351,principal,título y resumen,1256,e8baf6f69534ab7d8239d4fde747c760715a1fa2d0e51f50c869bcc7d6dd3960
W4411235926,principal,título y resumen,1087,7d2cf5ebd18d6c2194e914f31bf4e3737b2987e24561d87af64bf01947265923
W1955847278,principal,título y resumen,1387,037724555dbde3182ad93406bf21885e84694df3e3f02fe4e955d5a3c319bd0d
D-W4378902914,dirigida,título y resumen,1521,c2ac6d66a468d83d566eb711c7138dadde08b19373c50c4d7645b7af2d6fc083
W7125812903,principal,título y resumen,1732,9d1076ae8d2465e8ebb10f2435bd3b2bac8452d6633cb1cf609d3b46bdabe71f
W2215181216,principal,título y resumen,3312,3815ea03e1a45ef80ce60cafd693654db3b1bc4ea96ba6d861228aee8a4f379c
W7118609440,principal,título y resumen,2845,32f212228d19b0f190bcc4ec9ea89784fa7b453e27447c4dd8a5ef531092b43c
W4407584333,principal,título y resumen,1172,519fbf42ccc4e4f5c09b3525b5fab11773b5544457815f9eb795e03cd372fd4e
W4404133891,principal,título y resumen,822,9b21861364af0e44dabfed23177cbdfe94dffa9b3b2429c24cf9e727827d45d7
W4416213079,principal,título y resumen,1425,5a831ea140da56696125952c78ee5109727b7fb8faa412e6632afc501cb49423
W899472873,principal,título y resumen,1982,e94550283f0fb68eae13f667eb29318c5db7950b81816d734d6a879edb007fb0
W7163915065,principal,título y resumen,1816,66cf5011eb55e7645f8ae3cb5aa98265db88e036df5db4ea8a1205b4fdc2cac7
D-W4309183512,dirigida,título y resumen,1360,f33b2ab199e1010daa0985b9ef433ea3407e350e16bec2744ef293c0fa64f1d6
W7135040526,principal,título y resumen,1851,254ebcfa1a687a0d5e5fe3bcf4722c929dade4b9b805b7b036a71cb900a860d5
W2690749163,principal,título y resumen,1512,28fcd93179e17fcb363a88811e148fb52f861335c7430f5314cc225896652970
W4360587447,principal,título y resumen,1080,194cbf1ec43099161ba1fa2792a2050d4b8b7a96275f5eb7b36cc2b3113afebf
W7130950848,principal,inicio del texto completo,13052,478e203e4fe40d4947c1e1861b862beccaa6069150a0bb04c212d2e990d0f9d8
W3048310700,principal,título y resumen,1521,afbc3b2bf916bcbae9083757c5df930265a1f1fea75773a2ad72795c74647f1d
W4413866899,principal,título y resumen,1390,8117bf441e4ef9161432f9fa4729d949cc24d1f24776c2923dfb5939841312e9
W2941882204,principal,título y resumen,2611,b45aff594e68c47751fa13b05f3c84fed62d44edd316f675381dccb4158ade57
D-W4285009397,dirigida,título y resumen,1241,6c8d5d114891e4b6ca5f666352ed6a6b365ac35709c75f4ef16cbd120c9190cb
W7167807178,principal,título y resumen,2023,756237fd5a0c8a90bf43758eff021eff83e6d9ee4276153c655ad2b17f843731
W3151798678,principal,título y resumen,2469,a866ad79c0fbab51cb34e01e2b24e197f14b83e569e3b2d6ccc78632f1a47dc3
W2990237096,principal,título y resumen,1769,d361f6996f652857ed78346519e4dded37c2dcb066768402d3074b879bb7c6e8
W7167907881,principal,título y resumen,1911,131ffcfe4de2c6483973610eb15f78bdcd33658604364a9b21e34c2ce1e47ad4
W4391954186,principal,solo título,85,31de253ae85e2e975b39af6abd20b58d7d27da307ed60426d644f95cffe79ce7
W2566040466,principal,título y resumen,1156,72e0e465c4cea9cf32cfeb204770121bdcc3954c17f0f18eef0a8b628e7d192a
W7134578707,principal,título y resumen,1725,b09322e982df8fa52a5d43073cc9606db980082967a195aac1c5f1a4958322f3
D-W2708537858,dirigida,título y resumen,2058,dbc94c2d29c0a72e6ec504eb89289e71443979f00e09b674ffd8896294d9bfe9
W2577191915,principal,título y resumen,934,aec3b38fa87a40399eaeee5f94c923319cdc196d0465d6ec8bb3d7a4f76381cc
W7167481444,principal,título y resumen,1419,899a7def093935aa3331aa5e7a8592ef136840b79cb420c42a8ba6451b46626a
W4401719364,principal,título y resumen,1376,b686ab8480d6d662caf6bdc91aec3faffeeebcba33fdf876822ae9740c03ba22
W4387007165,principal,título y resumen,1324,5a62592f4a46f07a71b0a5e2f686469f0e79fd1538a87c9380f4efe769bff283
W282834435,principal,solo título,74,286852ff0dc72c5561c70a7645eb5223fac1bfe796f128cf673ea3ce132d088d
W7160896721,principal,título y resumen,1186,6a7cb25560d066468d36abf9341b095d156fb371dc27005f657605f4e64b906f
W7160856912,principal,título y resumen,668,217093ae9774ae3d5259d7d868bba83d38a09f7049f437fa00679a2c0fcbc8e2
D-W2758529895,dirigida,título y resumen,750,fd48986eca162b9960ab634a8eec250ff852b75d71d0227cf70695b742d5c720
W4408094998,principal,título y resumen,2619,8c2c95c00508dc24aad899e47db287bd7363276c30a0a2627f9d61fb757a0dd7
W7167364594,principal,título y resumen,1703,7bf992ffffef6d923956b7d19162d7213d60fa7fe769eef5116bcccb17e6750d
W2808117359,principal,título y resumen,1888,0d6e460d6b8799e92e5ddb99c9fd22ddc8ef241e626d83d2586721bf70abca3c
W7155036054,principal,título y resumen,2077,729557a5a1795f56801c493acd406b1644ced4008b6e1cf02b108835b1efcaf5
W4205487973,principal,título y resumen,1248,cef10ad7f146183c8ba270a23ba524aa5b715f582f3bf6dd3c136e12a3a94bf0
W7167472303,principal,solo título,103,93880e9a71da699fbfaa12032ada6fcf379496b18327c0300bf1901bf24f7745
D-W2810188445,dirigida,título y resumen,1158,a1db00c78021717e0d2c3bfbac6d31466258aaaa4300b460281bbebeb5b719a1
W249615248,principal,título y resumen,1284,956164073cca806e3ac4e2dee0f5c8d9fa1b5aa9ff4663504998d00b62179364
D-W3102818532,dirigida,título y resumen,3598,97f4fc57b2363c07bcfe0011dc8e68fd62bab8d8ab48f33b60178c12398e08e8
W4411096052,principal,solo título,64,1aba37bf7d86203c2ec805f2b6e7bf7cb9180e10fef60a570f71080597aea7cc
W4365449012,principal,título y resumen,2354,d0f92c98113557ceb825d2084bb42096ebff339e5ef74daf3d6dc85de85e7c7c
W3205313195,principal,título y resumen,1547,bc56f2024d66a8414fe6572a04153a5118c5e70f6a72d115491fccd378aab7c1
W4415003554,principal,título y resumen,1511,b9d2d16939cb0c46317a6489c56ef3647b1f431566dcd1bb0f3dab52d4520d46
W2517285973,principal,título y resumen,527,5e6478ad2ddbeb0b46c0eeb532f89db30f06ce9a13cf4fb7400be58d392c63cf
W2184312946,principal,título y resumen,1305,629b3833fecff673051d5937210eb953e9a5be946a388736f70f891d425c06b0
W4414247303,principal,título y resumen,2483,3e1366926314847761907c666505cce61a8240a89ac1a4beb7cd7e8390dbab8e
W7125954582,principal,título y resumen,1354,b6b328edb33d752f5311a828835031132a6a53958ae5d4b82a46e151bd1eb3ae
W7163876421,principal,título y resumen,1801,a2648acef8da0b373852f3012ed825c9334cb344bd39500f92544d2e384a9d52
W2468997147,principal,solo título,82,33ffc057d638ae2b1c6bf40b2c21ee45a5645f8a0c3e2a6f4a46b3360091b477
W2919615109,principal,título y resumen,1660,9200260012bdd6ff082c90ce61cbcf36c8c43f19c4520040fc6253cfacdc1b9f
W7164495154,principal,título y resumen,1779,1c2dedb7106cb8487f45423cb6a327043d9ab24a707428a309bb57ccdc624f51
D-W2304587407,dirigida,solo título,69,9efb0dd090f89a4a018547c55eec6963be069b57eccb1e6eff1fe028514ac0eb
D-W7131826412,dirigida,título y resumen,1025,95c1a2ed24a88dcee7ceac29ee534d6dfe7a8fe0e1370fbe5b61180e25278c0b
W4410205944,principal,título y resumen,1023,88af2f482897a9782274c8797b7243aff1a79e77a7caa95c5559b522d507d5c2
W7128623825,principal,título y resumen,1210,be27c0046914187b8013c5553450ffc720c1be423044f3ada8735bfe109aa933
W2783727455,principal,título y resumen,941,89a5002e3af1cbab9202aa5c4752f77d17e1a50867955bb8689c61605fa013ef
W4414010366,principal,título y resumen,1004,5bc70752c1e6a6296ac4d153b6f4f23b125411fdfc7d2b4cd1bf1fa28445f541
D-W2475434634,dirigida,título y resumen,1091,2b90dbfa3ecd0518546eabdf7df99c7a6c078e45da47baebaed41c2519953585
W2952053506,principal,solo título,85,4c8b23a40bd145b62899f9f015eb59b40f8e3829f1beeb8f981dac924996a3f2
W7161132709,principal,título y resumen,1783,3d0d73d18a70b39014cb76795d3ba7b9da6eaa9222aa2220546ed4086d0cfd8d
W4410693264,principal,título y resumen,2070,5ea99f01b90f49b5a9098b83b04fb514260a3608b1642c1abc652f06cb807ebf
W4221036505,principal,título y resumen,1868,d47e5cd067a05c2139c32255c8b3cecc00ffdbb2acefc0e7301e486926fee8d4
W2769191291,principal,solo título,115,3ed4fbbf83ba4a33149d7202be823eaf07788ecd29cb86bb594ff04453a48a2d
D-W2314728205,dirigida,título y resumen,966,7bce98dc6a576d3a6cf8981691c1fddf212ac22de6be86740c1b613e262516c3
W4399248188,principal,título y resumen,2050,174997332f0bc2a22545f9311a0b06cc03da0d503bda18069f702dbdcd74e708
W4414363390,principal,título y resumen,1425,915a38047cf25098c1bde2829f206cd70749677dc0d28100252874385f61e7b2
D-W7165847525,dirigida,título y resumen,1087,8f9c03e909a694e48aec8c9a0ca035101789381f8101ed6470989bfb6f753701
W4403536443,principal,título y resumen,1366,815e77dfb09f6bba52a90a59c038638ea90b8df7cd462281075595fe6d4a7400
W7117764166,principal,título y resumen,1473,bb055ab35e6bb8bd8d5e405f5acce05509b1122e95d5b66850364afdef3faa2f
W4253062010,principal,título y resumen,710,c92f263dbd2c893971e9634a3d275e9647e3d3b827230078b4f1bde0d9ac7aec
W4415125269,principal,título y resumen,1261,c6ac47c2e061409e6defdf661b94bdfa1577777faa22acd93d44b27199745e22
W2151073382,principal,solo título,106,da9b9220ca6c3687ed6faa2d3e497e9bb2575f1ab80de8a11ebcf241adf3ff5e
W3019384108,principal,título y resumen,1452,371418d41c9ad53a213d3767a36c0bb7adfe666ce7d498793df7920db6942bb8
W3080853733,principal,título y resumen,1757,e9df25b3673fc98947217e1466c34f92f2404e776a08e4f52a278f4c5aafd138
W7155028710,principal,solo título,126,633648b1c46bc4a9aecc880256b725bfcb2c3aa96f4d52d7bacfcc1e43081546
W2980502326,principal,título y resumen,1765,75091c8f32be6a1f438dca73d6691ad641658c8d73812e58d8ea52cbe9700381
W2784174780,principal,título y resumen,1357,5c510d90e4119c19d77583555a54b44cc06925374bea6d38cfaf85e4eb817d50
W7163402893,principal,título y resumen,1430,02af9f6073662f27fa964b3be1a94cb07b432bf54253b75c911657b5e7014863
W4413914937,principal,título y resumen,1693,5493080f071c2e6bb6da2910fe2ec0dc57c1d046a2abe0d7789bf389b6d09a5c
W3216352226,principal,título y resumen,1137,0ac42732774cfe3ad08d9b0ccba7058e250ae06eafe931c6673a4c266e3d7f54
W4398186492,principal,título y resumen,1589,13bd924934ff97c5f292f28cf0369313dec28b3abcecd03920f03987e71244cc
W2890413697,principal,título y resumen,1399,9429745a8163284a22634737c6bb747f5b2bdfec3125101721f0a262726dc43a
W4210769673,principal,título y resumen,1679,6d56fd72c385a8ebeb3809b413c0266b20a7deb0181e7e6d3f2db371fd49564e
W7144037364,principal,título y resumen,20382,9c12724bfc57e8ed6a3f162fd85b2c456c72b6e3eaa2de45c9a69ead1743c071
W7130736151,principal,título y resumen,1104,fe8e9d3c2c9ff7108fa45f887104613a10260e2c36b6a1aa2b36fef16b8328dd
W4408287838,principal,solo título,71,f243e1a280b0484270c08c585b92b295f06f3042f4a3e00b9dc44d29422cc185
W2994183682,principal,título y resumen,943,a06df16dbcb7eefa619550ebb3d3ce5a1d326257e8ea9b2ab545f70591685090
W7164860596,principal,título y resumen,1382,29ce9abac93cd09925237ea290b0b4ebd148b0095f840a666cd5da170dc9680c
W4392445590,principal,título y resumen,1243,3dcf8c8663c9621190018f00aaf99f51bfa5ea625b82ee22bdd007e4a8ce45de
W4200153946,principal,título y resumen,1123,e2297dc8ceac55bddcfb833500d787c5ce4fb341d08edbbb0cc6024a3732cfae
W4221077009,principal,título y resumen,1671,bed5548dd2812cbbef24353ca8e5c1d4e53c26e1a9434c65bf59f9f88b487dd9
D-W4283823844,dirigida,título y resumen,2169,7a3874b0e6d47f9779db89c319de737848c7d8e2302a822f76e4e13c73c3c1a3
W3216278056,principal,solo título,92,0dfab757755763ea27b4971e5d9745c0595feb644bd700011a720a9c0d7f4722
W4318969456,principal,título y resumen,845,f60e0fde7853a8072e1bda59c1836580cdd4e1a2e32ce44cd97d9ba8c959200b
W7127944593,principal,título y resumen,1351,718c97d85fdb5ffaf9f89c01f098ee0d4e8e1e17b7d78fc02ea753fb23d70f15
W4385516995,principal,título y resumen,1839,2aa522a9ccd1d8397eade96bcda1988d84a4a8f55d64d7583920ae86ecb59275
W2072165738,principal,título y resumen,1320,9a498f35bdb82abde160ca1da5ddb0e66cda8bc71097829d54d626f14be9269f
W7115018164,principal,título y resumen,1620,fcb545e513df14314b0e73ba466a6bc7bf1b4b8c5cb6a84091d2179a34a69654
W7118182172,principal,solo título,93,b878622cbeaa07cdcce58bd06198550be3a16a30ef9c791fd09d073e38f11200
W4282916014,principal,solo título,84,228edb4fce66fd77b8a55278f95168d0bf8e5e7cc48ce91124e7a41b47dbaa54
W1519490754,principal,título y resumen,1165,59cc9f84f9cfc59ceee7c8465ca7a0cdd3cafb996327602d12befab61bf33fca
W4411959419,principal,solo título,111,628f399da4422a8c28a7ea85e8ea6788d22e554db21d4b18318a30f668f4567b
W7126183796,principal,título y resumen,1864,c19d0b185a32f7aad48671e99805017e4386ce056dac5d5d2433e7b07ba671a3
W7117966210,principal,solo título,88,c99114d3b8de7bbbb1d1886c7bef36c12ca20cb3168421a48ffecbf3fd5ce2ab
W4283642939,principal,título y resumen,1243,8d8f61d91816b01fd4b426cee6f2e133ce3da6030b70a0be86abdb7ee0b17b81
W7164496057,principal,título y resumen,1708,f13862a0ec8600d1b9ebaac42e2280d8dff4c1566b938405c1f230375a9f14b8
D-W2965214702,dirigida,título y resumen,1746,945d86336001e76eb7ead64f9feca47b706649410b31a87e71d0db3de4374899
W2496251943,principal,fragmentos del texto completo,7116,4cedc071e1f95ac95fc74ad0b99be2a0e993e149a6b5f830a7a8e10e52fc3fde
W7161963339,principal,título y resumen,692,454cacd98d44dbe64ee92facca5a16a0422e892f225a44b3a5b237f0e0c9007c
W2188982317,principal,título y resumen,1473,817193eed1994787203aa6ba63ab161be48be7982d1079fc37ccfcfab8de3a53
W2727599902,principal,título y resumen,1026,b690d5654cbcdc4c628086aa287d446f5196415fa2a9a3e07826218c6500ae33
W7124970010,principal,título y resumen,2511,f22928ec219fb5395d6d2ff20c65562b2bf02a9b77c2aa8e938b3fed22cc5de5
D-W2342079240,dirigida,título y resumen,1236,fbeb0e984640207076152a7b5dbf9d4a73f88ca5e2138b3a07c05fcb692d4643
W7162119243,principal,título y resumen,7787,b9a067a46ea18a44bb4cce89a7b5037a515924becd97bea067dc896ed7363f4c
W2548515206,principal,título y resumen,1251,66f9098c60103c3633eedee755778ce407cebb147eb531258fa59b1a01c00c43
W2798708919,principal,título y resumen,1067,a03a45ccc1de996ead6bfa9f89ed194f42302e26eee1cea8534cc86916e4d928
W4415239081,principal,título y resumen,2029,616b1c9ff434a7f13dfbc7527ff527382b49cb0c6ffe8073785bc10292d9615b
W3088097316,principal,título y resumen,1333,2298ed6ced41c47fe102a0b3939650b10a340126040835a5eb603502a0a6021c
W2759603254,principal,título y resumen,1332,bb012611f96c6c8eac0fec5533400dad47c99cd5df507227ab2bf93c9ece0f44
W4415124717,principal,título y resumen,1777,85d02a9b20eb0f4899a5305b733f5c6b397d011b3d6450b74b044feae8881520
W7141817143,principal,título y resumen,1295,d290e733d72b29a1bc1aec108a075c6d180b00c2bebc3149bc68be19e0b9dc44
W4415003340,principal,título y resumen,1168,6532636fa241e8808936c1f812e98bd37b460f0e59854329b19284dc5f996647
W7118014834,principal,título y resumen,1295,c9a5a57c9dc64767f5229d9da0b6eff887dbba549ab0dce39c3174a2e3c719c3
D-W3209122250,dirigida,título y resumen,2517,043c8dd13bf29ae36ce6bffd5c7371bcafcfa241feb921873426b99fcc1a2da3
W4393142189,principal,título y resumen,1745,fdcbfdaf6b26e1da81fdcc0e5a69258157456b1c441f8a627884e65d25f3d7f8
W4415003589,principal,título y resumen,1535,5d1444409e4470ed9c565bc306815e34c7079b492ac8a26680b93053c775a135
W7131231410,principal,título y resumen,1728,d8c42c73ba49b509424aa9ee625af19932a20c61c2f351f43789ca5c27a12ca5
W2803958293,principal,título y resumen,5879,2a13d1a14e53d12d0c5522b8563e6060966df3abb10c6381af64ef764d15b8ad
W2186182930,principal,título y resumen,1008,46aea93545107be8ed2a6263d6770b5a8bb6ffc5a7225010c05cf91270aa55b2
W4406356923,principal,título y resumen,1185,3905bb60edbf93f37b8e8b0af89115440244cff695a540c31930a85d55500028
D-W2529524041,dirigida,título y resumen,1170,9b3a66679ff4a1ab4c0164673b597228f7383cad76ec801adb96b42d7bf4e8f3
W7125966455,principal,título y resumen,1763,21d0ebd5a5935741d226b05c86d647aa0f1fa086b19d7d43525fe0db616ef435
W7161161238,principal,título y resumen,996,36eb9ebc0c16faddb652497ada390959fc6f23abe5d4a47416e1ebac03330b61
D-W4205857728,dirigida,título y resumen,1091,deb112f0700ba7de2a701cd7908145300e488ab8f82192aa65ba2724e08cdc5e
W4408069440,principal,título y resumen,1648,23589a351ad4c9740a1c3e323f8ed03638054446a003b67a9e760f36fc4212a7
W2912775330,principal,solo título,54,2b8cbb750f1fd310d5feb97d518d478c75f4b3748c0319ae6a6c0468fec56501
D-W7138975189,dirigida,título y resumen,1630,b092d552cc69a31c1cc71806979f9ba1bfc97a9bdc89854b0d963c83a7463c42
W7162422532,principal,título y resumen,2355,f1503af909e1ac32ed93cd76dca955115c2d558504580d2131f11486a438f2ce
W2968034696,principal,título y resumen,1405,53db5fb4d012d06d5180ea463ae88612ec97bbcbb9f7c99c85dcdae7ff2e5ea9
W2673788090,principal,título y resumen,1398,fbe499822c632151ac9b6e97729a7bdd4aa53adf40b16b50f336d4827f9a48a0
W7147385204,principal,título y resumen,1544,01692c43df0a90ecd4c270ec15ebb1a75241f7facd8c8a386640b346b36fe74f
W7160307776,principal,título y resumen,1524,08b2e5fee90930f26cfd3fd64ed8f83c6fbb35126ef2c2536d005b58bdff6b0e
W4406447211,principal,título y resumen,2254,e2adb4982d4ee1bd770674618485ea15cae6e710edee816a0b2249258320fb97
W4400582230,principal,título y resumen,2214,3281e89b61e97ada2b3df438328b901a9308147881bcf92dc3275c7ebe77704c
W7159768184,principal,título y resumen,3027,62866a0da4521bd645c1a395498416875948c4617c84bdb1e38ec3d5ead189df
W4379743714,principal,título y resumen,1453,d12c825e89ee208e8527afcc76d22a62ba4f484a9f04cfaa3b5077afc6d9b3d0
W2486541106,principal,título y resumen,946,4f9b1fed0d5d82cbb6d79e0be1b9d9481b43e4fe84249fbcfe110fc837490c38
W3208984227,principal,título y resumen,1267,f2672f92ca526a4d8705aac0a25d5aba65df9a5909fceb2f4224bf823314961a
W4402352514,principal,título y resumen,1432,67231cad2d75d429852bcec3d669381275261feb9af282eddc16f293b5937c61
W3157844032,principal,título y resumen,1279,d79b28f54f1d7e80788e4f805ac87e69f51accdcfd2515a2a565a6ccf8233dac
D-W4406905674,dirigida,inicio del texto completo,13083,8beac8d47e0202445fbe6825e86b9dfac948dc7fce40d85a878f0477e1def1c2
W4319985800,principal,título y resumen,1798,35bc25d9c6ab5687e8a9a98175347069fd4a34df60e65477463d3decde3d23b0
W4413639947,principal,título y resumen,1184,39d098b640b88ff82354ae2b93be15bc48063fcb13b99c5dd26495459553ef8f
W4401723583,principal,título y resumen,1319,397a6a738d889aec0c441232115a7c8eca54aea2e2b14fda1d7ee83566b55846
W4416414956,principal,solo título,105,9090a58f9de06d421c35b271b99cc7ff3cc425120c51c744e201affe4f67820f
W2979323956,principal,título y resumen,1116,106168350d52cd5b9335b5467bd6a7a2da9b23ae07c279909d30522781795421
W7125985152,principal,título y resumen,1557,05ac4db89b5ac72791c8c60ab986b93ef8507541198d926de8a1571ff24ccbbd
W4409623070,principal,solo título,61,60df80e24cbdaeb26e918a99d596b7479084ee24258ae91540e76c3e11b5954f
W4285445131,principal,título y resumen,920,d58e05094ecec7ed57a0075b3ee3b4bb03aa56751969e036d2c8fe466d1bc86c
W4417250857,principal,título y resumen,2623,801a58cdadbfc925bd6d260851e5cc340f5c01bf6cd58e09fb884d1ee951b6f7
W2972931502,principal,título y resumen,1377,c907e38f4ae9f57cb59241618792c102fc69fa5b61d5ca5d5704468058fcf2ed
W4402977950,principal,título y resumen,1138,2d76d9c3df00b1873d8f95b4872ea0e542ceef4885f7931d1b61fcde945dcd00
W4399687308,principal,título y resumen,2416,c49c957c77c91c4ee6d557547588a4e630605b8b18544f4a3ca3634d9631a05b
W4401048111,principal,título y resumen,1638,5e7f87aba96e20a5a5906f741030c14f3223511a1451f5156271deb25b5461c0
W4410583040,principal,título y resumen,2164,53d1dd9e0e3d51cbdd515e5b1b55405bb5df1259e70681c107f5a4b1b3041b3f
W2794098328,principal,título y resumen,1453,0011dabfad0c88a2ca5d5d3a3d66e9ed8e08ae760e9d06bf62def9f24d8ff22b
W2943579662,principal,título y resumen,1539,ef184b5bb9a1cec54fac7d198eb72a667f2fd2fe55e949736d7def680cb61c9e
W7117200684,principal,título y resumen,1667,f729809e88e825e03ea274fb62335350020ffb8d119196c15b52e9a0e10f8126
W4387142599,principal,título y resumen,1087,0267fe4dc6153bd42653dfbdc81546d2381a491832dbbb61992bed98e72c2f92
W2901567639,principal,título y resumen,1300,3a941c214718957b01c3551b2f0273a79439df92234060fbab19427b9ecba731
D-W2495865180,dirigida,título y resumen,1435,569373625884b5cb27e25900703ef378690ca4738a9368892a1d8d5ee965c0be
W4416787548,principal,título y resumen,2046,aeee577fa91a0ea8d736d33e4ae9dd8366c2ecebc853ce5996d9ac5640f21c38
W7130737401,principal,título y resumen,570,6a3644ec4ea21ec062ba09d3c65e2d7af6a9ecdaa31ee5917204250335a97181
D-W4396943222,dirigida,título y resumen,1342,fd669414a730698d5737405496b4824207636be075e4e311c7dfbb95dcbffa75
W4395070104,principal,título y resumen,1183,4ef5f8ac7faa05cd0591b545a7bd8a0dff025af070c881dba88e89b2b742dab0
W2929906942,principal,solo título (resumen ajeno retirado),105,36a420e72d9dcd0e7565c59d57d77515f867d19d11878fb02361d9b6dbb04da9
W4415323052,principal,solo título,76,45b23c03235527225f05d172724b120be130a881e863050dd2b793cf1c41a2db
W2019771303,principal,título y resumen,1171,9ab71d7cbede53efea8749f9774e07d2c3175251313931f1f853ef5c04b0df56
W7123340791,principal,título y resumen,2511,f22928ec219fb5395d6d2ff20c65562b2bf02a9b77c2aa8e938b3fed22cc5de5
W4391546005,principal,título y resumen,1786,7b479f2b2c7bc91b2f01094171cbe919432ba13c5fe24f941a2951638aa07201
