rid,flujo,oa_id,con_resumen,identidad_documental,base_decision,doi,titulo,anio,busqueda_texto_completo,motivo_pendiente,intentos_registrados,vias_probadas,resultados,resultado_recuperacion,fecha_cierre_recuperacion,interpretacion,destino,accion_para_reabrir
W4412593420,principal,W4412593420,False,sin resumen que verificar,solo título,10.1007/s10506-025-09474-6,"Comprehensive research on semantic understanding, applicability, and impact analysis of legal provisions based on deep learning and natural language processing",2025,1.ª pasada: no encontrado; arXiv por título: no encontrado,sin copia de acceso abierto localizada por DOI ni en arXiv,2,"recuperación por DOI (Unpaywall, Semantic Scholar, PubMed Central, enlaces de minería de Crossref, resolución del DOI) + búsqueda por título en la API de arXiv",1.ª pasada: unpaywall 200: no OA location; semantic_scholar 200: no openAccessPdf; pmc 200: no PMCID found; crossref_tdm : no TDM link returned accessible content; doi_resolve 200: landing page accessible but full text requires HTML scraping — consider uploading PDF manually | arXiv: sin candidato,no se localizó una copia de acceso abierto por las vías probadas,2026-09-27,no demuestra que no exista una copia accesible: solo que no se localizó por estas vías en esa fecha,no evaluado: fuera de la síntesis y de los denominadores; no cuenta como exclusión por contenido; reevaluable con acceso institucional o con el PDF,consultar el DOI con acceso institucional o solicitar el PDF a los autores
W4416303448,principal,W4416303448,False,sin resumen que verificar,solo título,10.1007/978-3-032-12092-2_5,Enhancing Regulation-Adherent Requirement Engineering with Contextual AI: An Industrial Study,2025,1.ª pasada: no encontrado; arXiv por título: no encontrado,sin copia de acceso abierto localizada por DOI ni en arXiv,2,"recuperación por DOI (Unpaywall, Semantic Scholar, PubMed Central, enlaces de minería de Crossref, resolución del DOI) + búsqueda por título en la API de arXiv",1.ª pasada: unpaywall 200: no OA location; semantic_scholar 200: no openAccessPdf; pmc 200: no PMCID found; crossref_tdm : no TDM links in CrossRef; doi_resolve 200: landing page accessible but full text requires HTML scraping — consider uploading PDF manually | arXiv: sin candidato,no se localizó una copia de acceso abierto por las vías probadas,2026-09-27,no demuestra que no exista una copia accesible: solo que no se localizó por estas vías en esa fecha,no evaluado: fuera de la síntesis y de los denominadores; no cuenta como exclusión por contenido; reevaluable con acceso institucional o con el PDF,consultar el DOI con acceso institucional o solicitar el PDF a los autores
W4411293746,principal,W4411293746,False,sin resumen que verificar,solo título,10.1007/s10270-025-01299-w,Three decades of the OO-Method: fostering conceptual-model software engineering,2025,1.ª pasada: no encontrado; arXiv por título: no encontrado,sin copia de acceso abierto localizada por DOI ni en arXiv,2,"recuperación por DOI (Unpaywall, Semantic Scholar, PubMed Central, enlaces de minería de Crossref, resolución del DOI) + búsqueda por título en la API de arXiv",1.ª pasada: unpaywall 200: no OA location; semantic_scholar 200: no openAccessPdf; pmc 200: no PMCID found; crossref_tdm : no TDM link returned accessible content; doi_resolve 200: landing page accessible but full text requires HTML scraping — consider uploading PDF manually | arXiv: sin candidato,no se localizó una copia de acceso abierto por las vías probadas,2026-09-27,no demuestra que no exista una copia accesible: solo que no se localizó por estas vías en esa fecha,no evaluado: fuera de la síntesis y de los denominadores; no cuenta como exclusión por contenido; reevaluable con acceso institucional o con el PDF,consultar el DOI con acceso institucional o solicitar el PDF a los autores
W7140315557,principal,W7140315557,False,sin resumen que verificar,solo título,10.1007/s42979-026-04881-1,An Ontology-Based Approach for Requirements and Change Impact Analysis in SysML Designs,2026,1.ª pasada: no encontrado; reintento: no encontrado; arXiv por título: no encontrado,sin copia de acceso abierto localizada por DOI ni en arXiv,3,"recuperación por DOI (Unpaywall, Semantic Scholar, PubMed Central, enlaces de minería de Crossref, resolución del DOI) + búsqueda por título en la API de arXiv",1.ª pasada: crossref 502: CrossRef lookup failed — cannot verify DOI exists | reintento: unpaywall 200: no OA location; semantic_scholar 200: no openAccessPdf; pmc 200: no PMCID found; crossref_tdm : no TDM link returned accessible content; doi_resolve 200: landing page accessible but full text requires HTML scraping — consider uploading PDF manually | arXiv: sin candidato,no se localizó una copia de acceso abierto por las vías probadas,2026-09-27,no demuestra que no exista una copia accesible: solo que no se localizó por estas vías en esa fecha,no evaluado: fuera de la síntesis y de los denominadores; no cuenta como exclusión por contenido; reevaluable con acceso institucional o con el PDF,consultar el DOI con acceso institucional o solicitar el PDF a los autores
W3120999377,principal,W3120999377,False,sin resumen que verificar,solo título,10.1007/s42979-020-00420-8,An Ontology-Based Approach to Automated Test Case Generation,2021,1.ª pasada: no encontrado; arXiv por título: no encontrado,sin copia de acceso abierto localizada por DOI ni en arXiv,2,"recuperación por DOI (Unpaywall, Semantic Scholar, PubMed Central, enlaces de minería de Crossref, resolución del DOI) + búsqueda por título en la API de arXiv",1.ª pasada: unpaywall 200: no OA location; semantic_scholar 200: no openAccessPdf; pmc 200: no PMCID found; crossref_tdm : no TDM link returned accessible content; doi_resolve 200: landing page accessible but full text requires HTML scraping — consider uploading PDF manually | arXiv: sin candidato,no se localizó una copia de acceso abierto por las vías probadas,2026-09-27,no demuestra que no exista una copia accesible: solo que no se localizó por estas vías en esa fecha,no evaluado: fuera de la síntesis y de los denominadores; no cuenta como exclusión por contenido; reevaluable con acceso institucional o con el PDF,consultar el DOI con acceso institucional o solicitar el PDF a los autores
W1468885472,principal,W1468885472,False,sin resumen que verificar,solo título,10.1007/978-94-017-7236-5_14,Comparison of Conceptual Class Diagrams for Verifying Software Model Redesign,2015,1.ª pasada: no encontrado; arXiv por título: no encontrado,sin copia de acceso abierto localizada por DOI ni en arXiv,2,"recuperación por DOI (Unpaywall, Semantic Scholar, PubMed Central, enlaces de minería de Crossref, resolución del DOI) + búsqueda por título en la API de arXiv",1.ª pasada: unpaywall 200: no OA location; semantic_scholar 200: no openAccessPdf; pmc 200: no PMCID found; crossref_tdm : no TDM links in CrossRef; doi_resolve 200: landing page accessible but full text requires HTML scraping — consider uploading PDF manually | arXiv: sin candidato,no se localizó una copia de acceso abierto por las vías probadas,2026-09-27,no demuestra que no exista una copia accesible: solo que no se localizó por estas vías en esa fecha,no evaluado: fuera de la síntesis y de los denominadores; no cuenta como exclusión por contenido; reevaluable con acceso institucional o con el PDF,consultar el DOI con acceso institucional o solicitar el PDF a los autores
W4328107208,principal,W4328107208,False,sin resumen que verificar,solo título,10.1016/j.infsof.2023.107203,Enhanced abbreviation–expansion pair detection for glossary term extraction,2023,1.ª pasada: no encontrado; arXiv por título: no encontrado,sin copia de acceso abierto localizada por DOI ni en arXiv,2,"recuperación por DOI (Unpaywall, Semantic Scholar, PubMed Central, enlaces de minería de Crossref, resolución del DOI) + búsqueda por título en la API de arXiv",1.ª pasada: unpaywall 200: no OA location; semantic_scholar 404: HTTP 404; pmc 200: no PMCID found; crossref_tdm : no TDM link returned accessible content; doi_resolve 200: landing page accessible but full text requires HTML scraping — consider uploading PDF manually | arXiv: sin candidato,no se localizó una copia de acceso abierto por las vías probadas,2026-09-27,no demuestra que no exista una copia accesible: solo que no se localizó por estas vías en esa fecha,no evaluado: fuera de la síntesis y de los denominadores; no cuenta como exclusión por contenido; reevaluable con acceso institucional o con el PDF,consultar el DOI con acceso institucional o solicitar el PDF a los autores
W2971466396,principal,W2971466396,False,sin resumen que verificar,solo título,10.1007/978-3-030-30278-8_29,Formalizing Requirement Specifications for Problem Solving in a Research Domain,2019,1.ª pasada: no encontrado; arXiv por título: no encontrado,sin copia de acceso abierto localizada por DOI ni en arXiv,2,"recuperación por DOI (Unpaywall, Semantic Scholar, PubMed Central, enlaces de minería de Crossref, resolución del DOI) + búsqueda por título en la API de arXiv",1.ª pasada: unpaywall 200: no OA location; semantic_scholar 200: no openAccessPdf; pmc 200: no PMCID found; crossref_tdm : no TDM links in CrossRef; doi_resolve 200: landing page accessible but full text requires HTML scraping — consider uploading PDF manually | arXiv: sin candidato,no se localizó una copia de acceso abierto por las vías probadas,2026-09-27,no demuestra que no exista una copia accesible: solo que no se localizó por estas vías en esa fecha,no evaluado: fuera de la síntesis y de los denominadores; no cuenta como exclusión por contenido; reevaluable con acceso institucional o con el PDF,consultar el DOI con acceso institucional o solicitar el PDF a los autores
D-W3006066495,dirigida,W3006066495,False,sin resumen que verificar,solo título,,Avaliação de riscos na elicitação de requisitos de software,2019,arXiv por título: no encontrado,sin DOI: solo se buscó por título en arXiv,1,búsqueda por título en la API de arXiv,arXiv: sin candidato,"sin DOI: solo se buscó por título en arXiv, sin copia localizada",2026-09-27,no demuestra que no exista una copia accesible: solo que no se localizó por estas vías en esa fecha,no evaluado: fuera de la síntesis y de los denominadores; no cuenta como exclusión por contenido; reevaluable con acceso institucional o con el PDF,localizar la publicación por título y sede; solicitar el PDF
W7127044366,principal,W7127044366,False,sin resumen que verificar,solo título,10.1007/978-3-032-12830-0_11,A Goal-Oriented MLOps Approach for Developing Microservices-Based Small Language Models Systems,2026,1.ª pasada: no encontrado; arXiv por título: no encontrado,sin copia de acceso abierto localizada por DOI ni en arXiv,2,"recuperación por DOI (Unpaywall, Semantic Scholar, PubMed Central, enlaces de minería de Crossref, resolución del DOI) + búsqueda por título en la API de arXiv",1.ª pasada: unpaywall 200: no OA location; semantic_scholar 404: HTTP 404; pmc 200: no PMCID found; crossref_tdm : no TDM links in CrossRef; doi_resolve 200: landing page accessible but full text requires HTML scraping — consider uploading PDF manually | arXiv: sin candidato,no se localizó una copia de acceso abierto por las vías probadas,2026-09-27,no demuestra que no exista una copia accesible: solo que no se localizó por estas vías en esa fecha,no evaluado: fuera de la síntesis y de los denominadores; no cuenta como exclusión por contenido; reevaluable con acceso institucional o con el PDF,consultar el DOI con acceso institucional o solicitar el PDF a los autores
W2086589250,principal,W2086589250,False,sin resumen que verificar,solo título,10.1016/j.jlamp.2015.03.001,Lightweight formalization and validation of ORM models,2015,1.ª pasada: no encontrado; arXiv por título: no encontrado,sin copia de acceso abierto localizada por DOI ni en arXiv,2,"recuperación por DOI (Unpaywall, Semantic Scholar, PubMed Central, enlaces de minería de Crossref, resolución del DOI) + búsqueda por título en la API de arXiv","1.ª pasada: unpaywall 200: no OA location returned valid PDF; semantic_scholar : URL returned text/html, not a PDF; pmc 200: no PMCID found; crossref_tdm : no TDM link returned accessible content; doi_resolve 200: landing page accessible but full text requires HTML scraping — consider uploading PDF manually | arXiv: sin candidato",no se localizó una copia de acceso abierto por las vías probadas,2026-09-27,no demuestra que no exista una copia accesible: solo que no se localizó por estas vías en esa fecha,no evaluado: fuera de la síntesis y de los denominadores; no cuenta como exclusión por contenido; reevaluable con acceso institucional o con el PDF,consultar el DOI con acceso institucional o solicitar el PDF a los autores
W2962876524,principal,W2962876524,False,sin resumen que verificar,solo título,10.1007/978-3-030-26474-1_32,Ontology-Based Intelligent Agent for Determination of Sufficiency of Metric Information in the Software Requirements,2019,1.ª pasada: no encontrado; arXiv por título: no encontrado,sin copia de acceso abierto localizada por DOI ni en arXiv,2,"recuperación por DOI (Unpaywall, Semantic Scholar, PubMed Central, enlaces de minería de Crossref, resolución del DOI) + búsqueda por título en la API de arXiv",1.ª pasada: unpaywall 200: no OA location; semantic_scholar 200: no openAccessPdf; pmc 200: no PMCID found; crossref_tdm : no TDM links in CrossRef; doi_resolve 200: landing page accessible but full text requires HTML scraping — consider uploading PDF manually | arXiv: sin candidato,no se localizó una copia de acceso abierto por las vías probadas,2026-09-27,no demuestra que no exista una copia accesible: solo que no se localizó por estas vías en esa fecha,no evaluado: fuera de la síntesis y de los denominadores; no cuenta como exclusión por contenido; reevaluable con acceso institucional o con el PDF,consultar el DOI con acceso institucional o solicitar el PDF a los autores
W3206604291,principal,W3206604291,False,sin resumen que verificar,solo título,10.1007/978-3-030-89022-3_21,Trustworthiness Requirements: The Pix Case Study,2021,1.ª pasada: no encontrado; arXiv por título: no encontrado,sin copia de acceso abierto localizada por DOI ni en arXiv,2,"recuperación por DOI (Unpaywall, Semantic Scholar, PubMed Central, enlaces de minería de Crossref, resolución del DOI) + búsqueda por título en la API de arXiv","1.ª pasada: unpaywall 200: no OA location; semantic_scholar : URL returned text/html;charset=UTF-8, not a PDF; pmc 200: no PMCID found; crossref_tdm : no TDM links in CrossRef; doi_resolve 200: landing page accessible but full text requires HTML scraping — consider uploading PDF manually | arXiv: sin candidato",no se localizó una copia de acceso abierto por las vías probadas,2026-09-27,no demuestra que no exista una copia accesible: solo que no se localizó por estas vías en esa fecha,no evaluado: fuera de la síntesis y de los denominadores; no cuenta como exclusión por contenido; reevaluable con acceso institucional o con el PDF,consultar el DOI con acceso institucional o solicitar el PDF a los autores
W2947055438,principal,W2947055438,False,sin resumen que verificar,solo título,10.1007/978-3-030-21290-2_42,Behavior-Derived Variability Analysis: Mining Views for Comparison and Evaluation,2019,1.ª pasada: no encontrado; arXiv por título: no encontrado,sin copia de acceso abierto localizada por DOI ni en arXiv,2,"recuperación por DOI (Unpaywall, Semantic Scholar, PubMed Central, enlaces de minería de Crossref, resolución del DOI) + búsqueda por título en la API de arXiv",1.ª pasada: unpaywall 200: no OA location; semantic_scholar 200: no openAccessPdf; pmc 200: no PMCID found; crossref_tdm : no TDM links in CrossRef; doi_resolve 200: landing page accessible but full text requires HTML scraping — consider uploading PDF manually | arXiv: sin candidato,no se localizó una copia de acceso abierto por las vías probadas,2026-09-27,no demuestra que no exista una copia accesible: solo que no se localizó por estas vías en esa fecha,no evaluado: fuera de la síntesis y de los denominadores; no cuenta como exclusión por contenido; reevaluable con acceso institucional o con el PDF,consultar el DOI con acceso institucional o solicitar el PDF a los autores
W973328774,principal,W973328774,True,si,título y resumen,10.1007/978-3-319-16274-4_14,Translation of Requirements Engineering Models,2015,1.ª pasada: no encontrado; arXiv por título: no encontrado,sin copia de acceso abierto localizada por DOI ni en arXiv,2,"recuperación por DOI (Unpaywall, Semantic Scholar, PubMed Central, enlaces de minería de Crossref, resolución del DOI) + búsqueda por título en la API de arXiv","1.ª pasada: unpaywall 200: no OA location; semantic_scholar : URL returned text/html; charset=UTF-8, not a PDF; pmc 200: no PMCID found; crossref_tdm : no TDM links in CrossRef; doi_resolve 200: landing page accessible but full text requires HTML scraping — consider uploading PDF manually | arXiv: sin candidato",no se localizó una copia de acceso abierto por las vías probadas,2026-09-27,no demuestra que no exista una copia accesible: solo que no se localizó por estas vías en esa fecha,no evaluado: fuera de la síntesis y de los denominadores; no cuenta como exclusión por contenido; reevaluable con acceso institucional o con el PDF,consultar el DOI con acceso institucional o solicitar el PDF a los autores
W4393315161,principal,W4393315161,False,sin resumen que verificar,solo título,10.1007/978-3-031-57327-9_22,The Return of Formal Requirements Engineering in the Era of Large Language Models,2024,1.ª pasada: no encontrado; arXiv por título: no encontrado,sin copia de acceso abierto localizada por DOI ni en arXiv,2,"recuperación por DOI (Unpaywall, Semantic Scholar, PubMed Central, enlaces de minería de Crossref, resolución del DOI) + búsqueda por título en la API de arXiv",1.ª pasada: unpaywall 200: no OA location; semantic_scholar 200: no openAccessPdf; pmc 200: no PMCID found; crossref_tdm : no TDM links in CrossRef; doi_resolve 200: landing page accessible but full text requires HTML scraping — consider uploading PDF manually | arXiv: sin candidato,no se localizó una copia de acceso abierto por las vías probadas,2026-09-27,no demuestra que no exista una copia accesible: solo que no se localizó por estas vías en esa fecha,no evaluado: fuera de la síntesis y de los denominadores; no cuenta como exclusión por contenido; reevaluable con acceso institucional o con el PDF,consultar el DOI con acceso institucional o solicitar el PDF a los autores
D-W2572081148,dirigida,W2572081148,False,sin resumen que verificar,solo título,,La Gestión del Conocimiento Aplicada en la Ingeniería de Requisitos: Un Caso de Estudio en Ecuador.,2015,arXiv por título: no encontrado,sin DOI: solo se buscó por título en arXiv,1,búsqueda por título en la API de arXiv,arXiv: sin candidato,"sin DOI: solo se buscó por título en arXiv, sin copia localizada",2026-09-27,no demuestra que no exista una copia accesible: solo que no se localizó por estas vías en esa fecha,no evaluado: fuera de la síntesis y de los denominadores; no cuenta como exclusión por contenido; reevaluable con acceso institucional o con el PDF,localizar la publicación por título y sede; solicitar el PDF
W3216957416,principal,W3216957416,False,sin resumen que verificar,solo título,10.1007/978-3-030-91305-2_15,An Enhanced Personal Profile Ontology for Software Requirements Engineering Tasks Allocation,2021,1.ª pasada: no encontrado; arXiv por título: no encontrado,sin copia de acceso abierto localizada por DOI ni en arXiv,2,"recuperación por DOI (Unpaywall, Semantic Scholar, PubMed Central, enlaces de minería de Crossref, resolución del DOI) + búsqueda por título en la API de arXiv",1.ª pasada: unpaywall 200: no OA location; semantic_scholar 200: no openAccessPdf; pmc 200: no PMCID found; crossref_tdm : no TDM links in CrossRef; doi_resolve 200: landing page accessible but full text requires HTML scraping — consider uploading PDF manually | arXiv: sin candidato,no se localizó una copia de acceso abierto por las vías probadas,2026-09-27,no demuestra que no exista una copia accesible: solo que no se localizó por estas vías en esa fecha,no evaluado: fuera de la síntesis y de los denominadores; no cuenta como exclusión por contenido; reevaluable con acceso institucional o con el PDF,consultar el DOI con acceso institucional o solicitar el PDF a los autores
W4399266909,principal,W4399266909,False,sin resumen que verificar,solo título,10.1007/978-3-031-62110-9_1,AI-Generated User Stories Supporting Human-Centred Development: An Investigation on Quality,2024,1.ª pasada: no encontrado; arXiv por título: no encontrado,sin copia de acceso abierto localizada por DOI ni en arXiv,2,"recuperación por DOI (Unpaywall, Semantic Scholar, PubMed Central, enlaces de minería de Crossref, resolución del DOI) + búsqueda por título en la API de arXiv",1.ª pasada: unpaywall 200: no OA location; semantic_scholar 200: no openAccessPdf; pmc 200: no PMCID found; crossref_tdm : no TDM links in CrossRef; doi_resolve 200: landing page accessible but full text requires HTML scraping — consider uploading PDF manually | arXiv: sin candidato,no se localizó una copia de acceso abierto por las vías probadas,2026-09-27,no demuestra que no exista una copia accesible: solo que no se localizó por estas vías en esa fecha,no evaluado: fuera de la síntesis y de los denominadores; no cuenta como exclusión por contenido; reevaluable con acceso institucional o con el PDF,consultar el DOI con acceso institucional o solicitar el PDF a los autores
W7154754508,principal,W7154754508,False,sin resumen que verificar,solo título,10.17303/jcssd.2025.4.104,Extending Ontology-Driven Natural Language Generation for Requirements Engineering Using onto UML a Review,2025,1.ª pasada: no encontrado; reintento: no encontrado; arXiv por título: no encontrado,sin copia de acceso abierto localizada por DOI ni en arXiv,3,"recuperación por DOI (Unpaywall, Semantic Scholar, PubMed Central, enlaces de minería de Crossref, resolución del DOI) + búsqueda por título en la API de arXiv","1.ª pasada: crossref 502: CrossRef lookup failed — cannot verify DOI exists | reintento: unpaywall 200: no OA location; semantic_scholar : URL is a DOI redirect, not a direct PDF; pmc 200: no PMCID found; crossref_tdm : no TDM links in CrossRef; doi_resolve 200: landing page accessible but full text requires HTML scraping — consider uploading PDF manually | arXiv: sin candidato",no se localizó una copia de acceso abierto por las vías probadas,2026-09-27,no demuestra que no exista una copia accesible: solo que no se localizó por estas vías en esa fecha,no evaluado: fuera de la síntesis y de los denominadores; no cuenta como exclusión por contenido; reevaluable con acceso institucional o con el PDF,consultar el DOI con acceso institucional o solicitar el PDF a los autores
W3168649092,principal,W3168649092,False,sin resumen que verificar,solo título,10.1007/978-3-030-79022-6_7,Problem of Semantic Enrichment of Sentences Used in Textual Requirements Specification,2021,1.ª pasada: no encontrado; arXiv por título: no encontrado,sin copia de acceso abierto localizada por DOI ni en arXiv,2,"recuperación por DOI (Unpaywall, Semantic Scholar, PubMed Central, enlaces de minería de Crossref, resolución del DOI) + búsqueda por título en la API de arXiv",1.ª pasada: unpaywall 200: no OA location; semantic_scholar 200: no openAccessPdf; pmc 200: no PMCID found; crossref_tdm : no TDM links in CrossRef; doi_resolve 200: landing page accessible but full text requires HTML scraping — consider uploading PDF manually | arXiv: sin candidato,no se localizó una copia de acceso abierto por las vías probadas,2026-09-27,no demuestra que no exista una copia accesible: solo que no se localizó por estas vías en esa fecha,no evaluado: fuera de la síntesis y de los denominadores; no cuenta como exclusión por contenido; reevaluable con acceso institucional o con el PDF,consultar el DOI con acceso institucional o solicitar el PDF a los autores
W4406538274,principal,W4406538274,False,sin resumen que verificar,solo título,10.1007/s10270-024-01254-1,Refactoring goal-oriented models: a linguistic improvement using large language models,2025,1.ª pasada: no encontrado; arXiv por título: no encontrado,sin copia de acceso abierto localizada por DOI ni en arXiv,2,"recuperación por DOI (Unpaywall, Semantic Scholar, PubMed Central, enlaces de minería de Crossref, resolución del DOI) + búsqueda por título en la API de arXiv",1.ª pasada: unpaywall 200: no OA location; semantic_scholar 200: no openAccessPdf; pmc 200: no PMCID found; crossref_tdm : no TDM link returned accessible content; doi_resolve 200: landing page accessible but full text requires HTML scraping — consider uploading PDF manually | arXiv: sin candidato,no se localizó una copia de acceso abierto por las vías probadas,2026-09-27,no demuestra que no exista una copia accesible: solo que no se localizó por estas vías en esa fecha,no evaluado: fuera de la síntesis y de los denominadores; no cuenta como exclusión por contenido; reevaluable con acceso institucional o con el PDF,consultar el DOI con acceso institucional o solicitar el PDF a los autores
W2528116301,principal,W2528116301,False,sin resumen que verificar,solo título,10.1007/978-3-319-47677-3_7,Computing Specification-Sensitive Abstractions for Program Verification,2016,1.ª pasada: no encontrado; arXiv por título: no encontrado,sin copia de acceso abierto localizada por DOI ni en arXiv,2,"recuperación por DOI (Unpaywall, Semantic Scholar, PubMed Central, enlaces de minería de Crossref, resolución del DOI) + búsqueda por título en la API de arXiv",1.ª pasada: unpaywall 200: no OA location; semantic_scholar 200: no openAccessPdf; pmc 200: no PMCID found; crossref_tdm : no TDM links in CrossRef; doi_resolve 200: landing page accessible but full text requires HTML scraping — consider uploading PDF manually | arXiv: sin candidato,no se localizó una copia de acceso abierto por las vías probadas,2026-09-27,no demuestra que no exista una copia accesible: solo que no se localizó por estas vías en esa fecha,no evaluado: fuera de la síntesis y de los denominadores; no cuenta como exclusión por contenido; reevaluable con acceso institucional o con el PDF,consultar el DOI con acceso institucional o solicitar el PDF a los autores
D-W2790282154,dirigida,W2790282154,False,sin resumen que verificar,solo título,,O perfil do analista de requisitos de software: uma comparação entre a academia e o mercado de trabalho brasileiro.,2017,arXiv por título: no encontrado,sin DOI: solo se buscó por título en arXiv,1,búsqueda por título en la API de arXiv,arXiv: sin candidato,"sin DOI: solo se buscó por título en arXiv, sin copia localizada",2026-09-27,no demuestra que no exista una copia accesible: solo que no se localizó por estas vías en esa fecha,no evaluado: fuera de la síntesis y de los denominadores; no cuenta como exclusión por contenido; reevaluable con acceso institucional o con el PDF,localizar la publicación por título y sede; solicitar el PDF
W7153456199,principal,W7153456199,False,sin resumen que verificar,solo título,10.1007/s10115-026-02747-9,Mining conflicting opinions from user reviews: a semantic rule-based framework for software requirements engineering,2026,1.ª pasada: no encontrado; arXiv por título: no encontrado,sin copia de acceso abierto localizada por DOI ni en arXiv,2,"recuperación por DOI (Unpaywall, Semantic Scholar, PubMed Central, enlaces de minería de Crossref, resolución del DOI) + búsqueda por título en la API de arXiv",1.ª pasada: unpaywall 200: no OA location; semantic_scholar 200: no openAccessPdf; pmc 200: no PMCID found; crossref_tdm : no TDM link returned accessible content; doi_resolve 200: landing page accessible but full text requires HTML scraping — consider uploading PDF manually | arXiv: sin candidato,no se localizó una copia de acceso abierto por las vías probadas,2026-09-27,no demuestra que no exista una copia accesible: solo que no se localizó por estas vías en esa fecha,no evaluado: fuera de la síntesis y de los denominadores; no cuenta como exclusión por contenido; reevaluable con acceso institucional o con el PDF,consultar el DOI con acceso institucional o solicitar el PDF a los autores
D-W2914050901,dirigida,W2914050901,False,sin resumen que verificar,solo título,,La priorización de requisitos de software en proyectos de entorno interactivos.,2015,arXiv por título: no encontrado,sin DOI: solo se buscó por título en arXiv,1,búsqueda por título en la API de arXiv,arXiv: sin candidato,"sin DOI: solo se buscó por título en arXiv, sin copia localizada",2026-09-27,no demuestra que no exista una copia accesible: solo que no se localizó por estas vías en esa fecha,no evaluado: fuera de la síntesis y de los denominadores; no cuenta como exclusión por contenido; reevaluable con acceso institucional o con el PDF,localizar la publicación por título y sede; solicitar el PDF
W2520262450,principal,W2520262450,False,sin resumen que verificar,solo título,10.1007/978-981-10-2419-1_19,Requirements Engineering for Pervasive Games Based Smart Learning Systems,2016,1.ª pasada: no encontrado; reintento: no encontrado; arXiv por título: no encontrado,sin copia de acceso abierto localizada por DOI ni en arXiv,3,"recuperación por DOI (Unpaywall, Semantic Scholar, PubMed Central, enlaces de minería de Crossref, resolución del DOI) + búsqueda por título en la API de arXiv",1.ª pasada: crossref 502: CrossRef lookup failed — cannot verify DOI exists | reintento: unpaywall 200: no OA location; semantic_scholar 200: no openAccessPdf; pmc 200: no PMCID found; crossref_tdm : no TDM links in CrossRef; doi_resolve 200: landing page accessible but full text requires HTML scraping — consider uploading PDF manually | arXiv: sin candidato,no se localizó una copia de acceso abierto por las vías probadas,2026-09-27,no demuestra que no exista una copia accesible: solo que no se localizó por estas vías en esa fecha,no evaluado: fuera de la síntesis y de los denominadores; no cuenta como exclusión por contenido; reevaluable con acceso institucional o con el PDF,consultar el DOI con acceso institucional o solicitar el PDF a los autores
W4414729937,principal,W4414729937,False,sin resumen que verificar,solo título,10.1007/978-3-032-00718-6_15,State of the Art on User Story Mapping and Scenarios to Specify Software Requirements,2025,1.ª pasada: no encontrado; arXiv por título: no encontrado,sin copia de acceso abierto localizada por DOI ni en arXiv,2,"recuperación por DOI (Unpaywall, Semantic Scholar, PubMed Central, enlaces de minería de Crossref, resolución del DOI) + búsqueda por título en la API de arXiv",1.ª pasada: unpaywall 200: no OA location returned valid PDF; semantic_scholar 404: HTTP 404; pmc 200: no PMCID found; crossref_tdm : no TDM links in CrossRef; doi_resolve 200: landing page accessible but full text requires HTML scraping — consider uploading PDF manually | arXiv: sin candidato,no se localizó una copia de acceso abierto por las vías probadas,2026-09-27,no demuestra que no exista una copia accesible: solo que no se localizó por estas vías en esa fecha,no evaluado: fuera de la síntesis y de los denominadores; no cuenta como exclusión por contenido; reevaluable con acceso institucional o con el PDF,consultar el DOI con acceso institucional o solicitar el PDF a los autores
W2788478879,principal,W2788478879,True,si,título y resumen,10.11591/ijece.v8i3.pp1766-1773,Anaphora Resolution in Business Process Requirement Engineering,2018,1.ª pasada: no encontrado; arXiv por título: no encontrado,sin copia de acceso abierto localizada por DOI ni en arXiv,2,"recuperación por DOI (Unpaywall, Semantic Scholar, PubMed Central, enlaces de minería de Crossref, resolución del DOI) + búsqueda por título en la API de arXiv",1.ª pasada: unpaywall 200: no OA location returned valid PDF; semantic_scholar : SafeFetchError: safeFetch: https-only (got http://) — http://ijece.iaescore.com/index.php/IJECE/article/download/9356/8716; pmc 200: no PMCID found; crossref_tdm : no TDM link returned accessible content; doi_resolve 200: landing page accessible but full text requires HTML scraping — consider uploading PDF manually | arXiv: sin candidato,no se localizó una copia de acceso abierto por las vías probadas,2026-09-27,no demuestra que no exista una copia accesible: solo que no se localizó por estas vías en esa fecha,no evaluado: fuera de la síntesis y de los denominadores; no cuenta como exclusión por contenido; reevaluable con acceso institucional o con el PDF,consultar el DOI con acceso institucional o solicitar el PDF a los autores
W307565400,principal,W307565400,False,sin resumen que verificar,solo título,10.1007/978-3-319-18714-3_9,Proposal for Requirements Driven Design Science Research,2015,1.ª pasada: no encontrado; arXiv por título: no encontrado,sin copia de acceso abierto localizada por DOI ni en arXiv,2,"recuperación por DOI (Unpaywall, Semantic Scholar, PubMed Central, enlaces de minería de Crossref, resolución del DOI) + búsqueda por título en la API de arXiv",1.ª pasada: unpaywall 200: no OA location; semantic_scholar 200: no openAccessPdf; pmc 200: no PMCID found; crossref_tdm : no TDM links in CrossRef; doi_resolve 200: landing page accessible but full text requires HTML scraping — consider uploading PDF manually | arXiv: sin candidato,no se localizó una copia de acceso abierto por las vías probadas,2026-09-27,no demuestra que no exista una copia accesible: solo que no se localizó por estas vías en esa fecha,no evaluado: fuera de la síntesis y de los denominadores; no cuenta como exclusión por contenido; reevaluable con acceso institucional o con el PDF,consultar el DOI con acceso institucional o solicitar el PDF a los autores
W2606487253,principal,W2606487253,False,sin resumen que verificar,solo título,10.1007/978-3-319-57955-9_3,Adding Quality of Information to the Ontological Model of an Enterprise,2017,1.ª pasada: no encontrado; reintento: no encontrado; arXiv por título: no encontrado,sin copia de acceso abierto localizada por DOI ni en arXiv,3,"recuperación por DOI (Unpaywall, Semantic Scholar, PubMed Central, enlaces de minería de Crossref, resolución del DOI) + búsqueda por título en la API de arXiv",1.ª pasada: unpaywall 200: no OA location; semantic_scholar 429: HTTP 429; pmc 200: no PMCID found; crossref_tdm : no TDM links in CrossRef; doi_resolve 200: landing page accessible but full text requires HTML scraping — consider uploading PDF manually | reintento: unpaywall 200: no OA location; semantic_scholar 200: no openAccessPdf; pmc 200: no PMCID found; crossref_tdm : no TDM links in CrossRef; doi_resolve 200: landing page accessible but full text requires HTML scraping — consider uploading PDF manually | arXiv: sin candidato,no se localizó una copia de acceso abierto por las vías probadas,2026-09-27,no demuestra que no exista una copia accesible: solo que no se localizó por estas vías en esa fecha,no evaluado: fuera de la síntesis y de los denominadores; no cuenta como exclusión por contenido; reevaluable con acceso institucional o con el PDF,consultar el DOI con acceso institucional o solicitar el PDF a los autores
W4407934385,principal,W4407934385,False,sin resumen que verificar,solo título,10.1007/978-3-031-81974-2_21,CTP Ontology: An Ontology for Creating and Structuring Cultural Thematic Paths,2025,1.ª pasada: no encontrado; arXiv por título: no encontrado,sin copia de acceso abierto localizada por DOI ni en arXiv,2,"recuperación por DOI (Unpaywall, Semantic Scholar, PubMed Central, enlaces de minería de Crossref, resolución del DOI) + búsqueda por título en la API de arXiv",1.ª pasada: unpaywall 200: no OA location; semantic_scholar 200: no openAccessPdf; pmc 200: no PMCID found; crossref_tdm : no TDM links in CrossRef; doi_resolve 200: landing page accessible but full text requires HTML scraping — consider uploading PDF manually | arXiv: sin candidato,no se localizó una copia de acceso abierto por las vías probadas,2026-09-27,no demuestra que no exista una copia accesible: solo que no se localizó por estas vías en esa fecha,no evaluado: fuera de la síntesis y de los denominadores; no cuenta como exclusión por contenido; reevaluable con acceso institucional o con el PDF,consultar el DOI con acceso institucional o solicitar el PDF a los autores
W2947300383,principal,W2947300383,False,sin resumen que verificar,solo título,10.1007/978-3-030-21290-2_10,Towards an Ontology-Based Approach for Eliciting Possible Solutions to Non-Functional Requirements,2019,1.ª pasada: no encontrado; arXiv por título: no encontrado,sin copia de acceso abierto localizada por DOI ni en arXiv,2,"recuperación por DOI (Unpaywall, Semantic Scholar, PubMed Central, enlaces de minería de Crossref, resolución del DOI) + búsqueda por título en la API de arXiv",1.ª pasada: unpaywall 200: no OA location; semantic_scholar 200: no openAccessPdf; pmc 200: no PMCID found; crossref_tdm : no TDM links in CrossRef; doi_resolve 200: landing page accessible but full text requires HTML scraping — consider uploading PDF manually | arXiv: sin candidato,no se localizó una copia de acceso abierto por las vías probadas,2026-09-27,no demuestra que no exista una copia accesible: solo que no se localizó por estas vías en esa fecha,no evaluado: fuera de la síntesis y de los denominadores; no cuenta como exclusión por contenido; reevaluable con acceso institucional o con el PDF,consultar el DOI con acceso institucional o solicitar el PDF a los autores
W2397196484,principal,W2397196484,False,sin resumen que verificar,solo título,10.1007/978-3-319-25840-9_28,How to Build Ontologies for Requirements Systems Engineering Projects Aiding the Quality Management Process,2015,1.ª pasada: no encontrado; arXiv por título: no encontrado,sin copia de acceso abierto localizada por DOI ni en arXiv,2,"recuperación por DOI (Unpaywall, Semantic Scholar, PubMed Central, enlaces de minería de Crossref, resolución del DOI) + búsqueda por título en la API de arXiv",1.ª pasada: unpaywall 200: no OA location; semantic_scholar 200: no openAccessPdf; pmc 200: no PMCID found; crossref_tdm : no TDM links in CrossRef; doi_resolve 200: landing page accessible but full text requires HTML scraping — consider uploading PDF manually | arXiv: sin candidato,no se localizó una copia de acceso abierto por las vías probadas,2026-09-27,no demuestra que no exista una copia accesible: solo que no se localizó por estas vías en esa fecha,no evaluado: fuera de la síntesis y de los denominadores; no cuenta como exclusión por contenido; reevaluable con acceso institucional o con el PDF,consultar el DOI con acceso institucional o solicitar el PDF a los autores
W4401684273,principal,W4401684273,False,sin resumen que verificar,solo título,10.1007/978-3-031-60935-0_14,An Excursion to Ontology-Based Non-functional Requirements Specification,2024,1.ª pasada: no encontrado; arXiv por título: no encontrado,sin copia de acceso abierto localizada por DOI ni en arXiv,2,"recuperación por DOI (Unpaywall, Semantic Scholar, PubMed Central, enlaces de minería de Crossref, resolución del DOI) + búsqueda por título en la API de arXiv",1.ª pasada: unpaywall 200: no OA location; semantic_scholar 404: HTTP 404; pmc 200: no PMCID found; crossref_tdm : no TDM links in CrossRef; doi_resolve 200: landing page accessible but full text requires HTML scraping — consider uploading PDF manually | arXiv: sin candidato,no se localizó una copia de acceso abierto por las vías probadas,2026-09-27,no demuestra que no exista una copia accesible: solo que no se localizó por estas vías en esa fecha,no evaluado: fuera de la síntesis y de los denominadores; no cuenta como exclusión por contenido; reevaluable con acceso institucional o con el PDF,consultar el DOI con acceso institucional o solicitar el PDF a los autores
W2912243130,principal,W2912243130,False,sin resumen que verificar,solo título,,Improving the Input Information for Medical Software Requirements Specifications using Ontology-Based Intelligent Agent.,2018,arXiv por título: no encontrado,sin DOI: solo se buscó por título en arXiv,1,búsqueda por título en la API de arXiv,arXiv: sin candidato,"sin DOI: solo se buscó por título en arXiv, sin copia localizada",2026-09-27,no demuestra que no exista una copia accesible: solo que no se localizó por estas vías en esa fecha,no evaluado: fuera de la síntesis y de los denominadores; no cuenta como exclusión por contenido; reevaluable con acceso institucional o con el PDF,localizar la publicación por título y sede; solicitar el PDF
W7160319462,principal,W7160319462,False,sin resumen que verificar,solo título,10.1007/978-3-032-19185-4_5,Automating Generation of UML Sequence Diagrams Using LLM,2026,1.ª pasada: no encontrado; reintento: no encontrado; arXiv por título: no encontrado,sin copia de acceso abierto localizada por DOI ni en arXiv,3,"recuperación por DOI (Unpaywall, Semantic Scholar, PubMed Central, enlaces de minería de Crossref, resolución del DOI) + búsqueda por título en la API de arXiv",1.ª pasada: crossref 502: CrossRef lookup failed — cannot verify DOI exists | reintento: unpaywall 200: no OA location; semantic_scholar 404: HTTP 404; pmc 200: no PMCID found; crossref_tdm : no TDM links in CrossRef; doi_resolve 200: landing page accessible but full text requires HTML scraping — consider uploading PDF manually | arXiv: sin candidato,no se localizó una copia de acceso abierto por las vías probadas,2026-09-27,no demuestra que no exista una copia accesible: solo que no se localizó por estas vías en esa fecha,no evaluado: fuera de la síntesis y de los denominadores; no cuenta como exclusión por contenido; reevaluable con acceso institucional o con el PDF,consultar el DOI con acceso institucional o solicitar el PDF a los autores
W2600476158,principal,W2600476158,True,si,título y resumen,10.1142/s2425038416300123,Semantic software engineering,2017,1.ª pasada: no encontrado; arXiv por título: no encontrado,sin copia de acceso abierto localizada por DOI ni en arXiv,2,"recuperación por DOI (Unpaywall, Semantic Scholar, PubMed Central, enlaces de minería de Crossref, resolución del DOI) + búsqueda por título en la API de arXiv",1.ª pasada: unpaywall 200: no OA location; semantic_scholar 200: no openAccessPdf; pmc 200: no PMCID found; crossref_tdm : no TDM links in CrossRef; doi_resolve 403: HTTP 403 | arXiv: candidato 2605.04114v1 con Jaccard de título 0.27,no se localizó una copia de acceso abierto por las vías probadas,2026-09-27,no demuestra que no exista una copia accesible: solo que no se localizó por estas vías en esa fecha,no evaluado: fuera de la síntesis y de los denominadores; no cuenta como exclusión por contenido; reevaluable con acceso institucional o con el PDF,consultar el DOI con acceso institucional o solicitar el PDF a los autores
W7167504715,principal,W7167504715,False,sin resumen que verificar,solo título,10.1007/978-3-032-30693-7_19,LLM-Guided Requirement Scenario-Based Testing for Simulink Models,2026,1.ª pasada: no encontrado; arXiv por título: no encontrado,sin copia de acceso abierto localizada por DOI ni en arXiv,2,"recuperación por DOI (Unpaywall, Semantic Scholar, PubMed Central, enlaces de minería de Crossref, resolución del DOI) + búsqueda por título en la API de arXiv",1.ª pasada: unpaywall 200: no OA location; semantic_scholar 200: no openAccessPdf; pmc 200: no PMCID found; crossref_tdm : no TDM links in CrossRef; doi_resolve 200: landing page accessible but full text requires HTML scraping — consider uploading PDF manually | arXiv: sin candidato,no se localizó una copia de acceso abierto por las vías probadas,2026-09-27,no demuestra que no exista una copia accesible: solo que no se localizó por estas vías en esa fecha,no evaluado: fuera de la síntesis y de los denominadores; no cuenta como exclusión por contenido; reevaluable con acceso institucional o con el PDF,consultar el DOI con acceso institucional o solicitar el PDF a los autores
W4415003556,principal,W4415003556,True,si,título y resumen,10.1109/re63999.2025.00055,Leveraging LLMs for Requirements Engineering Education: How to Approach?,2025,1.ª pasada: no encontrado; reintento: no encontrado; arXiv por título: no encontrado,sin copia de acceso abierto localizada por DOI ni en arXiv,3,"recuperación por DOI (Unpaywall, Semantic Scholar, PubMed Central, enlaces de minería de Crossref, resolución del DOI) + búsqueda por título en la API de arXiv",1.ª pasada: crossref 502: CrossRef lookup failed — cannot verify DOI exists | reintento: unpaywall 200: no OA location; semantic_scholar 200: no openAccessPdf; pmc 200: no PMCID found; crossref_tdm : no TDM links in CrossRef; doi_resolve 202: HTTP 202 | arXiv: sin candidato,no se localizó una copia de acceso abierto por las vías probadas,2026-09-27,no demuestra que no exista una copia accesible: solo que no se localizó por estas vías en esa fecha,no evaluado: fuera de la síntesis y de los denominadores; no cuenta como exclusión por contenido; reevaluable con acceso institucional o con el PDF,consultar el DOI con acceso institucional o solicitar el PDF a los autores
W4285291333,principal,W4285291333,False,sin resumen que verificar,solo título,10.1007/978-981-19-2211-4_3,Semantically Driven Machine Learning-Infused Approach for Tracing Evolution on Software Requirements,2022,1.ª pasada: no encontrado; arXiv por título: no encontrado,sin copia de acceso abierto localizada por DOI ni en arXiv,2,"recuperación por DOI (Unpaywall, Semantic Scholar, PubMed Central, enlaces de minería de Crossref, resolución del DOI) + búsqueda por título en la API de arXiv",1.ª pasada: unpaywall 200: no OA location; semantic_scholar 404: HTTP 404; pmc 200: no PMCID found; crossref_tdm : no TDM links in CrossRef; doi_resolve 200: landing page accessible but full text requires HTML scraping — consider uploading PDF manually | arXiv: sin candidato,no se localizó una copia de acceso abierto por las vías probadas,2026-09-27,no demuestra que no exista una copia accesible: solo que no se localizó por estas vías en esa fecha,no evaluado: fuera de la síntesis y de los denominadores; no cuenta como exclusión por contenido; reevaluable con acceso institucional o con el PDF,consultar el DOI con acceso institucional o solicitar el PDF a los autores
W1154089677,principal,W1154089677,False,sin resumen que verificar,solo título,10.1007/978-3-319-19147-8_4,Profiling of Software Requirements for the Pharmaceutical Enterprise Manufacturing Execution System,2015,1.ª pasada: no encontrado; arXiv por título: no encontrado,sin copia de acceso abierto localizada por DOI ni en arXiv,2,"recuperación por DOI (Unpaywall, Semantic Scholar, PubMed Central, enlaces de minería de Crossref, resolución del DOI) + búsqueda por título en la API de arXiv",1.ª pasada: unpaywall 200: no OA location; semantic_scholar 200: no openAccessPdf; pmc 200: no PMCID found; crossref_tdm : no TDM links in CrossRef; doi_resolve 200: landing page accessible but full text requires HTML scraping — consider uploading PDF manually | arXiv: sin candidato,no se localizó una copia de acceso abierto por las vías probadas,2026-09-27,no demuestra que no exista una copia accesible: solo que no se localizó por estas vías en esa fecha,no evaluado: fuera de la síntesis y de los denominadores; no cuenta como exclusión por contenido; reevaluable con acceso institucional o con el PDF,consultar el DOI con acceso institucional o solicitar el PDF a los autores
W4405490426,principal,W4405490426,True,si,título y resumen,10.1109/citds62610.2024.10791381,Requirement Specification of an Information Bank,2024,1.ª pasada: no encontrado; arXiv por título: no encontrado,sin copia de acceso abierto localizada por DOI ni en arXiv,2,"recuperación por DOI (Unpaywall, Semantic Scholar, PubMed Central, enlaces de minería de Crossref, resolución del DOI) + búsqueda por título en la API de arXiv",1.ª pasada: unpaywall 200: no OA location; semantic_scholar 200: no openAccessPdf; pmc 200: no PMCID found; crossref_tdm : no TDM links in CrossRef; doi_resolve 202: HTTP 202 | arXiv: sin candidato,no se localizó una copia de acceso abierto por las vías probadas,2026-09-27,no demuestra que no exista una copia accesible: solo que no se localizó por estas vías en esa fecha,no evaluado: fuera de la síntesis y de los denominadores; no cuenta como exclusión por contenido; reevaluable con acceso institucional o con el PDF,consultar el DOI con acceso institucional o solicitar el PDF a los autores
W3185661983,principal,W3185661983,False,sin resumen que verificar,solo título,10.1007/978-3-030-81200-3_14,An Approach to Extracting Ontology Concepts from Requirements,2021,1.ª pasada: no encontrado; arXiv por título: no encontrado,sin copia de acceso abierto localizada por DOI ni en arXiv,2,"recuperación por DOI (Unpaywall, Semantic Scholar, PubMed Central, enlaces de minería de Crossref, resolución del DOI) + búsqueda por título en la API de arXiv",1.ª pasada: unpaywall 200: no OA location; semantic_scholar 200: no openAccessPdf; pmc 200: no PMCID found; crossref_tdm : no TDM links in CrossRef; doi_resolve 200: landing page accessible but full text requires HTML scraping — consider uploading PDF manually | arXiv: sin candidato,no se localizó una copia de acceso abierto por las vías probadas,2026-09-27,no demuestra que no exista una copia accesible: solo que no se localizó por estas vías en esa fecha,no evaluado: fuera de la síntesis y de los denominadores; no cuenta como exclusión por contenido; reevaluable con acceso institucional o con el PDF,consultar el DOI con acceso institucional o solicitar el PDF a los autores
W4323654801,principal,W4323654801,False,sin resumen que verificar,solo título,10.1016/j.infsof.2023.107195,User story extraction from natural language for requirements elicitation: Identify software-related information from online news,2023,1.ª pasada: no encontrado; arXiv por título: no encontrado,sin copia de acceso abierto localizada por DOI ni en arXiv,2,"recuperación por DOI (Unpaywall, Semantic Scholar, PubMed Central, enlaces de minería de Crossref, resolución del DOI) + búsqueda por título en la API de arXiv",1.ª pasada: unpaywall 200: no OA location; semantic_scholar 404: HTTP 404; pmc 200: no PMCID found; crossref_tdm : no TDM link returned accessible content; doi_resolve 200: landing page accessible but full text requires HTML scraping — consider uploading PDF manually | arXiv: sin candidato,no se localizó una copia de acceso abierto por las vías probadas,2026-09-27,no demuestra que no exista una copia accesible: solo que no se localizó por estas vías en esa fecha,no evaluado: fuera de la síntesis y de los denominadores; no cuenta como exclusión por contenido; reevaluable con acceso institucional o con el PDF,consultar el DOI con acceso institucional o solicitar el PDF a los autores
W2510893491,principal,W2510893491,False,sin resumen que verificar,solo título,10.1007/978-3-319-43606-7_3,Domain Modeling Based on Requirements Specification and Ontology,2016,1.ª pasada: no encontrado; arXiv por título: no encontrado,sin copia de acceso abierto localizada por DOI ni en arXiv,2,"recuperación por DOI (Unpaywall, Semantic Scholar, PubMed Central, enlaces de minería de Crossref, resolución del DOI) + búsqueda por título en la API de arXiv",1.ª pasada: unpaywall 200: no OA location; semantic_scholar 200: no openAccessPdf; pmc 200: no PMCID found; crossref_tdm : no TDM links in CrossRef; doi_resolve 200: landing page accessible but full text requires HTML scraping — consider uploading PDF manually | arXiv: sin candidato,no se localizó una copia de acceso abierto por las vías probadas,2026-09-27,no demuestra que no exista una copia accesible: solo que no se localizó por estas vías en esa fecha,no evaluado: fuera de la síntesis y de los denominadores; no cuenta como exclusión por contenido; reevaluable con acceso institucional o con el PDF,consultar el DOI con acceso institucional o solicitar el PDF a los autores
W3197224874,principal,W3197224874,True,si,título y resumen,10.32604/cmc.2022.018779,Towards Aspect Based Components Integration Framework for Cyber-Physical System,2021,1.ª pasada: no encontrado; arXiv por título: no encontrado,sin copia de acceso abierto localizada por DOI ni en arXiv,2,"recuperación por DOI (Unpaywall, Semantic Scholar, PubMed Central, enlaces de minería de Crossref, resolución del DOI) + búsqueda por título en la API de arXiv","1.ª pasada: unpaywall 200: no OA location; semantic_scholar : URL is a DOI redirect, not a direct PDF; pmc 200: no PMCID found; crossref_tdm : no TDM links in CrossRef; doi_resolve 200: landing page accessible but full text requires HTML scraping — consider uploading PDF manually | arXiv: sin candidato",no se localizó una copia de acceso abierto por las vías probadas,2026-09-27,no demuestra que no exista una copia accesible: solo que no se localizó por estas vías en esa fecha,no evaluado: fuera de la síntesis y de los denominadores; no cuenta como exclusión por contenido; reevaluable con acceso institucional o con el PDF,consultar el DOI con acceso institucional o solicitar el PDF a los autores
W2518120659,principal,W2518120659,False,sin resumen que verificar,solo título,10.1007/978-3-319-43606-7_5,RSL-DL: Representing Domain Knowledge for the Purpose of Code Generation,2016,1.ª pasada: no encontrado; arXiv por título: no encontrado,sin copia de acceso abierto localizada por DOI ni en arXiv,2,"recuperación por DOI (Unpaywall, Semantic Scholar, PubMed Central, enlaces de minería de Crossref, resolución del DOI) + búsqueda por título en la API de arXiv",1.ª pasada: unpaywall 200: no OA location; semantic_scholar 200: no openAccessPdf; pmc 200: no PMCID found; crossref_tdm : no TDM links in CrossRef; doi_resolve 200: landing page accessible but full text requires HTML scraping — consider uploading PDF manually | arXiv: sin candidato,no se localizó una copia de acceso abierto por las vías probadas,2026-09-27,no demuestra que no exista una copia accesible: solo que no se localizó por estas vías en esa fecha,no evaluado: fuera de la síntesis y de los denominadores; no cuenta como exclusión por contenido; reevaluable con acceso institucional o con el PDF,consultar el DOI con acceso institucional o solicitar el PDF a los autores
D-W2917554907,dirigida,W2917554907,False,sin resumen que verificar,solo título,10.22533/at.ed.2511918026,EXPERIÊNCIA DE USO DE MAPEAMENTO DE PROCESSOS DE NEGÓCIO COMO FERRAMENTA DE APOIO AO LEVANTAMENTO E ELICITAÇÃO DE REQUISITOS DE SOFTWARE,2019,1.ª pasada: no encontrado; arXiv por título: no encontrado,sin copia de acceso abierto localizada por DOI ni en arXiv,2,"recuperación por DOI (Unpaywall, Semantic Scholar, PubMed Central, enlaces de minería de Crossref, resolución del DOI) + búsqueda por título en la API de arXiv",1.ª pasada: unpaywall 200: no OA location; semantic_scholar 200: no openAccessPdf; pmc 200: no PMCID found; crossref_tdm : no TDM links in CrossRef; doi_resolve 404: HTTP 404 | arXiv: sin candidato,no se localizó una copia de acceso abierto por las vías probadas,2026-09-27,no demuestra que no exista una copia accesible: solo que no se localizó por estas vías en esa fecha,no evaluado: fuera de la síntesis y de los denominadores; no cuenta como exclusión por contenido; reevaluable con acceso institucional o con el PDF,consultar el DOI con acceso institucional o solicitar el PDF a los autores
W2983883424,principal,W2983883424,False,sin resumen que verificar,solo título,10.1007/978-981-15-0029-9_2,Toward Development Framework for Eliciting and Documenting Knowledge in Requirements Elicitation,2019,1.ª pasada: no encontrado; arXiv por título: no encontrado,sin copia de acceso abierto localizada por DOI ni en arXiv,2,"recuperación por DOI (Unpaywall, Semantic Scholar, PubMed Central, enlaces de minería de Crossref, resolución del DOI) + búsqueda por título en la API de arXiv",1.ª pasada: unpaywall 200: no OA location; semantic_scholar 200: no openAccessPdf; pmc 200: no PMCID found; crossref_tdm : no TDM links in CrossRef; doi_resolve 200: landing page accessible but full text requires HTML scraping — consider uploading PDF manually | arXiv: sin candidato,no se localizó una copia de acceso abierto por las vías probadas,2026-09-27,no demuestra que no exista una copia accesible: solo que no se localizó por estas vías en esa fecha,no evaluado: fuera de la síntesis y de los denominadores; no cuenta como exclusión por contenido; reevaluable con acceso institucional o con el PDF,consultar el DOI con acceso institucional o solicitar el PDF a los autores
W2614145427,principal,W2614145427,False,sin resumen que verificar,solo título,10.1007/978-3-319-58694-6_39,Ontology Learning from Software Requirements Specification (SRS),2017,1.ª pasada: no encontrado; reintento: no encontrado; arXiv por título: no encontrado,sin copia de acceso abierto localizada por DOI ni en arXiv,3,"recuperación por DOI (Unpaywall, Semantic Scholar, PubMed Central, enlaces de minería de Crossref, resolución del DOI) + búsqueda por título en la API de arXiv",1.ª pasada: unpaywall 200: no OA location; semantic_scholar 429: HTTP 429; pmc 200: no PMCID found; crossref_tdm : no TDM links in CrossRef; doi_resolve 200: landing page accessible but full text requires HTML scraping — consider uploading PDF manually | reintento: unpaywall 200: no OA location; semantic_scholar 200: no openAccessPdf; pmc 200: no PMCID found; crossref_tdm : no TDM links in CrossRef; doi_resolve 200: landing page accessible but full text requires HTML scraping — consider uploading PDF manually | arXiv: sin candidato,no se localizó una copia de acceso abierto por las vías probadas,2026-09-27,no demuestra que no exista una copia accesible: solo que no se localizó por estas vías en esa fecha,no evaluado: fuera de la síntesis y de los denominadores; no cuenta como exclusión por contenido; reevaluable con acceso institucional o con el PDF,consultar el DOI con acceso institucional o solicitar el PDF a los autores
D-W2982609373,dirigida,W2982609373,False,sin resumen que verificar,solo título,,La Elicitación de Requisitos No Funcionales en el Contexto de la Industria del Software: Un Reporte de Experiencias.,2018,arXiv por título: no encontrado,sin DOI: solo se buscó por título en arXiv,1,búsqueda por título en la API de arXiv,arXiv: sin candidato,"sin DOI: solo se buscó por título en arXiv, sin copia localizada",2026-09-27,no demuestra que no exista una copia accesible: solo que no se localizó por estas vías en esa fecha,no evaluado: fuera de la síntesis y de los denominadores; no cuenta como exclusión por contenido; reevaluable con acceso institucional o con el PDF,localizar la publicación por título y sede; solicitar el PDF
W4412043041,principal,W4412043041,False,sin resumen que verificar,solo título,10.1007/978-3-031-96096-3_26,"Requirements Extraction, Definition, and Design Using Retrieval Augmented Generation and Large Language Models",2025,1.ª pasada: no encontrado; reintento: no encontrado; arXiv por título: no encontrado,sin copia de acceso abierto localizada por DOI ni en arXiv,3,"recuperación por DOI (Unpaywall, Semantic Scholar, PubMed Central, enlaces de minería de Crossref, resolución del DOI) + búsqueda por título en la API de arXiv",1.ª pasada: crossref 502: CrossRef lookup failed — cannot verify DOI exists | reintento: unpaywall 200: no OA location; semantic_scholar 404: HTTP 404; pmc 200: no PMCID found; crossref_tdm : no TDM links in CrossRef; doi_resolve 200: landing page accessible but full text requires HTML scraping — consider uploading PDF manually | arXiv: sin candidato,no se localizó una copia de acceso abierto por las vías probadas,2026-09-27,no demuestra que no exista una copia accesible: solo que no se localizó por estas vías en esa fecha,no evaluado: fuera de la síntesis y de los denominadores; no cuenta como exclusión por contenido; reevaluable con acceso institucional o con el PDF,consultar el DOI con acceso institucional o solicitar el PDF a los autores
W2982819643,principal,W2982819643,False,sin resumen que verificar,solo título,10.1007/978-3-030-35646-0_9,SHACL Shapes Generation from Textual Documents,2019,1.ª pasada: no encontrado; arXiv por título: no encontrado,sin copia de acceso abierto localizada por DOI ni en arXiv,2,"recuperación por DOI (Unpaywall, Semantic Scholar, PubMed Central, enlaces de minería de Crossref, resolución del DOI) + búsqueda por título en la API de arXiv",1.ª pasada: unpaywall 200: no OA location; semantic_scholar 200: no openAccessPdf; pmc 200: no PMCID found; crossref_tdm : no TDM links in CrossRef; doi_resolve 200: landing page accessible but full text requires HTML scraping — consider uploading PDF manually | arXiv: sin candidato,no se localizó una copia de acceso abierto por las vías probadas,2026-09-27,no demuestra que no exista una copia accesible: solo que no se localizó por estas vías en esa fecha,no evaluado: fuera de la síntesis y de los denominadores; no cuenta como exclusión por contenido; reevaluable con acceso institucional o con el PDF,consultar el DOI con acceso institucional o solicitar el PDF a los autores
W7154160410,principal,W7154160410,False,sin resumen que verificar,solo título,10.1007/s13369-026-11242-w,Requirement Classification using Transfer Learning Models,2026,1.ª pasada: no encontrado; arXiv por título: no encontrado,sin copia de acceso abierto localizada por DOI ni en arXiv,2,"recuperación por DOI (Unpaywall, Semantic Scholar, PubMed Central, enlaces de minería de Crossref, resolución del DOI) + búsqueda por título en la API de arXiv",1.ª pasada: unpaywall 200: no OA location; semantic_scholar 200: no openAccessPdf; pmc 200: no PMCID found; crossref_tdm : no TDM link returned accessible content; doi_resolve 200: landing page accessible but full text requires HTML scraping — consider uploading PDF manually | arXiv: sin candidato,no se localizó una copia de acceso abierto por las vías probadas,2026-09-27,no demuestra que no exista una copia accesible: solo que no se localizó por estas vías en esa fecha,no evaluado: fuera de la síntesis y de los denominadores; no cuenta como exclusión por contenido; reevaluable con acceso institucional o con el PDF,consultar el DOI con acceso institucional o solicitar el PDF a los autores
W2611816619,principal,W2611816619,True,si,título y resumen,10.1109/skima.2016.7916218,Using ontology to enhance requirement engineering in agile software process,2016,1.ª pasada: no encontrado; reintento: no encontrado; arXiv por título: no encontrado,sin copia de acceso abierto localizada por DOI ni en arXiv,3,"recuperación por DOI (Unpaywall, Semantic Scholar, PubMed Central, enlaces de minería de Crossref, resolución del DOI) + búsqueda por título en la API de arXiv",1.ª pasada: crossref 502: CrossRef lookup failed — cannot verify DOI exists | reintento: unpaywall 200: no OA location; semantic_scholar 200: no openAccessPdf; pmc 200: no PMCID found; crossref_tdm : no TDM links in CrossRef; doi_resolve 202: HTTP 202 | arXiv: sin candidato,no se localizó una copia de acceso abierto por las vías probadas,2026-09-27,no demuestra que no exista una copia accesible: solo que no se localizó por estas vías en esa fecha,no evaluado: fuera de la síntesis y de los denominadores; no cuenta como exclusión por contenido; reevaluable con acceso institucional o con el PDF,consultar el DOI con acceso institucional o solicitar el PDF a los autores
W3014599045,principal,W3014599045,False,sin resumen que verificar,solo título,10.1007/978-3-030-30106-4_3,Modeling Software Requirements,2020,1.ª pasada: no encontrado; reintento: no encontrado; arXiv por título: no encontrado,sin copia de acceso abierto localizada por DOI ni en arXiv,3,"recuperación por DOI (Unpaywall, Semantic Scholar, PubMed Central, enlaces de minería de Crossref, resolución del DOI) + búsqueda por título en la API de arXiv",1.ª pasada: crossref 502: CrossRef lookup failed — cannot verify DOI exists | reintento: unpaywall 200: no OA location; semantic_scholar 200: no openAccessPdf; pmc 200: no PMCID found; crossref_tdm : no TDM links in CrossRef; doi_resolve 200: landing page accessible but full text requires HTML scraping — consider uploading PDF manually | arXiv: candidato 2108.04640v1 con Jaccard de título 0.38,no se localizó una copia de acceso abierto por las vías probadas,2026-09-27,no demuestra que no exista una copia accesible: solo que no se localizó por estas vías en esa fecha,no evaluado: fuera de la síntesis y de los denominadores; no cuenta como exclusión por contenido; reevaluable con acceso institucional o con el PDF,consultar el DOI con acceso institucional o solicitar el PDF a los autores
W4408162857,principal,W4408162857,False,sin resumen que verificar,solo título,10.1007/978-3-031-73143-3_2,Machine Learning for Requirements Classification,2025,1.ª pasada: no encontrado; arXiv por título: no encontrado,sin copia de acceso abierto localizada por DOI ni en arXiv,2,"recuperación por DOI (Unpaywall, Semantic Scholar, PubMed Central, enlaces de minería de Crossref, resolución del DOI) + búsqueda por título en la API de arXiv",1.ª pasada: unpaywall 200: no OA location; semantic_scholar 404: HTTP 404; pmc 200: no PMCID found; crossref_tdm : no TDM links in CrossRef; doi_resolve 200: landing page accessible but full text requires HTML scraping — consider uploading PDF manually | arXiv: candidato 2302.12599v1 con Jaccard de título 0.62,no se localizó una copia de acceso abierto por las vías probadas,2026-09-27,no demuestra que no exista una copia accesible: solo que no se localizó por estas vías en esa fecha,no evaluado: fuera de la síntesis y de los denominadores; no cuenta como exclusión por contenido; reevaluable con acceso institucional o con el PDF,consultar el DOI con acceso institucional o solicitar el PDF a los autores
D-W3184167715,dirigida,W3184167715,False,sin resumen que verificar,solo título,,Modelo de Asociación e Identificación de Conflictos en Requisitos no Funcionales Empleando Escenarios y Casos de Uso,2018,arXiv por título: no encontrado,sin DOI: solo se buscó por título en arXiv,1,búsqueda por título en la API de arXiv,arXiv: sin candidato,"sin DOI: solo se buscó por título en arXiv, sin copia localizada",2026-09-27,no demuestra que no exista una copia accesible: solo que no se localizó por estas vías en esa fecha,no evaluado: fuera de la síntesis y de los denominadores; no cuenta como exclusión por contenido; reevaluable con acceso institucional o con el PDF,localizar la publicación por título y sede; solicitar el PDF
W4409666485,principal,W4409666485,False,sin resumen que verificar,solo título,10.1007/978-3-031-85930-4_13,Leveraging Chat-GPT to Generate Educational Assessment Materials for Software Engineering,2025,1.ª pasada: no encontrado; arXiv por título: no encontrado,sin copia de acceso abierto localizada por DOI ni en arXiv,2,"recuperación por DOI (Unpaywall, Semantic Scholar, PubMed Central, enlaces de minería de Crossref, resolución del DOI) + búsqueda por título en la API de arXiv",1.ª pasada: unpaywall 200: no OA location; semantic_scholar 404: HTTP 404; pmc 200: no PMCID found; crossref_tdm : no TDM links in CrossRef; doi_resolve 200: landing page accessible but full text requires HTML scraping — consider uploading PDF manually | arXiv: sin candidato,no se localizó una copia de acceso abierto por las vías probadas,2026-09-27,no demuestra que no exista una copia accesible: solo que no se localizó por estas vías en esa fecha,no evaluado: fuera de la síntesis y de los denominadores; no cuenta como exclusión por contenido; reevaluable con acceso institucional o con el PDF,consultar el DOI con acceso institucional o solicitar el PDF a los autores
W4393315148,principal,W4393315148,False,sin resumen que verificar,solo título,10.1007/978-3-031-57327-9_4,Learning to Rank Privacy Design Patterns: A Semantic Approach to Meeting Privacy Requirements,2024,1.ª pasada: no encontrado; arXiv por título: no encontrado,sin copia de acceso abierto localizada por DOI ni en arXiv,2,"recuperación por DOI (Unpaywall, Semantic Scholar, PubMed Central, enlaces de minería de Crossref, resolución del DOI) + búsqueda por título en la API de arXiv",1.ª pasada: unpaywall 200: no OA location; semantic_scholar 200: no openAccessPdf; pmc 200: no PMCID found; crossref_tdm : no TDM links in CrossRef; doi_resolve 200: landing page accessible but full text requires HTML scraping — consider uploading PDF manually | arXiv: sin candidato,no se localizó una copia de acceso abierto por las vías probadas,2026-09-27,no demuestra que no exista una copia accesible: solo que no se localizó por estas vías en esa fecha,no evaluado: fuera de la síntesis y de los denominadores; no cuenta como exclusión por contenido; reevaluable con acceso institucional o con el PDF,consultar el DOI con acceso institucional o solicitar el PDF a los autores
W2473847603,principal,W2473847603,False,sin resumen que verificar,solo título,10.1007/978-3-319-33245-1_14,Towards a Core Ontology of Occupational Safety and Health,2016,1.ª pasada: no encontrado; arXiv por título: no encontrado,sin copia de acceso abierto localizada por DOI ni en arXiv,2,"recuperación por DOI (Unpaywall, Semantic Scholar, PubMed Central, enlaces de minería de Crossref, resolución del DOI) + búsqueda por título en la API de arXiv",1.ª pasada: unpaywall 200: no OA location; semantic_scholar 200: no openAccessPdf; pmc 200: no PMCID found; crossref_tdm : no TDM links in CrossRef; doi_resolve 200: landing page accessible but full text requires HTML scraping — consider uploading PDF manually | arXiv: sin candidato,no se localizó una copia de acceso abierto por las vías probadas,2026-09-27,no demuestra que no exista una copia accesible: solo que no se localizó por estas vías en esa fecha,no evaluado: fuera de la síntesis y de los denominadores; no cuenta como exclusión por contenido; reevaluable con acceso institucional o con el PDF,consultar el DOI con acceso institucional o solicitar el PDF a los autores
W55103004,principal,W55103004,False,sin resumen que verificar,solo título,10.1016/bs.adcom.2014.10.003,Advances in Behavior Modeling,2015,1.ª pasada: no encontrado; arXiv por título: no encontrado,sin copia de acceso abierto localizada por DOI ni en arXiv,2,"recuperación por DOI (Unpaywall, Semantic Scholar, PubMed Central, enlaces de minería de Crossref, resolución del DOI) + búsqueda por título en la API de arXiv",1.ª pasada: unpaywall 200: no OA location; semantic_scholar 200: no openAccessPdf; pmc 200: no PMCID found; crossref_tdm : no TDM link returned accessible content; doi_resolve 200: landing page accessible but full text requires HTML scraping — consider uploading PDF manually | arXiv: candidato 2101.01325v1 con Jaccard de título 0.25,no se localizó una copia de acceso abierto por las vías probadas,2026-09-27,no demuestra que no exista una copia accesible: solo que no se localizó por estas vías en esa fecha,no evaluado: fuera de la síntesis y de los denominadores; no cuenta como exclusión por contenido; reevaluable con acceso institucional o con el PDF,consultar el DOI con acceso institucional o solicitar el PDF a los autores
W4412746365,principal,W4412746365,False,sin resumen que verificar,solo título,10.1016/j.cose.2025.104605,Enhancing security requirements specification with SECRET-SCORE: A template-driven and ontology-based approach,2025,1.ª pasada: no encontrado; arXiv por título: no encontrado,sin copia de acceso abierto localizada por DOI ni en arXiv,2,"recuperación por DOI (Unpaywall, Semantic Scholar, PubMed Central, enlaces de minería de Crossref, resolución del DOI) + búsqueda por título en la API de arXiv",1.ª pasada: unpaywall 200: no OA location; semantic_scholar 200: no openAccessPdf; pmc 200: no PMCID found; crossref_tdm : no TDM link returned accessible content; doi_resolve 200: landing page accessible but full text requires HTML scraping — consider uploading PDF manually | arXiv: sin candidato,no se localizó una copia de acceso abierto por las vías probadas,2026-09-27,no demuestra que no exista una copia accesible: solo que no se localizó por estas vías en esa fecha,no evaluado: fuera de la síntesis y de los denominadores; no cuenta como exclusión por contenido; reevaluable con acceso institucional o con el PDF,consultar el DOI con acceso institucional o solicitar el PDF a los autores
D-W4239846734,dirigida,W4239846734,False,sin resumen que verificar,solo título,10.22533/at.ed.02919190311,A INFLUÊNCIA DO LEAN SOFTWARE DEVELOPMENT NA ENGENHARIA DE REQUISITOS DE SOFTWARE,2019,1.ª pasada: no encontrado; arXiv por título: no encontrado,sin copia de acceso abierto localizada por DOI ni en arXiv,2,"recuperación por DOI (Unpaywall, Semantic Scholar, PubMed Central, enlaces de minería de Crossref, resolución del DOI) + búsqueda por título en la API de arXiv",1.ª pasada: unpaywall 200: no OA location; semantic_scholar 404: HTTP 404; pmc 200: no PMCID found; crossref_tdm : no TDM links in CrossRef; doi_resolve 404: HTTP 404 | arXiv: sin candidato,no se localizó una copia de acceso abierto por las vías probadas,2026-09-27,no demuestra que no exista una copia accesible: solo que no se localizó por estas vías en esa fecha,no evaluado: fuera de la síntesis y de los denominadores; no cuenta como exclusión por contenido; reevaluable con acceso institucional o con el PDF,consultar el DOI con acceso institucional o solicitar el PDF a los autores
W4392367586,principal,W4392367586,False,sin resumen que verificar,solo título,10.1007/s00766-024-00413-6,GRLMerger: an automatic approach for integrating GRL models,2024,1.ª pasada: no encontrado; arXiv por título: no encontrado,sin copia de acceso abierto localizada por DOI ni en arXiv,2,"recuperación por DOI (Unpaywall, Semantic Scholar, PubMed Central, enlaces de minería de Crossref, resolución del DOI) + búsqueda por título en la API de arXiv",1.ª pasada: unpaywall 200: no OA location; semantic_scholar 200: no openAccessPdf; pmc 200: no PMCID found; crossref_tdm : no TDM link returned accessible content; doi_resolve 200: landing page accessible but full text requires HTML scraping — consider uploading PDF manually | arXiv: sin candidato,no se localizó una copia de acceso abierto por las vías probadas,2026-09-27,no demuestra que no exista una copia accesible: solo que no se localizó por estas vías en esa fecha,no evaluado: fuera de la síntesis y de los denominadores; no cuenta como exclusión por contenido; reevaluable con acceso institucional o con el PDF,consultar el DOI con acceso institucional o solicitar el PDF a los autores
W4406870925,principal,W4406870925,False,sin resumen que verificar,solo título,10.1007/978-3-031-78952-6_1,The Role of Generative AI in Competency Question Retrofitting,2025,1.ª pasada: no encontrado; arXiv por título: no encontrado,sin copia de acceso abierto localizada por DOI ni en arXiv,2,"recuperación por DOI (Unpaywall, Semantic Scholar, PubMed Central, enlaces de minería de Crossref, resolución del DOI) + búsqueda por título en la API de arXiv",1.ª pasada: unpaywall 200: no OA location; semantic_scholar 200: no openAccessPdf; pmc 200: no PMCID found; crossref_tdm : no TDM links in CrossRef; doi_resolve 200: landing page accessible but full text requires HTML scraping — consider uploading PDF manually | arXiv: sin candidato,no se localizó una copia de acceso abierto por las vías probadas,2026-09-27,no demuestra que no exista una copia accesible: solo que no se localizó por estas vías en esa fecha,no evaluado: fuera de la síntesis y de los denominadores; no cuenta como exclusión por contenido; reevaluable con acceso institucional o con el PDF,consultar el DOI con acceso institucional o solicitar el PDF a los autores
W4408840153,principal,W4408840153,False,sin resumen que verificar,solo título,10.1007/978-3-031-73143-3_1,Handbook on Natural Language Processing for Requirements Engineering: Overview,2025,1.ª pasada: no encontrado; arXiv por título: no encontrado,sin copia de acceso abierto localizada por DOI ni en arXiv,2,"recuperación por DOI (Unpaywall, Semantic Scholar, PubMed Central, enlaces de minería de Crossref, resolución del DOI) + búsqueda por título en la API de arXiv",1.ª pasada: unpaywall 200: no OA location; semantic_scholar 404: HTTP 404; pmc 200: no PMCID found; crossref_tdm : no TDM links in CrossRef; doi_resolve 200: landing page accessible but full text requires HTML scraping — consider uploading PDF manually | arXiv: sin candidato,no se localizó una copia de acceso abierto por las vías probadas,2026-09-27,no demuestra que no exista una copia accesible: solo que no se localizó por estas vías en esa fecha,no evaluado: fuera de la síntesis y de los denominadores; no cuenta como exclusión por contenido; reevaluable con acceso institucional o con el PDF,consultar el DOI con acceso institucional o solicitar el PDF a los autores
W7163356799,principal,W7163356799,False,sin resumen que verificar,solo título,10.1016/j.jss.2026.112934,"CSAML: A language for aerospace control software architecture synthesis — Modeling, refinement, and verification",2026,1.ª pasada: no encontrado; arXiv por título: no encontrado,sin copia de acceso abierto localizada por DOI ni en arXiv,2,"recuperación por DOI (Unpaywall, Semantic Scholar, PubMed Central, enlaces de minería de Crossref, resolución del DOI) + búsqueda por título en la API de arXiv",1.ª pasada: unpaywall 200: no OA location; semantic_scholar 200: no openAccessPdf; pmc 200: no PMCID found; crossref_tdm : no TDM link returned accessible content; doi_resolve 200: landing page accessible but full text requires HTML scraping — consider uploading PDF manually | arXiv: sin candidato,no se localizó una copia de acceso abierto por las vías probadas,2026-09-27,no demuestra que no exista una copia accesible: solo que no se localizó por estas vías en esa fecha,no evaluado: fuera de la síntesis y de los denominadores; no cuenta como exclusión por contenido; reevaluable con acceso institucional o con el PDF,consultar el DOI con acceso institucional o solicitar el PDF a los autores
W4403228984,principal,W4403228984,False,sin resumen que verificar,solo título,10.1007/978-3-031-73709-1_12,Can AI Help with the Formalization of Railway Cybersecurity Requirements?,2024,1.ª pasada: no encontrado; arXiv por título: no encontrado,sin copia de acceso abierto localizada por DOI ni en arXiv,2,"recuperación por DOI (Unpaywall, Semantic Scholar, PubMed Central, enlaces de minería de Crossref, resolución del DOI) + búsqueda por título en la API de arXiv",1.ª pasada: unpaywall 200: no OA location; semantic_scholar 200: no openAccessPdf; pmc 200: no PMCID found; crossref_tdm : no TDM links in CrossRef; doi_resolve 200: landing page accessible but full text requires HTML scraping — consider uploading PDF manually | arXiv: sin candidato,no se localizó una copia de acceso abierto por las vías probadas,2026-09-27,no demuestra que no exista una copia accesible: solo que no se localizó por estas vías en esa fecha,no evaluado: fuera de la síntesis y de los denominadores; no cuenta como exclusión por contenido; reevaluable con acceso institucional o con el PDF,consultar el DOI con acceso institucional o solicitar el PDF a los autores
W4404355356,principal,W4404355356,False,sin resumen que verificar,solo título,10.1007/978-3-031-77000-5_1,Extracting Tuple-Based Service Demands with Large Language Models for Automated Service Composition,2024,1.ª pasada: no encontrado; arXiv por título: no encontrado,sin copia de acceso abierto localizada por DOI ni en arXiv,2,"recuperación por DOI (Unpaywall, Semantic Scholar, PubMed Central, enlaces de minería de Crossref, resolución del DOI) + búsqueda por título en la API de arXiv",1.ª pasada: unpaywall 200: no OA location; semantic_scholar 200: no openAccessPdf; pmc 200: no PMCID found; crossref_tdm : no TDM links in CrossRef; doi_resolve 200: landing page accessible but full text requires HTML scraping — consider uploading PDF manually | arXiv: sin candidato,no se localizó una copia de acceso abierto por las vías probadas,2026-09-27,no demuestra que no exista una copia accesible: solo que no se localizó por estas vías en esa fecha,no evaluado: fuera de la síntesis y de los denominadores; no cuenta como exclusión por contenido; reevaluable con acceso institucional o con el PDF,consultar el DOI con acceso institucional o solicitar el PDF a los autores
W2293582102,principal,W2293582102,False,sin resumen que verificar,solo título,10.1007/978-3-319-25017-5_38,A Semantic Driven Approach for Consistency Verification Between Requirements and FMEA,2015,1.ª pasada: no encontrado; arXiv por título: no encontrado,sin copia de acceso abierto localizada por DOI ni en arXiv,2,"recuperación por DOI (Unpaywall, Semantic Scholar, PubMed Central, enlaces de minería de Crossref, resolución del DOI) + búsqueda por título en la API de arXiv",1.ª pasada: unpaywall 200: no OA location; semantic_scholar 200: no openAccessPdf; pmc 200: no PMCID found; crossref_tdm : no TDM links in CrossRef; doi_resolve 200: landing page accessible but full text requires HTML scraping — consider uploading PDF manually | arXiv: sin candidato,no se localizó una copia de acceso abierto por las vías probadas,2026-09-27,no demuestra que no exista una copia accesible: solo que no se localizó por estas vías en esa fecha,no evaluado: fuera de la síntesis y de los denominadores; no cuenta como exclusión por contenido; reevaluable con acceso institucional o con el PDF,consultar el DOI con acceso institucional o solicitar el PDF a los autores
W2286396457,principal,W2286396457,True,si,título y resumen,10.1109/iciict.2015.7396079,Ontology construction for explicit description of domain knowledge,2015,1.ª pasada: no encontrado; arXiv por título: no encontrado,sin copia de acceso abierto localizada por DOI ni en arXiv,2,"recuperación por DOI (Unpaywall, Semantic Scholar, PubMed Central, enlaces de minería de Crossref, resolución del DOI) + búsqueda por título en la API de arXiv",1.ª pasada: unpaywall 200: no OA location; semantic_scholar 200: no openAccessPdf; pmc 200: no PMCID found; crossref_tdm : no TDM links in CrossRef; doi_resolve 202: HTTP 202 | arXiv: sin candidato,no se localizó una copia de acceso abierto por las vías probadas,2026-09-27,no demuestra que no exista una copia accesible: solo que no se localizó por estas vías en esa fecha,no evaluado: fuera de la síntesis y de los denominadores; no cuenta como exclusión por contenido; reevaluable con acceso institucional o con el PDF,consultar el DOI con acceso institucional o solicitar el PDF a los autores
W4401853184,principal,W4401853184,False,sin resumen que verificar,solo título,10.1016/j.scico.2024.103186,A hybrid approach to extract conceptual diagram from software requirements,2024,1.ª pasada: no encontrado; arXiv por título: no encontrado,sin copia de acceso abierto localizada por DOI ni en arXiv,2,"recuperación por DOI (Unpaywall, Semantic Scholar, PubMed Central, enlaces de minería de Crossref, resolución del DOI) + búsqueda por título en la API de arXiv",1.ª pasada: unpaywall 200: no OA location; semantic_scholar 200: no openAccessPdf; pmc 200: no PMCID found; crossref_tdm : no TDM link returned accessible content; doi_resolve 200: landing page accessible but full text requires HTML scraping — consider uploading PDF manually | arXiv: sin candidato,no se localizó una copia de acceso abierto por las vías probadas,2026-09-27,no demuestra que no exista una copia accesible: solo que no se localizó por estas vías en esa fecha,no evaluado: fuera de la síntesis y de los denominadores; no cuenta como exclusión por contenido; reevaluable con acceso institucional o con el PDF,consultar el DOI con acceso institucional o solicitar el PDF a los autores
W7160380525,principal,W7160380525,False,sin resumen que verificar,solo título,10.1007/978-3-032-15112-4_40,Ethical Requirements for AI Systems in Finance,2026,1.ª pasada: no encontrado; arXiv por título: no encontrado,sin copia de acceso abierto localizada por DOI ni en arXiv,2,"recuperación por DOI (Unpaywall, Semantic Scholar, PubMed Central, enlaces de minería de Crossref, resolución del DOI) + búsqueda por título en la API de arXiv",1.ª pasada: unpaywall 200: no OA location; semantic_scholar 404: HTTP 404; pmc 200: no PMCID found; crossref_tdm : no TDM links in CrossRef; doi_resolve 200: landing page accessible but full text requires HTML scraping — consider uploading PDF manually | arXiv: sin candidato,no se localizó una copia de acceso abierto por las vías probadas,2026-09-27,no demuestra que no exista una copia accesible: solo que no se localizó por estas vías en esa fecha,no evaluado: fuera de la síntesis y de los denominadores; no cuenta como exclusión por contenido; reevaluable con acceso institucional o con el PDF,consultar el DOI con acceso institucional o solicitar el PDF a los autores
W4413451213,principal,W4413451213,False,sin resumen que verificar,solo título,10.1016/j.jss.2025.112594,Hybrid approach for multilevel multi-class requirement classification: Impact of stop-word removal and data augmentation,2025,1.ª pasada: no encontrado; arXiv por título: no encontrado,sin copia de acceso abierto localizada por DOI ni en arXiv,2,"recuperación por DOI (Unpaywall, Semantic Scholar, PubMed Central, enlaces de minería de Crossref, resolución del DOI) + búsqueda por título en la API de arXiv",1.ª pasada: unpaywall 200: no OA location; semantic_scholar 200: no openAccessPdf; pmc 200: no PMCID found; crossref_tdm : no TDM link returned accessible content; doi_resolve 200: landing page accessible but full text requires HTML scraping — consider uploading PDF manually | arXiv: sin candidato,no se localizó una copia de acceso abierto por las vías probadas,2026-09-27,no demuestra que no exista una copia accesible: solo que no se localizó por estas vías en esa fecha,no evaluado: fuera de la síntesis y de los denominadores; no cuenta como exclusión por contenido; reevaluable con acceso institucional o con el PDF,consultar el DOI con acceso institucional o solicitar el PDF a los autores
W2560676530,principal,W2560676530,False,sin resumen que verificar,solo título,10.1007/978-3-319-51055-2_16,Towards an Ontology of Requirements for Pervasive Games Based Learning Systems: A Requirements Engineering Perspective,2016,1.ª pasada: no encontrado; arXiv por título: no encontrado,sin copia de acceso abierto localizada por DOI ni en arXiv,2,"recuperación por DOI (Unpaywall, Semantic Scholar, PubMed Central, enlaces de minería de Crossref, resolución del DOI) + búsqueda por título en la API de arXiv",1.ª pasada: unpaywall 200: no OA location; semantic_scholar 200: no openAccessPdf; pmc 200: no PMCID found; crossref_tdm : no TDM links in CrossRef; doi_resolve 200: landing page accessible but full text requires HTML scraping — consider uploading PDF manually | arXiv: sin candidato,no se localizó una copia de acceso abierto por las vías probadas,2026-09-27,no demuestra que no exista una copia accesible: solo que no se localizó por estas vías en esa fecha,no evaluado: fuera de la síntesis y de los denominadores; no cuenta como exclusión por contenido; reevaluable con acceso institucional o con el PDF,consultar el DOI con acceso institucional o solicitar el PDF a los autores
W4402400535,principal,W4402400535,False,sin resumen que verificar,solo título,10.1007/978-3-031-70245-7_17,Classification of Crowd-Based Software Requirements via Unsupervised Learning,2024,1.ª pasada: no encontrado; arXiv por título: no encontrado,sin copia de acceso abierto localizada por DOI ni en arXiv,2,"recuperación por DOI (Unpaywall, Semantic Scholar, PubMed Central, enlaces de minería de Crossref, resolución del DOI) + búsqueda por título en la API de arXiv",1.ª pasada: unpaywall 200: no OA location; semantic_scholar 200: no openAccessPdf; pmc 200: no PMCID found; crossref_tdm : no TDM links in CrossRef; doi_resolve 200: landing page accessible but full text requires HTML scraping — consider uploading PDF manually | arXiv: sin candidato,no se localizó una copia de acceso abierto por las vías probadas,2026-09-27,no demuestra que no exista una copia accesible: solo que no se localizó por estas vías en esa fecha,no evaluado: fuera de la síntesis y de los denominadores; no cuenta como exclusión por contenido; reevaluable con acceso institucional o con el PDF,consultar el DOI con acceso institucional o solicitar el PDF a los autores
W4367021275,principal,W4367021275,True,dudoso,título y resumen,10.5220/0011994400003464,Extracting Queryable Knowledge Graphs from User Stories: An Empirical Evaluation,2023,1.ª pasada: no encontrado; arXiv por título: no encontrado,sin copia de acceso abierto localizada por DOI ni en arXiv,2,"recuperación por DOI (Unpaywall, Semantic Scholar, PubMed Central, enlaces de minería de Crossref, resolución del DOI) + búsqueda por título en la API de arXiv","1.ª pasada: unpaywall 200: no OA location; semantic_scholar : URL is a DOI redirect, not a direct PDF; pmc 200: no PMCID found; crossref_tdm : no TDM links in CrossRef; doi_resolve 200: landing page accessible but full text requires HTML scraping — consider uploading PDF manually | arXiv: sin candidato",no se localizó una copia de acceso abierto por las vías probadas,2026-09-27,no demuestra que no exista una copia accesible: solo que no se localizó por estas vías en esa fecha,no evaluado: fuera de la síntesis y de los denominadores; no cuenta como exclusión por contenido; reevaluable con acceso institucional o con el PDF,consultar el DOI con acceso institucional o solicitar el PDF a los autores
W2248592387,principal,W2248592387,False,sin resumen que verificar,solo título,10.1016/j.infsof.2015.12.011,Automated COSMIC Function Point measurement using a requirements engineering ontology,2016,1.ª pasada: no encontrado; arXiv por título: no encontrado,sin copia de acceso abierto localizada por DOI ni en arXiv,2,"recuperación por DOI (Unpaywall, Semantic Scholar, PubMed Central, enlaces de minería de Crossref, resolución del DOI) + búsqueda por título en la API de arXiv",1.ª pasada: unpaywall 200: no OA location; semantic_scholar 200: no openAccessPdf; pmc 200: no PMCID found; crossref_tdm : no TDM link returned accessible content; doi_resolve 200: landing page accessible but full text requires HTML scraping — consider uploading PDF manually | arXiv: sin candidato,no se localizó una copia de acceso abierto por las vías probadas,2026-09-27,no demuestra que no exista una copia accesible: solo que no se localizó por estas vías en esa fecha,no evaluado: fuera de la síntesis y de los denominadores; no cuenta como exclusión por contenido; reevaluable con acceso institucional o con el PDF,consultar el DOI con acceso institucional o solicitar el PDF a los autores
W1825009991,principal,W1825009991,False,sin resumen que verificar,solo título,10.1007/s00766-015-0233-3,The role of distances in requirements communication: a case study,2015,1.ª pasada: no encontrado; arXiv por título: no encontrado,sin copia de acceso abierto localizada por DOI ni en arXiv,2,"recuperación por DOI (Unpaywall, Semantic Scholar, PubMed Central, enlaces de minería de Crossref, resolución del DOI) + búsqueda por título en la API de arXiv",1.ª pasada: unpaywall 200: no OA location; semantic_scholar 200: no openAccessPdf; pmc 200: no PMCID found; crossref_tdm : no TDM link returned accessible content; doi_resolve 200: landing page accessible but full text requires HTML scraping — consider uploading PDF manually | arXiv: sin candidato,no se localizó una copia de acceso abierto por las vías probadas,2026-09-27,no demuestra que no exista una copia accesible: solo que no se localizó por estas vías en esa fecha,no evaluado: fuera de la síntesis y de los denominadores; no cuenta como exclusión por contenido; reevaluable con acceso institucional o con el PDF,consultar el DOI con acceso institucional o solicitar el PDF a los autores
W4220979487,principal,W4220979487,False,sin resumen que verificar,solo título,10.1016/j.aei.2022.101557,Natural language generation and deep learning for intelligent building codes,2022,1.ª pasada: no encontrado; arXiv por título: no encontrado,sin copia de acceso abierto localizada por DOI ni en arXiv,2,"recuperación por DOI (Unpaywall, Semantic Scholar, PubMed Central, enlaces de minería de Crossref, resolución del DOI) + búsqueda por título en la API de arXiv",1.ª pasada: unpaywall 200: no OA location; semantic_scholar 200: no openAccessPdf; pmc 200: no PMCID found; crossref_tdm : no TDM link returned accessible content; doi_resolve 200: landing page accessible but full text requires HTML scraping — consider uploading PDF manually | arXiv: sin candidato,no se localizó una copia de acceso abierto por las vías probadas,2026-09-27,no demuestra que no exista una copia accesible: solo que no se localizó por estas vías en esa fecha,no evaluado: fuera de la síntesis y de los denominadores; no cuenta como exclusión por contenido; reevaluable con acceso institucional o con el PDF,consultar el DOI con acceso institucional o solicitar el PDF a los autores
W2891130414,principal,W2891130414,True,si,título y resumen,10.14569/ijacsa.2018.090832,Impact and Challenges of Requirements Management in Enterprise Resource Planning (ERP) via ERP Thesaurus,2018,1.ª pasada: no encontrado; arXiv por título: no encontrado,sin copia de acceso abierto localizada por DOI ni en arXiv,2,"recuperación por DOI (Unpaywall, Semantic Scholar, PubMed Central, enlaces de minería de Crossref, resolución del DOI) + búsqueda por título en la API de arXiv",1.ª pasada: unpaywall 200: no OA location returned valid PDF; semantic_scholar : SafeFetchError: safeFetch: https-only (got http://) — http://thesai.org/Downloads/Volume9No8/Paper_32-Impact_and_Challenges_of_Requirements_Management.pdf; pmc 200: no PMCID found; crossref_tdm : no TDM links in CrossRef; doi_resolve 200: landing page accessible but full text requires HTML scraping — consider uploading PDF manually | arXiv: sin candidato,no se localizó una copia de acceso abierto por las vías probadas,2026-09-27,no demuestra que no exista una copia accesible: solo que no se localizó por estas vías en esa fecha,no evaluado: fuera de la síntesis y de los denominadores; no cuenta como exclusión por contenido; reevaluable con acceso institucional o con el PDF,consultar el DOI con acceso institucional o solicitar el PDF a los autores
W3138862798,principal,W3138862798,True,si,título y resumen,10.1155/2021/6616564,An Intelligent Analytics Approach to Minimize Complexity in Ambiguous Software Requirements,2021,1.ª pasada: no encontrado; arXiv por título: no encontrado,sin copia de acceso abierto localizada por DOI ni en arXiv,2,"recuperación por DOI (Unpaywall, Semantic Scholar, PubMed Central, enlaces de minería de Crossref, resolución del DOI) + búsqueda por título en la API de arXiv",1.ª pasada: unpaywall 200: no OA location returned valid PDF; semantic_scholar : PDF fetch failed: 403; pmc 200: no PMCID found; crossref_tdm : no TDM link returned accessible content; doi_resolve 403: HTTP 403 | arXiv: sin candidato,no se localizó una copia de acceso abierto por las vías probadas,2026-09-27,no demuestra que no exista una copia accesible: solo que no se localizó por estas vías en esa fecha,no evaluado: fuera de la síntesis y de los denominadores; no cuenta como exclusión por contenido; reevaluable con acceso institucional o con el PDF,consultar el DOI con acceso institucional o solicitar el PDF a los autores
W4400806047,principal,W4400806047,False,sin resumen que verificar,solo título,10.1007/s00766-024-00428-z,A natural language-based method to specify privacy requirements: an evaluation with practitioners,2024,1.ª pasada: no encontrado; reintento: no encontrado; arXiv por título: no encontrado,sin copia de acceso abierto localizada por DOI ni en arXiv,3,"recuperación por DOI (Unpaywall, Semantic Scholar, PubMed Central, enlaces de minería de Crossref, resolución del DOI) + búsqueda por título en la API de arXiv",1.ª pasada: crossref 502: CrossRef lookup failed — cannot verify DOI exists | reintento: unpaywall 200: no OA location; semantic_scholar 200: no openAccessPdf; pmc 200: no PMCID found; crossref_tdm : no TDM link returned accessible content; doi_resolve 200: landing page accessible but full text requires HTML scraping — consider uploading PDF manually | arXiv: sin candidato,no se localizó una copia de acceso abierto por las vías probadas,2026-09-27,no demuestra que no exista una copia accesible: solo que no se localizó por estas vías en esa fecha,no evaluado: fuera de la síntesis y de los denominadores; no cuenta como exclusión por contenido; reevaluable con acceso institucional o con el PDF,consultar el DOI con acceso institucional o solicitar el PDF a los autores
W4414376521,principal,W4414376521,False,sin resumen que verificar,solo título,10.1007/978-3-032-05073-1_16,From Natural Language Requirement Specifications to Logic Properties,2025,1.ª pasada: no encontrado; arXiv por título: no encontrado,sin copia de acceso abierto localizada por DOI ni en arXiv,2,"recuperación por DOI (Unpaywall, Semantic Scholar, PubMed Central, enlaces de minería de Crossref, resolución del DOI) + búsqueda por título en la API de arXiv",1.ª pasada: unpaywall 200: no OA location; semantic_scholar 200: no openAccessPdf; pmc 200: no PMCID found; crossref_tdm : no TDM links in CrossRef; doi_resolve 200: landing page accessible but full text requires HTML scraping — consider uploading PDF manually | arXiv: sin candidato,no se localizó una copia de acceso abierto por las vías probadas,2026-09-27,no demuestra que no exista una copia accesible: solo que no se localizó por estas vías en esa fecha,no evaluado: fuera de la síntesis y de los denominadores; no cuenta como exclusión por contenido; reevaluable con acceso institucional o con el PDF,consultar el DOI con acceso institucional o solicitar el PDF a los autores
D-W2767103840,dirigida,W2767103840,False,sin resumen que verificar,solo título,,Análisis de impacto en un marco de ingeniería de requisitos basada en pruebas de aceptación,2017,arXiv por título: no encontrado,sin DOI: solo se buscó por título en arXiv,1,búsqueda por título en la API de arXiv,arXiv: sin candidato,"sin DOI: solo se buscó por título en arXiv, sin copia localizada",2026-09-27,no demuestra que no exista una copia accesible: solo que no se localizó por estas vías en esa fecha,no evaluado: fuera de la síntesis y de los denominadores; no cuenta como exclusión por contenido; reevaluable con acceso institucional o con el PDF,localizar la publicación por título y sede; solicitar el PDF
W2753115148,principal,W2753115148,False,sin resumen que verificar,solo título,10.1007/978-3-319-64861-3_71,Forming System Requirements for Software Development Using Semantic Technology,2017,1.ª pasada: no encontrado; arXiv por título: no encontrado,sin copia de acceso abierto localizada por DOI ni en arXiv,2,"recuperación por DOI (Unpaywall, Semantic Scholar, PubMed Central, enlaces de minería de Crossref, resolución del DOI) + búsqueda por título en la API de arXiv",1.ª pasada: unpaywall 200: no OA location; semantic_scholar 200: no openAccessPdf; pmc 200: no PMCID found; crossref_tdm : no TDM links in CrossRef; doi_resolve 200: landing page accessible but full text requires HTML scraping — consider uploading PDF manually | arXiv: sin candidato,no se localizó una copia de acceso abierto por las vías probadas,2026-09-27,no demuestra que no exista una copia accesible: solo que no se localizó por estas vías en esa fecha,no evaluado: fuera de la síntesis y de los denominadores; no cuenta como exclusión por contenido; reevaluable con acceso institucional o con el PDF,consultar el DOI con acceso institucional o solicitar el PDF a los autores
W4402968895,principal,W4402968895,False,sin resumen que verificar,solo título,10.1016/j.jss.2024.112231,Model-based safety analysis of requirement specifications,2024,1.ª pasada: no encontrado; arXiv por título: no encontrado,sin copia de acceso abierto localizada por DOI ni en arXiv,2,"recuperación por DOI (Unpaywall, Semantic Scholar, PubMed Central, enlaces de minería de Crossref, resolución del DOI) + búsqueda por título en la API de arXiv",1.ª pasada: unpaywall 200: no OA location; semantic_scholar 200: no openAccessPdf; pmc 200: no PMCID found; crossref_tdm : no TDM link returned accessible content; doi_resolve 200: landing page accessible but full text requires HTML scraping — consider uploading PDF manually | arXiv: sin candidato,no se localizó una copia de acceso abierto por las vías probadas,2026-09-27,no demuestra que no exista una copia accesible: solo que no se localizó por estas vías en esa fecha,no evaluado: fuera de la síntesis y de los denominadores; no cuenta como exclusión por contenido; reevaluable con acceso institucional o con el PDF,consultar el DOI con acceso institucional o solicitar el PDF a los autores
W3152451932,principal,W3152451932,False,sin resumen que verificar,solo título,10.1007/978-3-030-73128-1_3,Improving Trace Link Recovery Using Semantic Relation Graphs and Spreading Activation,2021,1.ª pasada: no encontrado; arXiv por título: no encontrado,sin copia de acceso abierto localizada por DOI ni en arXiv,2,"recuperación por DOI (Unpaywall, Semantic Scholar, PubMed Central, enlaces de minería de Crossref, resolución del DOI) + búsqueda por título en la API de arXiv",1.ª pasada: unpaywall 200: no OA location; semantic_scholar 200: no openAccessPdf; pmc 200: no PMCID found; crossref_tdm : no TDM links in CrossRef; doi_resolve 200: landing page accessible but full text requires HTML scraping — consider uploading PDF manually | arXiv: sin candidato,no se localizó una copia de acceso abierto por las vías probadas,2026-09-27,no demuestra que no exista una copia accesible: solo que no se localizó por estas vías en esa fecha,no evaluado: fuera de la síntesis y de los denominadores; no cuenta como exclusión por contenido; reevaluable con acceso institucional o con el PDF,consultar el DOI con acceso institucional o solicitar el PDF a los autores
W4408892189,principal,W4408892189,False,sin resumen que verificar,solo título,10.1007/978-3-031-73143-3_10,On the Automated Processing of User Feedback,2025,1.ª pasada: no encontrado; arXiv por título: no encontrado,sin copia de acceso abierto localizada por DOI ni en arXiv,2,"recuperación por DOI (Unpaywall, Semantic Scholar, PubMed Central, enlaces de minería de Crossref, resolución del DOI) + búsqueda por título en la API de arXiv",1.ª pasada: unpaywall 200: no OA location; semantic_scholar 404: HTTP 404; pmc 200: no PMCID found; crossref_tdm : no TDM links in CrossRef; doi_resolve 200: landing page accessible but full text requires HTML scraping — consider uploading PDF manually | arXiv: candidato 2407.15519v1 con Jaccard de título 1.0,no se localizó una copia de acceso abierto por las vías probadas,2026-09-27,no demuestra que no exista una copia accesible: solo que no se localizó por estas vías en esa fecha,no evaluado: fuera de la síntesis y de los denominadores; no cuenta como exclusión por contenido; reevaluable con acceso institucional o con el PDF,consultar el DOI con acceso institucional o solicitar el PDF a los autores
W4409054028,principal,W4409054028,False,sin resumen que verificar,solo título,10.1007/978-3-031-88531-0_19,Leveraging Requirements Elicitation through Software Requirement Patterns and LLMs,2025,1.ª pasada: no encontrado; arXiv por título: no encontrado,sin copia de acceso abierto localizada por DOI ni en arXiv,2,"recuperación por DOI (Unpaywall, Semantic Scholar, PubMed Central, enlaces de minería de Crossref, resolución del DOI) + búsqueda por título en la API de arXiv","1.ª pasada: unpaywall 200: no OA location; semantic_scholar : URL returned text/html; charset=utf-8, not a PDF; pmc 200: no PMCID found; crossref_tdm : no TDM links in CrossRef; doi_resolve 200: landing page accessible but full text requires HTML scraping — consider uploading PDF manually | arXiv: sin candidato",no se localizó una copia de acceso abierto por las vías probadas,2026-09-27,no demuestra que no exista una copia accesible: solo que no se localizó por estas vías en esa fecha,no evaluado: fuera de la síntesis y de los denominadores; no cuenta como exclusión por contenido; reevaluable con acceso institucional o con el PDF,consultar el DOI con acceso institucional o solicitar el PDF a los autores
W2886442554,principal,W2886442554,False,sin resumen que verificar,solo título,10.1007/978-3-319-97885-7_17,Method of Activity of Ontology-Based Intelligent Agent for Evaluating Initial Stages of the Software Lifecycle,2018,1.ª pasada: no encontrado; arXiv por título: no encontrado,sin copia de acceso abierto localizada por DOI ni en arXiv,2,"recuperación por DOI (Unpaywall, Semantic Scholar, PubMed Central, enlaces de minería de Crossref, resolución del DOI) + búsqueda por título en la API de arXiv",1.ª pasada: unpaywall 200: no OA location; semantic_scholar 200: no openAccessPdf; pmc 200: no PMCID found; crossref_tdm : no TDM links in CrossRef; doi_resolve 200: landing page accessible but full text requires HTML scraping — consider uploading PDF manually | arXiv: sin candidato,no se localizó una copia de acceso abierto por las vías probadas,2026-09-27,no demuestra que no exista una copia accesible: solo que no se localizó por estas vías en esa fecha,no evaluado: fuera de la síntesis y de los denominadores; no cuenta como exclusión por contenido; reevaluable con acceso institucional o con el PDF,consultar el DOI con acceso institucional o solicitar el PDF a los autores
W2292634343,principal,W2292634343,False,sin resumen que verificar,solo título,10.1007/978-3-319-28031-8_17,Software Requirement Elicitation Using Natural Language Processing,2015,1.ª pasada: no encontrado; arXiv por título: no encontrado,sin copia de acceso abierto localizada por DOI ni en arXiv,2,"recuperación por DOI (Unpaywall, Semantic Scholar, PubMed Central, enlaces de minería de Crossref, resolución del DOI) + búsqueda por título en la API de arXiv",1.ª pasada: unpaywall 200: no OA location; semantic_scholar 200: no openAccessPdf; pmc 200: no PMCID found; crossref_tdm : no TDM links in CrossRef; doi_resolve 200: landing page accessible but full text requires HTML scraping — consider uploading PDF manually | arXiv: sin candidato,no se localizó una copia de acceso abierto por las vías probadas,2026-09-27,no demuestra que no exista una copia accesible: solo que no se localizó por estas vías en esa fecha,no evaluado: fuera de la síntesis y de los denominadores; no cuenta como exclusión por contenido; reevaluable con acceso institucional o con el PDF,consultar el DOI con acceso institucional o solicitar el PDF a los autores
W4393315514,principal,W4393315514,False,sin resumen que verificar,solo título,10.1007/978-3-031-57327-9_14,Towards a Comprehensive Ontology for Requirements Engineering for AI-Powered Systems,2024,1.ª pasada: no encontrado; arXiv por título: no encontrado,sin copia de acceso abierto localizada por DOI ni en arXiv,2,"recuperación por DOI (Unpaywall, Semantic Scholar, PubMed Central, enlaces de minería de Crossref, resolución del DOI) + búsqueda por título en la API de arXiv",1.ª pasada: unpaywall 200: no OA location; semantic_scholar 200: no openAccessPdf; pmc 200: no PMCID found; crossref_tdm : no TDM links in CrossRef; doi_resolve 200: landing page accessible but full text requires HTML scraping — consider uploading PDF manually | arXiv: sin candidato,no se localizó una copia de acceso abierto por las vías probadas,2026-09-27,no demuestra que no exista una copia accesible: solo que no se localizó por estas vías en esa fecha,no evaluado: fuera de la síntesis y de los denominadores; no cuenta como exclusión por contenido; reevaluable con acceso institucional o con el PDF,consultar el DOI con acceso institucional o solicitar el PDF a los autores
W4402281491,principal,W4402281491,False,sin resumen que verificar,solo título,10.1007/978-3-031-70011-8_39,Towards a Semantic Annotation Software Design for Images and Texts,2024,1.ª pasada: no encontrado; arXiv por título: no encontrado,sin copia de acceso abierto localizada por DOI ni en arXiv,2,"recuperación por DOI (Unpaywall, Semantic Scholar, PubMed Central, enlaces de minería de Crossref, resolución del DOI) + búsqueda por título en la API de arXiv",1.ª pasada: unpaywall 200: no OA location; semantic_scholar 200: no openAccessPdf; pmc 200: no PMCID found; crossref_tdm : no TDM links in CrossRef; doi_resolve 200: landing page accessible but full text requires HTML scraping — consider uploading PDF manually | arXiv: sin candidato,no se localizó una copia de acceso abierto por las vías probadas,2026-09-27,no demuestra que no exista una copia accesible: solo que no se localizó por estas vías en esa fecha,no evaluado: fuera de la síntesis y de los denominadores; no cuenta como exclusión por contenido; reevaluable con acceso institucional o con el PDF,consultar el DOI con acceso institucional o solicitar el PDF a los autores
W4415083158,principal,W4415083158,False,sin resumen que verificar,solo título,10.1007/978-3-031-99554-5_40,Leveraging Large Language Models for Ontology Requirements Engineering,2025,1.ª pasada: no encontrado; arXiv por título: no encontrado,sin copia de acceso abierto localizada por DOI ni en arXiv,2,"recuperación por DOI (Unpaywall, Semantic Scholar, PubMed Central, enlaces de minería de Crossref, resolución del DOI) + búsqueda por título en la API de arXiv",1.ª pasada: unpaywall 200: no OA location; semantic_scholar 200: no openAccessPdf; pmc 200: no PMCID found; crossref_tdm : no TDM links in CrossRef; doi_resolve 200: landing page accessible but full text requires HTML scraping — consider uploading PDF manually | arXiv: sin candidato,no se localizó una copia de acceso abierto por las vías probadas,2026-09-27,no demuestra que no exista una copia accesible: solo que no se localizó por estas vías en esa fecha,no evaluado: fuera de la síntesis y de los denominadores; no cuenta como exclusión por contenido; reevaluable con acceso institucional o con el PDF,consultar el DOI con acceso institucional o solicitar el PDF a los autores
W2466929610,principal,W2466929610,False,sin resumen que verificar,solo título,10.1007/978-3-319-27653-3_26,Knowledge Identification from Requirements Specification,2015,1.ª pasada: no encontrado; arXiv por título: no encontrado,sin copia de acceso abierto localizada por DOI ni en arXiv,2,"recuperación por DOI (Unpaywall, Semantic Scholar, PubMed Central, enlaces de minería de Crossref, resolución del DOI) + búsqueda por título en la API de arXiv",1.ª pasada: unpaywall 200: no OA location; semantic_scholar 200: no openAccessPdf; pmc 200: no PMCID found; crossref_tdm : no TDM links in CrossRef; doi_resolve 200: landing page accessible but full text requires HTML scraping — consider uploading PDF manually | arXiv: sin candidato,no se localizó una copia de acceso abierto por las vías probadas,2026-09-27,no demuestra que no exista una copia accesible: solo que no se localizó por estas vías en esa fecha,no evaluado: fuera de la síntesis y de los denominadores; no cuenta como exclusión por contenido; reevaluable con acceso institucional o con el PDF,consultar el DOI con acceso institucional o solicitar el PDF a los autores
W3144518144,principal,W3144518144,False,sin resumen que verificar,solo título,10.1007/978-981-33-6141-6_2,A Deep Classifier for Crowdsourcing User Requests,2021,1.ª pasada: no encontrado; arXiv por título: no encontrado,sin copia de acceso abierto localizada por DOI ni en arXiv,2,"recuperación por DOI (Unpaywall, Semantic Scholar, PubMed Central, enlaces de minería de Crossref, resolución del DOI) + búsqueda por título en la API de arXiv",1.ª pasada: unpaywall 200: no OA location; semantic_scholar 200: no openAccessPdf; pmc 200: no PMCID found; crossref_tdm : no TDM links in CrossRef; doi_resolve 200: landing page accessible but full text requires HTML scraping — consider uploading PDF manually | arXiv: sin candidato,no se localizó una copia de acceso abierto por las vías probadas,2026-09-27,no demuestra que no exista una copia accesible: solo que no se localizó por estas vías en esa fecha,no evaluado: fuera de la síntesis y de los denominadores; no cuenta como exclusión por contenido; reevaluable con acceso institucional o con el PDF,consultar el DOI con acceso institucional o solicitar el PDF a los autores
W4411410483,principal,W4411410483,False,sin resumen que verificar,solo título,10.1007/978-3-031-91690-8_17,Web Development Based on Design-Transfer Through Client Adaptations,2025,1.ª pasada: no encontrado; arXiv por título: no encontrado,sin copia de acceso abierto localizada por DOI ni en arXiv,2,"recuperación por DOI (Unpaywall, Semantic Scholar, PubMed Central, enlaces de minería de Crossref, resolución del DOI) + búsqueda por título en la API de arXiv",1.ª pasada: unpaywall 200: no OA location; semantic_scholar 404: HTTP 404; pmc 200: no PMCID found; crossref_tdm : no TDM links in CrossRef; doi_resolve 200: landing page accessible but full text requires HTML scraping — consider uploading PDF manually | arXiv: sin candidato,no se localizó una copia de acceso abierto por las vías probadas,2026-09-27,no demuestra que no exista una copia accesible: solo que no se localizó por estas vías en esa fecha,no evaluado: fuera de la síntesis y de los denominadores; no cuenta como exclusión por contenido; reevaluable con acceso institucional o con el PDF,consultar el DOI con acceso institucional o solicitar el PDF a los autores
D-W2922876458,dirigida,W2922876458,False,sin resumen que verificar,solo título,,Proceso para la identificación de requisitos de software de aplicaciones móviles que apoyen la gestión de servicios ofrecidos al ciudadano,2019,arXiv por título: no encontrado,sin DOI: solo se buscó por título en arXiv,1,búsqueda por título en la API de arXiv,arXiv: sin candidato,"sin DOI: solo se buscó por título en arXiv, sin copia localizada",2026-09-27,no demuestra que no exista una copia accesible: solo que no se localizó por estas vías en esa fecha,no evaluado: fuera de la síntesis y de los denominadores; no cuenta como exclusión por contenido; reevaluable con acceso institucional o con el PDF,localizar la publicación por título y sede; solicitar el PDF
W2594264723,principal,W2594264723,False,sin resumen que verificar,solo título,10.1007/s10579-017-9381-z,Software requirements as an application domain for natural language processing,2017,1.ª pasada: no encontrado; arXiv por título: no encontrado,sin copia de acceso abierto localizada por DOI ni en arXiv,2,"recuperación por DOI (Unpaywall, Semantic Scholar, PubMed Central, enlaces de minería de Crossref, resolución del DOI) + búsqueda por título en la API de arXiv",1.ª pasada: unpaywall 200: no OA location; semantic_scholar : PDF fetch failed: 403; pmc 200: no PMCID found; crossref_tdm : no TDM link returned accessible content; doi_resolve 200: landing page accessible but full text requires HTML scraping — consider uploading PDF manually | arXiv: sin candidato,no se localizó una copia de acceso abierto por las vías probadas,2026-09-27,no demuestra que no exista una copia accesible: solo que no se localizó por estas vías en esa fecha,no evaluado: fuera de la síntesis y de los denominadores; no cuenta como exclusión por contenido; reevaluable con acceso institucional o con el PDF,consultar el DOI con acceso institucional o solicitar el PDF a los autores
W7161966649,principal,W7161966649,False,sin resumen que verificar,solo título,10.1007/978-3-032-26752-8_19,Can Large Language Models Support Modeling Systems with ASMETA? A Case Study with a Planetary Rover,2026,1.ª pasada: no encontrado; arXiv por título: no encontrado,sin copia de acceso abierto localizada por DOI ni en arXiv,2,"recuperación por DOI (Unpaywall, Semantic Scholar, PubMed Central, enlaces de minería de Crossref, resolución del DOI) + búsqueda por título en la API de arXiv",1.ª pasada: unpaywall 200: no OA location; semantic_scholar 200: no openAccessPdf; pmc 200: no PMCID found; crossref_tdm : no TDM links in CrossRef; doi_resolve 200: landing page accessible but full text requires HTML scraping — consider uploading PDF manually | arXiv: sin candidato,no se localizó una copia de acceso abierto por las vías probadas,2026-09-27,no demuestra que no exista una copia accesible: solo que no se localizó por estas vías en esa fecha,no evaluado: fuera de la síntesis y de los denominadores; no cuenta como exclusión por contenido; reevaluable con acceso institucional o con el PDF,consultar el DOI con acceso institucional o solicitar el PDF a los autores
W2490593799,principal,W2490593799,False,sin resumen que verificar,solo título,10.1007/978-3-319-42089-9_27,A Methodological Approach to Identify Type of Dependency from User Requirements,2016,1.ª pasada: no encontrado; arXiv por título: no encontrado,sin copia de acceso abierto localizada por DOI ni en arXiv,2,"recuperación por DOI (Unpaywall, Semantic Scholar, PubMed Central, enlaces de minería de Crossref, resolución del DOI) + búsqueda por título en la API de arXiv",1.ª pasada: unpaywall 200: no OA location; semantic_scholar 200: no openAccessPdf; pmc 200: no PMCID found; crossref_tdm : no TDM links in CrossRef; doi_resolve 200: landing page accessible but full text requires HTML scraping — consider uploading PDF manually | arXiv: sin candidato,no se localizó una copia de acceso abierto por las vías probadas,2026-09-27,no demuestra que no exista una copia accesible: solo que no se localizó por estas vías en esa fecha,no evaluado: fuera de la síntesis y de los denominadores; no cuenta como exclusión por contenido; reevaluable con acceso institucional o con el PDF,consultar el DOI con acceso institucional o solicitar el PDF a los autores
W2489393935,principal,W2489393935,False,sin resumen que verificar,solo título,10.1007/978-3-319-39696-5_14,Engineering Requirements with Desiree: An Empirical Evaluation,2016,1.ª pasada: no encontrado; arXiv por título: no encontrado,sin copia de acceso abierto localizada por DOI ni en arXiv,2,"recuperación por DOI (Unpaywall, Semantic Scholar, PubMed Central, enlaces de minería de Crossref, resolución del DOI) + búsqueda por título en la API de arXiv",1.ª pasada: unpaywall 200: no OA location; semantic_scholar 200: no openAccessPdf; pmc 200: no PMCID found; crossref_tdm : no TDM links in CrossRef; doi_resolve 200: landing page accessible but full text requires HTML scraping — consider uploading PDF manually | arXiv: sin candidato,no se localizó una copia de acceso abierto por las vías probadas,2026-09-27,no demuestra que no exista una copia accesible: solo que no se localizó por estas vías en esa fecha,no evaluado: fuera de la síntesis y de los denominadores; no cuenta como exclusión por contenido; reevaluable con acceso institucional o con el PDF,consultar el DOI con acceso institucional o solicitar el PDF a los autores
W4396957427,principal,W4396957427,False,sin resumen que verificar,solo título,10.1007/s10515-024-00444-x,A novel automated framework for fine-grained sentiment analysis of application reviews using deep neural networks,2024,1.ª pasada: no encontrado; arXiv por título: no encontrado,sin copia de acceso abierto localizada por DOI ni en arXiv,2,"recuperación por DOI (Unpaywall, Semantic Scholar, PubMed Central, enlaces de minería de Crossref, resolución del DOI) + búsqueda por título en la API de arXiv",1.ª pasada: unpaywall 200: no OA location; semantic_scholar 200: no openAccessPdf; pmc 200: no PMCID found; crossref_tdm : no TDM link returned accessible content; doi_resolve 200: landing page accessible but full text requires HTML scraping — consider uploading PDF manually | arXiv: sin candidato,no se localizó una copia de acceso abierto por las vías probadas,2026-09-27,no demuestra que no exista una copia accesible: solo que no se localizó por estas vías en esa fecha,no evaluado: fuera de la síntesis y de los denominadores; no cuenta como exclusión por contenido; reevaluable con acceso institucional o con el PDF,consultar el DOI con acceso institucional o solicitar el PDF a los autores
W4390475000,principal,W4390475000,False,sin resumen que verificar,solo título,10.1007/978-3-031-39619-9_51,A Case Study on Ontology Development for AI Based Decision Systems in Industry,2024,1.ª pasada: no encontrado; arXiv por título: no encontrado,sin copia de acceso abierto localizada por DOI ni en arXiv,2,"recuperación por DOI (Unpaywall, Semantic Scholar, PubMed Central, enlaces de minería de Crossref, resolución del DOI) + búsqueda por título en la API de arXiv",1.ª pasada: unpaywall 200: no OA location; semantic_scholar 404: HTTP 404; pmc 200: no PMCID found; crossref_tdm : no TDM links in CrossRef; doi_resolve 200: landing page accessible but full text requires HTML scraping — consider uploading PDF manually | arXiv: sin candidato,no se localizó una copia de acceso abierto por las vías probadas,2026-09-27,no demuestra que no exista una copia accesible: solo que no se localizó por estas vías en esa fecha,no evaluado: fuera de la síntesis y de los denominadores; no cuenta como exclusión por contenido; reevaluable con acceso institucional o con el PDF,consultar el DOI con acceso institucional o solicitar el PDF a los autores
W7117992773,principal,W7117992773,False,sin resumen que verificar,solo título,10.1007/978-981-95-5012-8_4,"MCPybarra: A Multi-agent Framework for Low-Cost, High-Quality MCP Service Generation",2026,1.ª pasada: no encontrado; arXiv por título: no encontrado,sin copia de acceso abierto localizada por DOI ni en arXiv,2,"recuperación por DOI (Unpaywall, Semantic Scholar, PubMed Central, enlaces de minería de Crossref, resolución del DOI) + búsqueda por título en la API de arXiv",1.ª pasada: unpaywall 200: no OA location; semantic_scholar 200: no openAccessPdf; pmc 200: no PMCID found; crossref_tdm : no TDM links in CrossRef; doi_resolve 200: landing page accessible but full text requires HTML scraping — consider uploading PDF manually | arXiv: sin candidato,no se localizó una copia de acceso abierto por las vías probadas,2026-09-27,no demuestra que no exista una copia accesible: solo que no se localizó por estas vías en esa fecha,no evaluado: fuera de la síntesis y de los denominadores; no cuenta como exclusión por contenido; reevaluable con acceso institucional o con el PDF,consultar el DOI con acceso institucional o solicitar el PDF a los autores
W3101342235,principal,W3101342235,False,sin resumen que verificar,solo título,10.1007/978-3-030-62327-2_39,Semantic Parsing of Textual Requirements,2020,1.ª pasada: no encontrado; arXiv por título: no encontrado,sin copia de acceso abierto localizada por DOI ni en arXiv,2,"recuperación por DOI (Unpaywall, Semantic Scholar, PubMed Central, enlaces de minería de Crossref, resolución del DOI) + búsqueda por título en la API de arXiv",1.ª pasada: unpaywall 200: no OA location; semantic_scholar : SafeFetchError: safeFetch: https-only (got http://) — http://hdl.handle.net/10852/114123; pmc 200: no PMCID found; crossref_tdm : no TDM links in CrossRef; doi_resolve 200: landing page accessible but full text requires HTML scraping — consider uploading PDF manually | arXiv: sin candidato,no se localizó una copia de acceso abierto por las vías probadas,2026-09-27,no demuestra que no exista una copia accesible: solo que no se localizó por estas vías en esa fecha,no evaluado: fuera de la síntesis y de los denominadores; no cuenta como exclusión por contenido; reevaluable con acceso institucional o con el PDF,consultar el DOI con acceso institucional o solicitar el PDF a los autores
W4237513841,principal,W4237513841,False,sin resumen que verificar,solo título,10.1007/978-3-319-18821-8_9,Categories,2015,1.ª pasada: no encontrado; arXiv por título: no encontrado,sin copia de acceso abierto localizada por DOI ni en arXiv,2,"recuperación por DOI (Unpaywall, Semantic Scholar, PubMed Central, enlaces de minería de Crossref, resolución del DOI) + búsqueda por título en la API de arXiv",1.ª pasada: unpaywall 200: no OA location; semantic_scholar 404: HTTP 404; pmc 200: no PMCID found; crossref_tdm : no TDM links in CrossRef; doi_resolve 200: landing page accessible but full text requires HTML scraping — consider uploading PDF manually | arXiv: sin candidato,no se localizó una copia de acceso abierto por las vías probadas,2026-09-27,no demuestra que no exista una copia accesible: solo que no se localizó por estas vías en esa fecha,no evaluado: fuera de la síntesis y de los denominadores; no cuenta como exclusión por contenido; reevaluable con acceso institucional o con el PDF,consultar el DOI con acceso institucional o solicitar el PDF a los autores
W7127911549,principal,W7127911549,False,sin resumen que verificar,solo título,10.1007/978-3-032-12484-5_6,Opportunities and Risks of Generative AI in Model-Based Engineering of Railway Systems,2026,1.ª pasada: no encontrado; reintento: no encontrado; arXiv por título: no encontrado,sin copia de acceso abierto localizada por DOI ni en arXiv,3,"recuperación por DOI (Unpaywall, Semantic Scholar, PubMed Central, enlaces de minería de Crossref, resolución del DOI) + búsqueda por título en la API de arXiv",1.ª pasada: crossref 502: CrossRef lookup failed — cannot verify DOI exists | reintento: unpaywall 200: no OA location; semantic_scholar 404: HTTP 404; pmc 200: no PMCID found; crossref_tdm : no TDM links in CrossRef; doi_resolve 200: landing page accessible but full text requires HTML scraping — consider uploading PDF manually | arXiv: sin candidato,no se localizó una copia de acceso abierto por las vías probadas,2026-09-27,no demuestra que no exista una copia accesible: solo que no se localizó por estas vías en esa fecha,no evaluado: fuera de la síntesis y de los denominadores; no cuenta como exclusión por contenido; reevaluable con acceso institucional o con el PDF,consultar el DOI con acceso institucional o solicitar el PDF a los autores
W4399906620,principal,W4399906620,False,sin resumen que verificar,solo título,10.1007/s10515-024-00448-7,SimAC: simulating agile collaboration to generate acceptance criteria in user story elaboration,2024,1.ª pasada: no encontrado; reintento: no encontrado; arXiv por título: no encontrado,sin copia de acceso abierto localizada por DOI ni en arXiv,3,"recuperación por DOI (Unpaywall, Semantic Scholar, PubMed Central, enlaces de minería de Crossref, resolución del DOI) + búsqueda por título en la API de arXiv",1.ª pasada: crossref 502: CrossRef lookup failed — cannot verify DOI exists | reintento: unpaywall 200: no OA location; semantic_scholar 200: no openAccessPdf; pmc 200: no PMCID found; crossref_tdm : no TDM link returned accessible content; doi_resolve 200: landing page accessible but full text requires HTML scraping — consider uploading PDF manually | arXiv: sin candidato,no se localizó una copia de acceso abierto por las vías probadas,2026-09-27,no demuestra que no exista una copia accesible: solo que no se localizó por estas vías en esa fecha,no evaluado: fuera de la síntesis y de los denominadores; no cuenta como exclusión por contenido; reevaluable con acceso institucional o con el PDF,consultar el DOI con acceso institucional o solicitar el PDF a los autores
W2893541723,principal,W2893541723,False,sin resumen que verificar,solo título,10.1007/978-3-030-00847-5_30,Increasing the Semantic Transparency of the KAOS Goal Model Concrete Syntax,2018,1.ª pasada: no encontrado; arXiv por título: no encontrado,sin copia de acceso abierto localizada por DOI ni en arXiv,2,"recuperación por DOI (Unpaywall, Semantic Scholar, PubMed Central, enlaces de minería de Crossref, resolución del DOI) + búsqueda por título en la API de arXiv",1.ª pasada: unpaywall 200: no OA location; semantic_scholar 200: no openAccessPdf; pmc 200: no PMCID found; crossref_tdm : no TDM links in CrossRef; doi_resolve 200: landing page accessible but full text requires HTML scraping — consider uploading PDF manually | arXiv: sin candidato,no se localizó una copia de acceso abierto por las vías probadas,2026-09-27,no demuestra que no exista una copia accesible: solo que no se localizó por estas vías en esa fecha,no evaluado: fuera de la síntesis y de los denominadores; no cuenta como exclusión por contenido; reevaluable con acceso institucional o con el PDF,consultar el DOI con acceso institucional o solicitar el PDF a los autores
W7162508292,principal,W7162508292,False,sin resumen que verificar,solo título,10.1007/978-3-032-21480-5_8,Towards Multi-Agent Systems in Requirements Engineering: A Proof-of-Concept Study Using Large Language Models,2026,1.ª pasada: no encontrado; arXiv por título: no encontrado,sin copia de acceso abierto localizada por DOI ni en arXiv,2,"recuperación por DOI (Unpaywall, Semantic Scholar, PubMed Central, enlaces de minería de Crossref, resolución del DOI) + búsqueda por título en la API de arXiv",1.ª pasada: unpaywall 200: no OA location; semantic_scholar 200: no openAccessPdf; pmc 200: no PMCID found; crossref_tdm : no TDM links in CrossRef; doi_resolve 200: landing page accessible but full text requires HTML scraping — consider uploading PDF manually | arXiv: sin candidato,no se localizó una copia de acceso abierto por las vías probadas,2026-09-27,no demuestra que no exista una copia accesible: solo que no se localizó por estas vías en esa fecha,no evaluado: fuera de la síntesis y de los denominadores; no cuenta como exclusión por contenido; reevaluable con acceso institucional o con el PDF,consultar el DOI con acceso institucional o solicitar el PDF a los autores
W2972437529,principal,W2972437529,False,sin resumen que verificar,solo título,10.1007/978-981-15-0310-8_6,Software Requirements Elicitation Based on Ontology Learning,2019,1.ª pasada: no encontrado; arXiv por título: no encontrado,sin copia de acceso abierto localizada por DOI ni en arXiv,2,"recuperación por DOI (Unpaywall, Semantic Scholar, PubMed Central, enlaces de minería de Crossref, resolución del DOI) + búsqueda por título en la API de arXiv",1.ª pasada: unpaywall 200: no OA location; semantic_scholar 200: no openAccessPdf; pmc 200: no PMCID found; crossref_tdm : no TDM links in CrossRef; doi_resolve 200: landing page accessible but full text requires HTML scraping — consider uploading PDF manually | arXiv: sin candidato,no se localizó una copia de acceso abierto por las vías probadas,2026-09-27,no demuestra que no exista una copia accesible: solo que no se localizó por estas vías en esa fecha,no evaluado: fuera de la síntesis y de los denominadores; no cuenta como exclusión por contenido; reevaluable con acceso institucional o con el PDF,consultar el DOI con acceso institucional o solicitar el PDF a los autores
W2747401108,principal,W2747401108,True,si,título y resumen,,Integrated process and data model for applying scenario-technique in requirements engineering,2017,arXiv por título: no encontrado,sin DOI: solo se buscó por título en arXiv,1,búsqueda por título en la API de arXiv,arXiv: sin candidato,"sin DOI: solo se buscó por título en arXiv, sin copia localizada",2026-09-27,no demuestra que no exista una copia accesible: solo que no se localizó por estas vías en esa fecha,no evaluado: fuera de la síntesis y de los denominadores; no cuenta como exclusión por contenido; reevaluable con acceso institucional o con el PDF,localizar la publicación por título y sede; solicitar el PDF
W4242247971,principal,W4242247971,True,si,título y resumen,10.35940/ijitee.b9003.129219,Realm for Metamorphose Management in Software Requirements for global Software progress Environment,2019,1.ª pasada: no encontrado; arXiv por título: no encontrado,sin copia de acceso abierto localizada por DOI ni en arXiv,2,"recuperación por DOI (Unpaywall, Semantic Scholar, PubMed Central, enlaces de minería de Crossref, resolución del DOI) + búsqueda por título en la API de arXiv","1.ª pasada: unpaywall 200: no OA location; semantic_scholar : URL is a DOI redirect, not a direct PDF; pmc 200: no PMCID found; crossref_tdm : no TDM links in CrossRef; doi_resolve 200: landing page accessible but full text requires HTML scraping — consider uploading PDF manually | arXiv: sin candidato",no se localizó una copia de acceso abierto por las vías probadas,2026-09-27,no demuestra que no exista una copia accesible: solo que no se localizó por estas vías en esa fecha,no evaluado: fuera de la síntesis y de los denominadores; no cuenta como exclusión por contenido; reevaluable con acceso institucional o con el PDF,consultar el DOI con acceso institucional o solicitar el PDF a los autores
D-W3153301358,dirigida,W3153301358,True,si,título y resumen,10.24133/infociencia.v9i1.976,Procedimiento de Trabajo Colaborativo Asistido por Computador para el Desarrollo del Artículo: Crowdsourcing en la Ingeniería de Requisitos,2019,1.ª pasada: no encontrado; reintento: no encontrado; arXiv por título: no encontrado; búsqueda complementaria: no encontrado,búsqueda de texto completo no efectuada (CrossRef 404 en ambos intentos),4,"recuperación por DOI (Unpaywall, Semantic Scholar, PubMed Central, enlaces de minería de Crossref, resolución del DOI) + búsqueda por título en la API de arXiv",1.ª pasada: crossref 404: DOI not found in CrossRef — may be invalid or not yet registered | reintento: crossref 404: DOI not found in CrossRef — may be invalid or not yet registered | búsqueda complementaria: sin detalle | arXiv: sin candidato,la búsqueda por DOI no llegó a ejecutarse porque Crossref no reconoce el DOI (404 en dos intentos); arXiv sin copia,2026-09-27,no demuestra que no exista una copia accesible: solo que no se localizó por estas vías en esa fecha,no evaluado: fuera de la síntesis y de los denominadores; no cuenta como exclusión por contenido; reevaluable con acceso institucional o con el PDF,consultar el DOI con acceso institucional o solicitar el PDF a los autores
W4412043088,principal,W4412043088,False,sin resumen que verificar,solo título,10.1007/978-3-031-96096-3_19,Recognition of Design Patterns in Sequence Diagrams Using Semantic Graph Matching,2025,1.ª pasada: no encontrado; arXiv por título: no encontrado,sin copia de acceso abierto localizada por DOI ni en arXiv,2,"recuperación por DOI (Unpaywall, Semantic Scholar, PubMed Central, enlaces de minería de Crossref, resolución del DOI) + búsqueda por título en la API de arXiv",1.ª pasada: unpaywall 200: no OA location; semantic_scholar 404: HTTP 404; pmc 200: no PMCID found; crossref_tdm : no TDM links in CrossRef; doi_resolve 200: landing page accessible but full text requires HTML scraping — consider uploading PDF manually | arXiv: sin candidato,no se localizó una copia de acceso abierto por las vías probadas,2026-09-27,no demuestra que no exista una copia accesible: solo que no se localizó por estas vías en esa fecha,no evaluado: fuera de la síntesis y de los denominadores; no cuenta como exclusión por contenido; reevaluable con acceso institucional o con el PDF,consultar el DOI con acceso institucional o solicitar el PDF a los autores
W4381302504,principal,W4381302504,False,sin resumen que verificar,solo título,10.1007/978-3-031-27440-4_2,KCReqRec: A Knowledge Centric Approach for Semantically Inclined Requirement Recommendation with Micro Requirement Mapping Using Hybrid Learning Models,2023,1.ª pasada: no encontrado; arXiv por título: no encontrado,sin copia de acceso abierto localizada por DOI ni en arXiv,2,"recuperación por DOI (Unpaywall, Semantic Scholar, PubMed Central, enlaces de minería de Crossref, resolución del DOI) + búsqueda por título en la API de arXiv",1.ª pasada: unpaywall 200: no OA location; semantic_scholar 200: no openAccessPdf; pmc 200: no PMCID found; crossref_tdm : no TDM links in CrossRef; doi_resolve 200: landing page accessible but full text requires HTML scraping — consider uploading PDF manually | arXiv: sin candidato,no se localizó una copia de acceso abierto por las vías probadas,2026-09-27,no demuestra que no exista una copia accesible: solo que no se localizó por estas vías en esa fecha,no evaluado: fuera de la síntesis y de los denominadores; no cuenta como exclusión por contenido; reevaluable con acceso institucional o con el PDF,consultar el DOI con acceso institucional o solicitar el PDF a los autores
W4392881824,principal,W4392881824,False,sin resumen que verificar,solo título,10.1007/s10270-023-01142-0,"Identifying and fixing ambiguities in, and semantically accurate formalisation of, behavioural requirements",2024,1.ª pasada: no encontrado; arXiv por título: no encontrado,sin copia de acceso abierto localizada por DOI ni en arXiv,2,"recuperación por DOI (Unpaywall, Semantic Scholar, PubMed Central, enlaces de minería de Crossref, resolución del DOI) + búsqueda por título en la API de arXiv",1.ª pasada: unpaywall 200: no OA location; semantic_scholar 200: no openAccessPdf; pmc 200: no PMCID found; crossref_tdm : no TDM link returned accessible content; doi_resolve 200: landing page accessible but full text requires HTML scraping — consider uploading PDF manually | arXiv: sin candidato,no se localizó una copia de acceso abierto por las vías probadas,2026-09-27,no demuestra que no exista una copia accesible: solo que no se localizó por estas vías en esa fecha,no evaluado: fuera de la síntesis y de los denominadores; no cuenta como exclusión por contenido; reevaluable con acceso institucional o con el PDF,consultar el DOI con acceso institucional o solicitar el PDF a los autores
W3186665505,principal,W3186665505,False,sin resumen que verificar,solo título,10.1007/s10515-021-00291-0,Natural language ambiguity resolution by intelligent semantic annotation of software requirements,2021,1.ª pasada: no encontrado; reintento: no encontrado; arXiv por título: no encontrado,sin copia de acceso abierto localizada por DOI ni en arXiv,3,"recuperación por DOI (Unpaywall, Semantic Scholar, PubMed Central, enlaces de minería de Crossref, resolución del DOI) + búsqueda por título en la API de arXiv",1.ª pasada: crossref 502: CrossRef lookup failed — cannot verify DOI exists | reintento: unpaywall 200: no OA location; semantic_scholar 200: no openAccessPdf; pmc 200: no PMCID found; crossref_tdm : no TDM link returned accessible content; doi_resolve 200: landing page accessible but full text requires HTML scraping — consider uploading PDF manually | arXiv: sin candidato,no se localizó una copia de acceso abierto por las vías probadas,2026-09-27,no demuestra que no exista una copia accesible: solo que no se localizó por estas vías en esa fecha,no evaluado: fuera de la síntesis y de los denominadores; no cuenta como exclusión por contenido; reevaluable con acceso institucional o con el PDF,consultar el DOI con acceso institucional o solicitar el PDF a los autores
W7125802102,principal,W7125802102,False,sin resumen que verificar,solo título,10.1007/978-3-032-15401-9_20,Comparative Study of Different LLMs for Requirements Gathering,2026,1.ª pasada: no encontrado; arXiv por título: no encontrado,sin copia de acceso abierto localizada por DOI ni en arXiv,2,"recuperación por DOI (Unpaywall, Semantic Scholar, PubMed Central, enlaces de minería de Crossref, resolución del DOI) + búsqueda por título en la API de arXiv",1.ª pasada: unpaywall 200: no OA location; semantic_scholar 404: HTTP 404; pmc 200: no PMCID found; crossref_tdm : no TDM links in CrossRef; doi_resolve 200: landing page accessible but full text requires HTML scraping — consider uploading PDF manually | arXiv: sin candidato,no se localizó una copia de acceso abierto por las vías probadas,2026-09-27,no demuestra que no exista una copia accesible: solo que no se localizó por estas vías en esa fecha,no evaluado: fuera de la síntesis y de los denominadores; no cuenta como exclusión por contenido; reevaluable con acceso institucional o con el PDF,consultar el DOI con acceso institucional o solicitar el PDF a los autores
W2999060535,principal,W2999060535,False,sin resumen que verificar,solo título,10.1007/978-3-030-35510-4_6,Semantic Similarities in Natural Language Requirements,2019,1.ª pasada: no encontrado; reintento: no encontrado; arXiv por título: no encontrado,sin copia de acceso abierto localizada por DOI ni en arXiv,3,"recuperación por DOI (Unpaywall, Semantic Scholar, PubMed Central, enlaces de minería de Crossref, resolución del DOI) + búsqueda por título en la API de arXiv",1.ª pasada: unpaywall 200: no OA location; semantic_scholar 429: HTTP 429; pmc 200: no PMCID found; crossref_tdm : no TDM links in CrossRef; doi_resolve 200: landing page accessible but full text requires HTML scraping — consider uploading PDF manually | reintento: unpaywall 200: no OA location; semantic_scholar 200: no openAccessPdf; pmc 200: no PMCID found; crossref_tdm : no TDM links in CrossRef; doi_resolve 200: landing page accessible but full text requires HTML scraping — consider uploading PDF manually | arXiv: sin candidato,no se localizó una copia de acceso abierto por las vías probadas,2026-09-27,no demuestra que no exista una copia accesible: solo que no se localizó por estas vías en esa fecha,no evaluado: fuera de la síntesis y de los denominadores; no cuenta como exclusión por contenido; reevaluable con acceso institucional o con el PDF,consultar el DOI con acceso institucional o solicitar el PDF a los autores
D-W3135853123,dirigida,W3135853123,True,si,título y resumen,10.54789/reddi.5.2.6,Análisis de variantes de un proceso de requisitos,2020,1.ª pasada: no encontrado; arXiv por título: no encontrado,sin copia de acceso abierto localizada por DOI ni en arXiv,2,"recuperación por DOI (Unpaywall, Semantic Scholar, PubMed Central, enlaces de minería de Crossref, resolución del DOI) + búsqueda por título en la API de arXiv",1.ª pasada: unpaywall 200: no OA location returned valid PDF; semantic_scholar : PDF fetch failed: 403; pmc 200: no PMCID found; crossref_tdm : no TDM links in CrossRef; doi_resolve 403: HTTP 403 | arXiv: sin candidato,no se localizó una copia de acceso abierto por las vías probadas,2026-09-27,no demuestra que no exista una copia accesible: solo que no se localizó por estas vías en esa fecha,no evaluado: fuera de la síntesis y de los denominadores; no cuenta como exclusión por contenido; reevaluable con acceso institucional o con el PDF,consultar el DOI con acceso institucional o solicitar el PDF a los autores
W2346441090,principal,W2346441090,False,sin resumen que verificar,solo título,10.1007/s00766-016-0252-8,"Detecting, classifying, and tracing non-functional software requirements",2016,1.ª pasada: no encontrado; arXiv por título: no encontrado,sin copia de acceso abierto localizada por DOI ni en arXiv,2,"recuperación por DOI (Unpaywall, Semantic Scholar, PubMed Central, enlaces de minería de Crossref, resolución del DOI) + búsqueda por título en la API de arXiv",1.ª pasada: unpaywall 200: no OA location; semantic_scholar 200: no openAccessPdf; pmc 200: no PMCID found; crossref_tdm : no TDM link returned accessible content; doi_resolve 200: landing page accessible but full text requires HTML scraping — consider uploading PDF manually | arXiv: sin candidato,no se localizó una copia de acceso abierto por las vías probadas,2026-09-27,no demuestra que no exista una copia accesible: solo que no se localizó por estas vías en esa fecha,no evaluado: fuera de la síntesis y de los denominadores; no cuenta como exclusión por contenido; reevaluable con acceso institucional o con el PDF,consultar el DOI con acceso institucional o solicitar el PDF a los autores
W2896559200,principal,W2896559200,False,sin resumen que verificar,solo título,10.1007/978-3-030-02302-7_13,Reconciling Practice and Rigour in Ontology-Based Heterogeneous Information Systems Construction,2018,1.ª pasada: no encontrado; arXiv por título: no encontrado,sin copia de acceso abierto localizada por DOI ni en arXiv,2,"recuperación por DOI (Unpaywall, Semantic Scholar, PubMed Central, enlaces de minería de Crossref, resolución del DOI) + búsqueda por título en la API de arXiv","1.ª pasada: unpaywall 200: no OA location; semantic_scholar : URL returned text/html; charset=utf-8, not a PDF; pmc 200: no PMCID found; crossref_tdm : no TDM links in CrossRef; doi_resolve 200: landing page accessible but full text requires HTML scraping — consider uploading PDF manually | arXiv: sin candidato",no se localizó una copia de acceso abierto por las vías probadas,2026-09-27,no demuestra que no exista una copia accesible: solo que no se localizó por estas vías en esa fecha,no evaluado: fuera de la síntesis y de los denominadores; no cuenta como exclusión por contenido; reevaluable con acceso institucional o con el PDF,consultar el DOI con acceso institucional o solicitar el PDF a los autores
W2619335553,principal,W2619335553,False,sin resumen que verificar,solo título,10.1007/978-3-319-60131-1_47,CSQuaRE: Approach for Quality Control in Crowdsourcing,2017,1.ª pasada: no encontrado; arXiv por título: no encontrado,sin copia de acceso abierto localizada por DOI ni en arXiv,2,"recuperación por DOI (Unpaywall, Semantic Scholar, PubMed Central, enlaces de minería de Crossref, resolución del DOI) + búsqueda por título en la API de arXiv",1.ª pasada: unpaywall 200: no OA location; semantic_scholar 200: no openAccessPdf; pmc 200: no PMCID found; crossref_tdm : no TDM links in CrossRef; doi_resolve 200: landing page accessible but full text requires HTML scraping — consider uploading PDF manually | arXiv: sin candidato,no se localizó una copia de acceso abierto por las vías probadas,2026-09-27,no demuestra que no exista una copia accesible: solo que no se localizó por estas vías en esa fecha,no evaluado: fuera de la síntesis y de los denominadores; no cuenta como exclusión por contenido; reevaluable con acceso institucional o con el PDF,consultar el DOI con acceso institucional o solicitar el PDF a los autores
W4402115786,principal,W4402115786,False,sin resumen que verificar,solo título,10.1007/978-3-031-66854-8_3,Towards an Intelligent Test Case Generation Framework Using LLMs and Prompt Engineering,2024,1.ª pasada: no encontrado; arXiv por título: no encontrado,sin copia de acceso abierto localizada por DOI ni en arXiv,2,"recuperación por DOI (Unpaywall, Semantic Scholar, PubMed Central, enlaces de minería de Crossref, resolución del DOI) + búsqueda por título en la API de arXiv",1.ª pasada: unpaywall 200: no OA location; semantic_scholar 404: HTTP 404; pmc 200: no PMCID found; crossref_tdm : no TDM links in CrossRef; doi_resolve 200: landing page accessible but full text requires HTML scraping — consider uploading PDF manually | arXiv: sin candidato,no se localizó una copia de acceso abierto por las vías probadas,2026-09-27,no demuestra que no exista una copia accesible: solo que no se localizó por estas vías en esa fecha,no evaluado: fuera de la síntesis y de los denominadores; no cuenta como exclusión por contenido; reevaluable con acceso institucional o con el PDF,consultar el DOI con acceso institucional o solicitar el PDF a los autores
W2496461653,principal,W2496461653,False,sin resumen que verificar,solo título,10.1007/978-3-319-38980-6_32,Smart Requirements: How Smart Can They Get?,2016,1.ª pasada: no encontrado; arXiv por título: no encontrado,sin copia de acceso abierto localizada por DOI ni en arXiv,2,"recuperación por DOI (Unpaywall, Semantic Scholar, PubMed Central, enlaces de minería de Crossref, resolución del DOI) + búsqueda por título en la API de arXiv",1.ª pasada: unpaywall 200: no OA location; semantic_scholar 200: no openAccessPdf; pmc 200: no PMCID found; crossref_tdm : no TDM links in CrossRef; doi_resolve 200: landing page accessible but full text requires HTML scraping — consider uploading PDF manually | arXiv: sin candidato,no se localizó una copia de acceso abierto por las vías probadas,2026-09-27,no demuestra que no exista una copia accesible: solo que no se localizó por estas vías en esa fecha,no evaluado: fuera de la síntesis y de los denominadores; no cuenta como exclusión por contenido; reevaluable con acceso institucional o con el PDF,consultar el DOI con acceso institucional o solicitar el PDF a los autores
W4407907675,principal,W4407907675,True,si,título y resumen,10.31891/2307-5732-2020-281-1-77-81,STRUCTURE OF ONTOLOGY-BASED AGENT-ORIENTED INFORMATION TECHNOLOGY FOR ASSESSMENT OF THE BEGINNING STAGES OF THE SOFTWARE LIFE CYCLE,2020,1.ª pasada: no encontrado; arXiv por título: no encontrado,sin copia de acceso abierto localizada por DOI ni en arXiv,2,"recuperación por DOI (Unpaywall, Semantic Scholar, PubMed Central, enlaces de minería de Crossref, resolución del DOI) + búsqueda por título en la API de arXiv",1.ª pasada: unpaywall 200: no OA location; semantic_scholar 200: no openAccessPdf; pmc 200: no PMCID found; crossref_tdm : no TDM links in CrossRef; doi_resolve 200: landing page accessible but full text requires HTML scraping — consider uploading PDF manually | arXiv: sin candidato,no se localizó una copia de acceso abierto por las vías probadas,2026-09-27,no demuestra que no exista una copia accesible: solo que no se localizó por estas vías en esa fecha,no evaluado: fuera de la síntesis y de los denominadores; no cuenta como exclusión por contenido; reevaluable con acceso institucional o con el PDF,consultar el DOI con acceso institucional o solicitar el PDF a los autores
W2900495600,principal,W2900495600,True,si,título y resumen,,Semantic Analysis of Embedded System Requirements Specifications,2017,arXiv por título: no encontrado,sin DOI: solo se buscó por título en arXiv,1,búsqueda por título en la API de arXiv,arXiv: sin candidato,"sin DOI: solo se buscó por título en arXiv, sin copia localizada",2026-09-27,no demuestra que no exista una copia accesible: solo que no se localizó por estas vías en esa fecha,no evaluado: fuera de la síntesis y de los denominadores; no cuenta como exclusión por contenido; reevaluable con acceso institucional o con el PDF,localizar la publicación por título y sede; solicitar el PDF
W2803178916,principal,W2803178916,False,sin resumen que verificar,solo título,10.1007/978-3-319-91635-4_23,Intelligent Computing for Building Performance Analysis,2018,1.ª pasada: no encontrado; arXiv por título: no encontrado,sin copia de acceso abierto localizada por DOI ni en arXiv,2,"recuperación por DOI (Unpaywall, Semantic Scholar, PubMed Central, enlaces de minería de Crossref, resolución del DOI) + búsqueda por título en la API de arXiv",1.ª pasada: unpaywall 200: no OA location; semantic_scholar 200: no openAccessPdf; pmc 200: no PMCID found; crossref_tdm : no TDM links in CrossRef; doi_resolve 200: landing page accessible but full text requires HTML scraping — consider uploading PDF manually | arXiv: sin candidato,no se localizó una copia de acceso abierto por las vías probadas,2026-09-27,no demuestra que no exista una copia accesible: solo que no se localizó por estas vías en esa fecha,no evaluado: fuera de la síntesis y de los denominadores; no cuenta como exclusión por contenido; reevaluable con acceso institucional o con el PDF,consultar el DOI con acceso institucional o solicitar el PDF a los autores
W2546670355,principal,W2546670355,True,si,título y resumen,,Ontology based framework for detecting ambiguities in software requirements specification,2016,arXiv por título: no encontrado,sin DOI: solo se buscó por título en arXiv,1,búsqueda por título en la API de arXiv,arXiv: sin candidato,"sin DOI: solo se buscó por título en arXiv, sin copia localizada",2026-09-27,no demuestra que no exista una copia accesible: solo que no se localizó por estas vías en esa fecha,no evaluado: fuera de la síntesis y de los denominadores; no cuenta como exclusión por contenido; reevaluable con acceso institucional o con el PDF,localizar la publicación por título y sede; solicitar el PDF
D-W2913019853,dirigida,W2913019853,False,sin resumen que verificar,solo título,,Procesamiento de Lenguaje Natural en Ingeniería de Requisitos: Contribuciones Potenciales y Desafíos de Investigación.,2015,arXiv por título: no encontrado,sin DOI: solo se buscó por título en arXiv,1,búsqueda por título en la API de arXiv,arXiv: sin candidato,"sin DOI: solo se buscó por título en arXiv, sin copia localizada",2026-09-27,no demuestra que no exista una copia accesible: solo que no se localizó por estas vías en esa fecha,no evaluado: fuera de la síntesis y de los denominadores; no cuenta como exclusión por contenido; reevaluable con acceso institucional o con el PDF,localizar la publicación por título y sede; solicitar el PDF
W4404127502,principal,W4404127502,False,sin resumen que verificar,solo título,10.1007/s10115-024-02244-x,Hybrid deep learning and similarity measures for requirements-driven composition of semantic web services,2024,1.ª pasada: no encontrado; arXiv por título: no encontrado,sin copia de acceso abierto localizada por DOI ni en arXiv,2,"recuperación por DOI (Unpaywall, Semantic Scholar, PubMed Central, enlaces de minería de Crossref, resolución del DOI) + búsqueda por título en la API de arXiv",1.ª pasada: unpaywall 200: no OA location; semantic_scholar 200: no openAccessPdf; pmc 200: no PMCID found; crossref_tdm : no TDM link returned accessible content; doi_resolve 200: landing page accessible but full text requires HTML scraping — consider uploading PDF manually | arXiv: sin candidato,no se localizó una copia de acceso abierto por las vías probadas,2026-09-27,no demuestra que no exista una copia accesible: solo que no se localizó por estas vías en esa fecha,no evaluado: fuera de la síntesis y de los denominadores; no cuenta como exclusión por contenido; reevaluable con acceso institucional o con el PDF,consultar el DOI con acceso institucional o solicitar el PDF a los autores
W7134809489,principal,W7134809489,True,si,título y resumen,10.18420/emisa2026_06,Managing the Complexity and Dynamics of Requirements for Operational Management in Situations of Exceptional Need,2026,1.ª pasada: no encontrado; reintento: no encontrado; arXiv por título: no encontrado; búsqueda complementaria: no encontrado,búsqueda de texto completo no efectuada (CrossRef 404 en ambos intentos),4,"recuperación por DOI (Unpaywall, Semantic Scholar, PubMed Central, enlaces de minería de Crossref, resolución del DOI) + búsqueda por título en la API de arXiv",1.ª pasada: crossref 404: DOI not found in CrossRef — may be invalid or not yet registered | reintento: crossref 404: DOI not found in CrossRef — may be invalid or not yet registered | búsqueda complementaria: sin detalle | arXiv: sin candidato,la búsqueda por DOI no llegó a ejecutarse porque Crossref no reconoce el DOI (404 en dos intentos); arXiv sin copia,2026-09-27,no demuestra que no exista una copia accesible: solo que no se localizó por estas vías en esa fecha,no evaluado: fuera de la síntesis y de los denominadores; no cuenta como exclusión por contenido; reevaluable con acceso institucional o con el PDF,consultar el DOI con acceso institucional o solicitar el PDF a los autores
D-W3087529712,dirigida,W3087529712,True,si,título y resumen,10.54789/reddi.5.1.6,Especificación de requisitos de calidad de software: un aporte a los pliegos licitatorios en el Estado Argentino,2020,1.ª pasada: no encontrado; arXiv por título: no encontrado,sin copia de acceso abierto localizada por DOI ni en arXiv,2,"recuperación por DOI (Unpaywall, Semantic Scholar, PubMed Central, enlaces de minería de Crossref, resolución del DOI) + búsqueda por título en la API de arXiv",1.ª pasada: unpaywall 200: no OA location returned valid PDF; semantic_scholar : PDF fetch failed: 403; pmc 200: no PMCID found; crossref_tdm : no TDM links in CrossRef; doi_resolve 403: HTTP 403 | arXiv: sin candidato,no se localizó una copia de acceso abierto por las vías probadas,2026-09-27,no demuestra que no exista una copia accesible: solo que no se localizó por estas vías en esa fecha,no evaluado: fuera de la síntesis y de los denominadores; no cuenta como exclusión por contenido; reevaluable con acceso institucional o con el PDF,consultar el DOI con acceso institucional o solicitar el PDF a los autores
W4381436450,principal,W4381436450,True,si,título y resumen,10.3390/electronics12122734,An Automatic Generation and Verification Method of Software Requirements Specification,2023,1.ª pasada: no encontrado; arXiv por título: no encontrado,sin copia de acceso abierto localizada por DOI ni en arXiv,2,"recuperación por DOI (Unpaywall, Semantic Scholar, PubMed Central, enlaces de minería de Crossref, resolución del DOI) + búsqueda por título en la API de arXiv",1.ª pasada: unpaywall 200: no OA location returned valid PDF; semantic_scholar : PDF fetch failed: 403; pmc 200: no PMCID found; crossref_tdm : no TDM links in CrossRef; doi_resolve 403: HTTP 403 | arXiv: sin candidato,no se localizó una copia de acceso abierto por las vías probadas,2026-09-27,no demuestra que no exista una copia accesible: solo que no se localizó por estas vías en esa fecha,no evaluado: fuera de la síntesis y de los denominadores; no cuenta como exclusión por contenido; reevaluable con acceso institucional o con el PDF,consultar el DOI con acceso institucional o solicitar el PDF a los autores
W4400962941,principal,W4400962941,False,sin resumen que verificar,solo título,10.1007/978-3-031-64779-6_6,SISRR: Semantically Inclined Strategic Learning Model for Software Requirement Recommendation Using Artificial Intelligence,2024,1.ª pasada: no encontrado; arXiv por título: no encontrado,sin copia de acceso abierto localizada por DOI ni en arXiv,2,"recuperación por DOI (Unpaywall, Semantic Scholar, PubMed Central, enlaces de minería de Crossref, resolución del DOI) + búsqueda por título en la API de arXiv",1.ª pasada: unpaywall 200: no OA location; semantic_scholar 404: HTTP 404; pmc 200: no PMCID found; crossref_tdm : no TDM links in CrossRef; doi_resolve 200: landing page accessible but full text requires HTML scraping — consider uploading PDF manually | arXiv: sin candidato,no se localizó una copia de acceso abierto por las vías probadas,2026-09-27,no demuestra que no exista una copia accesible: solo que no se localizó por estas vías en esa fecha,no evaluado: fuera de la síntesis y de los denominadores; no cuenta como exclusión por contenido; reevaluable con acceso institucional o con el PDF,consultar el DOI con acceso institucional o solicitar el PDF a los autores
W4233402990,principal,W4233402990,True,si,título y resumen,10.35940/ijrte.e5849.018520,Actionable Analytics on Software Requirement Specifications,2020,1.ª pasada: no encontrado; arXiv por título: no encontrado,sin copia de acceso abierto localizada por DOI ni en arXiv,2,"recuperación por DOI (Unpaywall, Semantic Scholar, PubMed Central, enlaces de minería de Crossref, resolución del DOI) + búsqueda por título en la API de arXiv","1.ª pasada: unpaywall 200: no OA location; semantic_scholar : URL is a DOI redirect, not a direct PDF; pmc 200: no PMCID found; crossref_tdm : no TDM links in CrossRef; doi_resolve 200: landing page accessible but full text requires HTML scraping — consider uploading PDF manually | arXiv: sin candidato",no se localizó una copia de acceso abierto por las vías probadas,2026-09-27,no demuestra que no exista una copia accesible: solo que no se localizó por estas vías en esa fecha,no evaluado: fuera de la síntesis y de los denominadores; no cuenta como exclusión por contenido; reevaluable con acceso institucional o con el PDF,consultar el DOI con acceso institucional o solicitar el PDF a los autores
W2611299143,principal,W2611299143,False,sin resumen que verificar,solo título,10.1007/978-3-319-58451-5_8,Ontology-Driven Unified Governance in Software Engineering: The PoolParty Case Study,2017,1.ª pasada: no encontrado; arXiv por título: no encontrado,sin copia de acceso abierto localizada por DOI ni en arXiv,2,"recuperación por DOI (Unpaywall, Semantic Scholar, PubMed Central, enlaces de minería de Crossref, resolución del DOI) + búsqueda por título en la API de arXiv",1.ª pasada: unpaywall 200: no OA location; semantic_scholar 200: no openAccessPdf; pmc 200: no PMCID found; crossref_tdm : no TDM links in CrossRef; doi_resolve 200: landing page accessible but full text requires HTML scraping — consider uploading PDF manually | arXiv: sin candidato,no se localizó una copia de acceso abierto por las vías probadas,2026-09-27,no demuestra que no exista una copia accesible: solo que no se localizó por estas vías en esa fecha,no evaluado: fuera de la síntesis y de los denominadores; no cuenta como exclusión por contenido; reevaluable con acceso institucional o con el PDF,consultar el DOI con acceso institucional o solicitar el PDF a los autores
W4407907179,principal,W4407907179,True,si,título y resumen,10.1145/3712464.3712507,Automated Implementation Scheme for Low-Code Development Based on Large Language Models,2024,1.ª pasada: no encontrado; arXiv por título: no encontrado,sin copia de acceso abierto localizada por DOI ni en arXiv,2,"recuperación por DOI (Unpaywall, Semantic Scholar, PubMed Central, enlaces de minería de Crossref, resolución del DOI) + búsqueda por título en la API de arXiv",1.ª pasada: unpaywall 200: no OA location; semantic_scholar 200: no openAccessPdf; pmc 200: no PMCID found; crossref_tdm : no TDM link returned accessible content; doi_resolve 403: HTTP 403 | arXiv: sin candidato,no se localizó una copia de acceso abierto por las vías probadas,2026-09-27,no demuestra que no exista una copia accesible: solo que no se localizó por estas vías en esa fecha,no evaluado: fuera de la síntesis y de los denominadores; no cuenta como exclusión por contenido; reevaluable con acceso institucional o con el PDF,consultar el DOI con acceso institucional o solicitar el PDF a los autores
D-W2987131029,dirigida,W2987131029,False,sin resumen que verificar,solo título,,Ingeniería de requisitos basada en Teatro Psicopedagógico para el desarrollo de Sistemas Recomendadores Educativos Afectivos Sensibles al Contexto,2018,arXiv por título: no encontrado,sin DOI: solo se buscó por título en arXiv,1,búsqueda por título en la API de arXiv,arXiv: sin candidato,"sin DOI: solo se buscó por título en arXiv, sin copia localizada",2026-09-27,no demuestra que no exista una copia accesible: solo que no se localizó por estas vías en esa fecha,no evaluado: fuera de la síntesis y de los denominadores; no cuenta como exclusión por contenido; reevaluable con acceso institucional o con el PDF,localizar la publicación por título y sede; solicitar el PDF
W3204811114,principal,W3204811114,False,sin resumen que verificar,solo título,10.1007/978-3-030-88081-1_49,Establishing the Informational Requirements for Modelling Open Domain Dialogue and Prototyping a Retrieval Open Domain Dialogue System,2021,1.ª pasada: no encontrado; arXiv por título: no encontrado,sin copia de acceso abierto localizada por DOI ni en arXiv,2,"recuperación por DOI (Unpaywall, Semantic Scholar, PubMed Central, enlaces de minería de Crossref, resolución del DOI) + búsqueda por título en la API de arXiv",1.ª pasada: unpaywall 200: no OA location returned valid PDF; semantic_scholar : PDF fetch failed: 403; pmc 200: no PMCID found; crossref_tdm : no TDM links in CrossRef; doi_resolve 200: landing page accessible but full text requires HTML scraping — consider uploading PDF manually | arXiv: sin candidato,no se localizó una copia de acceso abierto por las vías probadas,2026-09-27,no demuestra que no exista una copia accesible: solo que no se localizó por estas vías en esa fecha,no evaluado: fuera de la síntesis y de los denominadores; no cuenta como exclusión por contenido; reevaluable con acceso institucional o con el PDF,consultar el DOI con acceso institucional o solicitar el PDF a los autores
W3179347808,principal,W3179347808,False,sin resumen que verificar,solo título,10.1007/978-3-030-73758-0_5,FASTEN: An Extensible Platform to Experiment with Rigorous Modeling of Safety-Critical Systems,2021,1.ª pasada: no encontrado; arXiv por título: no encontrado,sin copia de acceso abierto localizada por DOI ni en arXiv,2,"recuperación por DOI (Unpaywall, Semantic Scholar, PubMed Central, enlaces de minería de Crossref, resolución del DOI) + búsqueda por título en la API de arXiv",1.ª pasada: unpaywall 200: no OA location; semantic_scholar 200: no openAccessPdf; pmc 200: no PMCID found; crossref_tdm : no TDM links in CrossRef; doi_resolve 200: landing page accessible but full text requires HTML scraping — consider uploading PDF manually | arXiv: sin candidato,no se localizó una copia de acceso abierto por las vías probadas,2026-09-27,no demuestra que no exista una copia accesible: solo que no se localizó por estas vías en esa fecha,no evaluado: fuera de la síntesis y de los denominadores; no cuenta como exclusión por contenido; reevaluable con acceso institucional o con el PDF,consultar el DOI con acceso institucional o solicitar el PDF a los autores
W4226275196,principal,W4226275196,False,sin resumen que verificar,solo título,10.1007/978-3-030-98464-9_6,Abbreviation-Expansion Pair Detection for Glossary Term Extraction,2022,1.ª pasada: no encontrado; arXiv por título: no encontrado,sin copia de acceso abierto localizada por DOI ni en arXiv,2,"recuperación por DOI (Unpaywall, Semantic Scholar, PubMed Central, enlaces de minería de Crossref, resolución del DOI) + búsqueda por título en la API de arXiv",1.ª pasada: unpaywall 200: no OA location; semantic_scholar 200: no openAccessPdf; pmc 200: no PMCID found; crossref_tdm : no TDM links in CrossRef; doi_resolve 200: landing page accessible but full text requires HTML scraping — consider uploading PDF manually | arXiv: sin candidato,no se localizó una copia de acceso abierto por las vías probadas,2026-09-27,no demuestra que no exista una copia accesible: solo que no se localizó por estas vías en esa fecha,no evaluado: fuera de la síntesis y de los denominadores; no cuenta como exclusión por contenido; reevaluable con acceso institucional o con el PDF,consultar el DOI con acceso institucional o solicitar el PDF a los autores
W4294738754,principal,W4294738754,False,sin resumen que verificar,solo título,10.1007/978-3-031-14602-2_8,Digital Modeling of a Domain Ontology for Hospital Information Systems,2022,1.ª pasada: no encontrado; arXiv por título: no encontrado,sin copia de acceso abierto localizada por DOI ni en arXiv,2,"recuperación por DOI (Unpaywall, Semantic Scholar, PubMed Central, enlaces de minería de Crossref, resolución del DOI) + búsqueda por título en la API de arXiv",1.ª pasada: unpaywall 200: no OA location; semantic_scholar 404: HTTP 404; pmc 200: no PMCID found; crossref_tdm : no TDM links in CrossRef; doi_resolve 200: landing page accessible but full text requires HTML scraping — consider uploading PDF manually | arXiv: sin candidato,no se localizó una copia de acceso abierto por las vías probadas,2026-09-27,no demuestra que no exista una copia accesible: solo que no se localizó por estas vías en esa fecha,no evaluado: fuera de la síntesis y de los denominadores; no cuenta como exclusión por contenido; reevaluable con acceso institucional o con el PDF,consultar el DOI con acceso institucional o solicitar el PDF a los autores
W7140161640,principal,W7140161640,False,sin resumen que verificar,solo título,10.1007/978-3-032-21423-2_21,Supporting Stakeholder Requirements Expression with LLM Revisions: An Empirical Evaluation,2026,1.ª pasada: no encontrado; arXiv por título: no encontrado,sin copia de acceso abierto localizada por DOI ni en arXiv,2,"recuperación por DOI (Unpaywall, Semantic Scholar, PubMed Central, enlaces de minería de Crossref, resolución del DOI) + búsqueda por título en la API de arXiv",1.ª pasada: unpaywall 200: no OA location; semantic_scholar 404: HTTP 404; pmc 200: no PMCID found; crossref_tdm : no TDM links in CrossRef; doi_resolve 200: landing page accessible but full text requires HTML scraping — consider uploading PDF manually | arXiv: sin candidato,no se localizó una copia de acceso abierto por las vías probadas,2026-09-27,no demuestra que no exista una copia accesible: solo que no se localizó por estas vías en esa fecha,no evaluado: fuera de la síntesis y de los denominadores; no cuenta como exclusión por contenido; reevaluable con acceso institucional o con el PDF,consultar el DOI con acceso institucional o solicitar el PDF a los autores
W4405094100,principal,W4405094100,False,sin resumen que verificar,solo título,10.1007/978-981-96-0808-9_25,Towards an Automated Verification Approach for ERC-Based Smart Contracts,2024,1.ª pasada: no encontrado; arXiv por título: no encontrado,sin copia de acceso abierto localizada por DOI ni en arXiv,2,"recuperación por DOI (Unpaywall, Semantic Scholar, PubMed Central, enlaces de minería de Crossref, resolución del DOI) + búsqueda por título en la API de arXiv",1.ª pasada: unpaywall 200: no OA location; semantic_scholar 200: no openAccessPdf; pmc 200: no PMCID found; crossref_tdm : no TDM links in CrossRef; doi_resolve 200: landing page accessible but full text requires HTML scraping — consider uploading PDF manually | arXiv: sin candidato,no se localizó una copia de acceso abierto por las vías probadas,2026-09-27,no demuestra que no exista una copia accesible: solo que no se localizó por estas vías en esa fecha,no evaluado: fuera de la síntesis y de los denominadores; no cuenta como exclusión por contenido; reevaluable con acceso institucional o con el PDF,consultar el DOI con acceso institucional o solicitar el PDF a los autores
W4312964919,principal,W4312964919,False,sin resumen que verificar,solo título,10.1007/978-3-031-17292-2_6,An Approach to Software Assets Reusing,2022,1.ª pasada: no encontrado; arXiv por título: no encontrado,sin copia de acceso abierto localizada por DOI ni en arXiv,2,"recuperación por DOI (Unpaywall, Semantic Scholar, PubMed Central, enlaces de minería de Crossref, resolución del DOI) + búsqueda por título en la API de arXiv",1.ª pasada: unpaywall 200: no OA location; semantic_scholar 404: HTTP 404; pmc 200: no PMCID found; crossref_tdm : no TDM links in CrossRef; doi_resolve 200: landing page accessible but full text requires HTML scraping — consider uploading PDF manually | arXiv: sin candidato,no se localizó una copia de acceso abierto por las vías probadas,2026-09-27,no demuestra que no exista una copia accesible: solo que no se localizó por estas vías en esa fecha,no evaluado: fuera de la síntesis y de los denominadores; no cuenta como exclusión por contenido; reevaluable con acceso institucional o con el PDF,consultar el DOI con acceso institucional o solicitar el PDF a los autores
W7119484485,principal,W7119484485,False,sin resumen que verificar,solo título,10.1007/s10515-025-00587-5,QuaRUM: qualitative data analysis-based retrieval-augmented UML domain model from requirements documents,2026,1.ª pasada: no encontrado; arXiv por título: no encontrado,sin copia de acceso abierto localizada por DOI ni en arXiv,2,"recuperación por DOI (Unpaywall, Semantic Scholar, PubMed Central, enlaces de minería de Crossref, resolución del DOI) + búsqueda por título en la API de arXiv",1.ª pasada: unpaywall 200: no OA location; semantic_scholar 200: no openAccessPdf; pmc 200: no PMCID found; crossref_tdm : no TDM link returned accessible content; doi_resolve 200: landing page accessible but full text requires HTML scraping — consider uploading PDF manually | arXiv: sin candidato,no se localizó una copia de acceso abierto por las vías probadas,2026-09-27,no demuestra que no exista una copia accesible: solo que no se localizó por estas vías en esa fecha,no evaluado: fuera de la síntesis y de los denominadores; no cuenta como exclusión por contenido; reevaluable con acceso institucional o con el PDF,consultar el DOI con acceso institucional o solicitar el PDF a los autores
W2461549254,principal,W2461549254,False,sin resumen que verificar,solo título,10.1007/978-3-319-30243-0_6,Towards a CBSE Framework for Enhancing Software Reuse: Matching Component Properties Using Semi-formal Specifications and Ontologies,2016,1.ª pasada: no encontrado; arXiv por título: no encontrado,sin copia de acceso abierto localizada por DOI ni en arXiv,2,"recuperación por DOI (Unpaywall, Semantic Scholar, PubMed Central, enlaces de minería de Crossref, resolución del DOI) + búsqueda por título en la API de arXiv",1.ª pasada: unpaywall 200: no OA location; semantic_scholar : SafeFetchError: safeFetch: https-only (got http://) — http://urn.kb.se/resolve?urn=urn:nbn:se:ri:diva-24517; pmc 200: no PMCID found; crossref_tdm : no TDM links in CrossRef; doi_resolve 200: landing page accessible but full text requires HTML scraping — consider uploading PDF manually | arXiv: sin candidato,no se localizó una copia de acceso abierto por las vías probadas,2026-09-27,no demuestra que no exista una copia accesible: solo que no se localizó por estas vías en esa fecha,no evaluado: fuera de la síntesis y de los denominadores; no cuenta como exclusión por contenido; reevaluable con acceso institucional o con el PDF,consultar el DOI con acceso institucional o solicitar el PDF a los autores
W3037649786,principal,W3037649786,False,sin resumen que verificar,solo título,10.1007/978-3-030-50316-1_28,COPri - A Core Ontology for Privacy Requirements Engineering,2020,1.ª pasada: no encontrado; arXiv por título: no encontrado,sin copia de acceso abierto localizada por DOI ni en arXiv,2,"recuperación por DOI (Unpaywall, Semantic Scholar, PubMed Central, enlaces de minería de Crossref, resolución del DOI) + búsqueda por título en la API de arXiv",1.ª pasada: unpaywall 200: no OA location; semantic_scholar : SafeFetchError: safeFetch: https-only (got http://) — http://hdl.handle.net/11572/291783; pmc 200: no PMCID found; crossref_tdm : no TDM links in CrossRef; doi_resolve 200: landing page accessible but full text requires HTML scraping — consider uploading PDF manually | arXiv: sin candidato,no se localizó una copia de acceso abierto por las vías probadas,2026-09-27,no demuestra que no exista una copia accesible: solo que no se localizó por estas vías en esa fecha,no evaluado: fuera de la síntesis y de los denominadores; no cuenta como exclusión por contenido; reevaluable con acceso institucional o con el PDF,consultar el DOI con acceso institucional o solicitar el PDF a los autores
W2794466190,principal,W2794466190,True,si,título y resumen,,Which Semantics for Requirements Engineering: From Shallow to Deep.,2018,arXiv por título: no encontrado,sin DOI: solo se buscó por título en arXiv,1,búsqueda por título en la API de arXiv,arXiv: sin candidato,"sin DOI: solo se buscó por título en arXiv, sin copia localizada",2026-09-27,no demuestra que no exista una copia accesible: solo que no se localizó por estas vías en esa fecha,no evaluado: fuera de la síntesis y de los denominadores; no cuenta como exclusión por contenido; reevaluable con acceso institucional o con el PDF,localizar la publicación por título y sede; solicitar el PDF
W4414219476,principal,W4414219476,False,sin resumen que verificar,solo título,10.1007/978-3-032-04200-2_26,"Mapping the Landscape of Requirements Completeness: Definitions, Techniques, Tools, and the Emerging Role of AI",2025,1.ª pasada: no encontrado; arXiv por título: no encontrado,sin copia de acceso abierto localizada por DOI ni en arXiv,2,"recuperación por DOI (Unpaywall, Semantic Scholar, PubMed Central, enlaces de minería de Crossref, resolución del DOI) + búsqueda por título en la API de arXiv",1.ª pasada: unpaywall 200: no OA location; semantic_scholar 200: no openAccessPdf; pmc 200: no PMCID found; crossref_tdm : no TDM links in CrossRef; doi_resolve 200: landing page accessible but full text requires HTML scraping — consider uploading PDF manually | arXiv: sin candidato,no se localizó una copia de acceso abierto por las vías probadas,2026-09-27,no demuestra que no exista una copia accesible: solo que no se localizó por estas vías en esa fecha,no evaluado: fuera de la síntesis y de los denominadores; no cuenta como exclusión por contenido; reevaluable con acceso institucional o con el PDF,consultar el DOI con acceso institucional o solicitar el PDF a los autores
W2772863937,principal,W2772863937,False,sin resumen que verificar,solo título,10.1016/j.infsof.2017.11.011,Sustainability analysis and ease of learning in artifact-based requirements engineering: The newest member of the family of studies (It’s a girl!),2017,1.ª pasada: no encontrado; arXiv por título: no encontrado,sin copia de acceso abierto localizada por DOI ni en arXiv,2,"recuperación por DOI (Unpaywall, Semantic Scholar, PubMed Central, enlaces de minería de Crossref, resolución del DOI) + búsqueda por título en la API de arXiv",1.ª pasada: unpaywall 200: no OA location; semantic_scholar 200: no openAccessPdf; pmc 200: no PMCID found; crossref_tdm : no TDM link returned accessible content; doi_resolve 200: landing page accessible but full text requires HTML scraping — consider uploading PDF manually | arXiv: sin candidato,no se localizó una copia de acceso abierto por las vías probadas,2026-09-27,no demuestra que no exista una copia accesible: solo que no se localizó por estas vías en esa fecha,no evaluado: fuera de la síntesis y de los denominadores; no cuenta como exclusión por contenido; reevaluable con acceso institucional o con el PDF,consultar el DOI con acceso institucional o solicitar el PDF a los autores
W4241863337,principal,W4241863337,False,sin resumen que verificar,solo título,10.1007/s10009-019-00542-2,Modeling the hybrid ERTMS/ETCS level 3 standard using a formal requirements engineering approach,2019,1.ª pasada: no encontrado; reintento: no encontrado; arXiv por título: no encontrado,sin copia de acceso abierto localizada por DOI ni en arXiv,3,"recuperación por DOI (Unpaywall, Semantic Scholar, PubMed Central, enlaces de minería de Crossref, resolución del DOI) + búsqueda por título en la API de arXiv",1.ª pasada: unpaywall 200: no OA location; semantic_scholar 429: HTTP 429; pmc 200: no PMCID found; crossref_tdm : no TDM link returned accessible content; doi_resolve 200: landing page accessible but full text requires HTML scraping — consider uploading PDF manually | reintento: unpaywall 200: no OA location; semantic_scholar 200: no openAccessPdf; pmc 200: no PMCID found; crossref_tdm : no TDM link returned accessible content; doi_resolve 200: landing page accessible but full text requires HTML scraping — consider uploading PDF manually | arXiv: sin candidato,no se localizó una copia de acceso abierto por las vías probadas,2026-09-27,no demuestra que no exista una copia accesible: solo que no se localizó por estas vías en esa fecha,no evaluado: fuera de la síntesis y de los denominadores; no cuenta como exclusión por contenido; reevaluable con acceso institucional o con el PDF,consultar el DOI con acceso institucional o solicitar el PDF a los autores
W4404878293,principal,W4404878293,False,sin resumen que verificar,solo título,10.1007/978-3-031-72107-6_13,Agent-Oriented Modeling for the Age of AI: Nine Pivots Toward a Reconceptualization of Requirements Engineering,2024,1.ª pasada: no encontrado; reintento: no encontrado; arXiv por título: no encontrado,sin copia de acceso abierto localizada por DOI ni en arXiv,3,"recuperación por DOI (Unpaywall, Semantic Scholar, PubMed Central, enlaces de minería de Crossref, resolución del DOI) + búsqueda por título en la API de arXiv",1.ª pasada: unpaywall 200: no OA location; semantic_scholar 429: HTTP 429; pmc 200: no PMCID found; crossref_tdm : no TDM links in CrossRef; doi_resolve 200: landing page accessible but full text requires HTML scraping — consider uploading PDF manually | reintento: unpaywall 200: no OA location; semantic_scholar 200: no openAccessPdf; pmc 200: no PMCID found; crossref_tdm : no TDM links in CrossRef; doi_resolve 200: landing page accessible but full text requires HTML scraping — consider uploading PDF manually | arXiv: sin candidato,no se localizó una copia de acceso abierto por las vías probadas,2026-09-27,no demuestra que no exista una copia accesible: solo que no se localizó por estas vías en esa fecha,no evaluado: fuera de la síntesis y de los denominadores; no cuenta como exclusión por contenido; reevaluable con acceso institucional o con el PDF,consultar el DOI con acceso institucional o solicitar el PDF a los autores
W2181759940,principal,W2181759940,False,sin resumen que verificar,solo título,10.1016/j.infsof.2015.11.006,Terminological inconsistency analysis of natural language requirements,2015,1.ª pasada: no encontrado; arXiv por título: no encontrado,sin copia de acceso abierto localizada por DOI ni en arXiv,2,"recuperación por DOI (Unpaywall, Semantic Scholar, PubMed Central, enlaces de minería de Crossref, resolución del DOI) + búsqueda por título en la API de arXiv",1.ª pasada: unpaywall 200: no OA location; semantic_scholar 200: no openAccessPdf; pmc 200: no PMCID found; crossref_tdm : no TDM link returned accessible content; doi_resolve 200: landing page accessible but full text requires HTML scraping — consider uploading PDF manually | arXiv: sin candidato,no se localizó una copia de acceso abierto por las vías probadas,2026-09-27,no demuestra que no exista una copia accesible: solo que no se localizó por estas vías en esa fecha,no evaluado: fuera de la síntesis y de los denominadores; no cuenta como exclusión por contenido; reevaluable con acceso institucional o con el PDF,consultar el DOI con acceso institucional o solicitar el PDF a los autores
W3199085669,principal,W3199085669,True,si,título y resumen,10.1109/compsac51774.2021.00171,A Model to Helping the Construction of Creative Service-Based Software,2021,1.ª pasada: no encontrado; arXiv por título: no encontrado,sin copia de acceso abierto localizada por DOI ni en arXiv,2,"recuperación por DOI (Unpaywall, Semantic Scholar, PubMed Central, enlaces de minería de Crossref, resolución del DOI) + búsqueda por título en la API de arXiv",1.ª pasada: unpaywall 200: no OA location; semantic_scholar 200: no openAccessPdf; pmc 200: no PMCID found; crossref_tdm : no TDM links in CrossRef; doi_resolve 202: HTTP 202 | arXiv: sin candidato,no se localizó una copia de acceso abierto por las vías probadas,2026-09-27,no demuestra que no exista una copia accesible: solo que no se localizó por estas vías en esa fecha,no evaluado: fuera de la síntesis y de los denominadores; no cuenta como exclusión por contenido; reevaluable con acceso institucional o con el PDF,consultar el DOI con acceso institucional o solicitar el PDF a los autores
D-W2970392703,dirigida,W2970392703,False,sin resumen que verificar,solo título,,Proceso de Ingeniería de requisitos para un modelo de la calidad en Cuba.,2019,arXiv por título: no encontrado,sin DOI: solo se buscó por título en arXiv,1,búsqueda por título en la API de arXiv,arXiv: sin candidato,"sin DOI: solo se buscó por título en arXiv, sin copia localizada",2026-09-27,no demuestra que no exista una copia accesible: solo que no se localizó por estas vías en esa fecha,no evaluado: fuera de la síntesis y de los denominadores; no cuenta como exclusión por contenido; reevaluable con acceso institucional o con el PDF,localizar la publicación por título y sede; solicitar el PDF
W2755375180,principal,W2755375180,False,sin resumen que verificar,solo título,10.1007/s00766-017-0279-5,Using the AMAN-DA method to generate security requirements: a case study in the maritime domain,2017,1.ª pasada: no encontrado; arXiv por título: no encontrado,sin copia de acceso abierto localizada por DOI ni en arXiv,2,"recuperación por DOI (Unpaywall, Semantic Scholar, PubMed Central, enlaces de minería de Crossref, resolución del DOI) + búsqueda por título en la API de arXiv",1.ª pasada: unpaywall 200: no OA location; semantic_scholar 200: no openAccessPdf; pmc 200: no PMCID found; crossref_tdm : no TDM link returned accessible content; doi_resolve 200: landing page accessible but full text requires HTML scraping — consider uploading PDF manually | arXiv: sin candidato,no se localizó una copia de acceso abierto por las vías probadas,2026-09-27,no demuestra que no exista una copia accesible: solo que no se localizó por estas vías en esa fecha,no evaluado: fuera de la síntesis y de los denominadores; no cuenta como exclusión por contenido; reevaluable con acceso institucional o con el PDF,consultar el DOI con acceso institucional o solicitar el PDF a los autores
W2610831067,principal,W2610831067,False,sin resumen que verificar,solo título,10.1007/s00766-017-0267-9,Hazard Relation Diagrams: a diagrammatic representation to increase validation objectivity of requirements-based hazard mitigations,2017,1.ª pasada: no encontrado; arXiv por título: no encontrado,sin copia de acceso abierto localizada por DOI ni en arXiv,2,"recuperación por DOI (Unpaywall, Semantic Scholar, PubMed Central, enlaces de minería de Crossref, resolución del DOI) + búsqueda por título en la API de arXiv",1.ª pasada: unpaywall 200: no OA location; semantic_scholar 200: no openAccessPdf; pmc 200: no PMCID found; crossref_tdm : no TDM link returned accessible content; doi_resolve 200: landing page accessible but full text requires HTML scraping — consider uploading PDF manually | arXiv: sin candidato,no se localizó una copia de acceso abierto por las vías probadas,2026-09-27,no demuestra que no exista una copia accesible: solo que no se localizó por estas vías en esa fecha,no evaluado: fuera de la síntesis y de los denominadores; no cuenta como exclusión por contenido; reevaluable con acceso institucional o con el PDF,consultar el DOI con acceso institucional o solicitar el PDF a los autores
D-W3149944920,dirigida,W3149944920,False,sin resumen que verificar,solo título,,Calibración de hiperparámetros para la clasificación de requisitos de software mediante evolución diferencial,2020,arXiv por título: no encontrado,sin DOI: solo se buscó por título en arXiv,1,búsqueda por título en la API de arXiv,arXiv: sin candidato,"sin DOI: solo se buscó por título en arXiv, sin copia localizada",2026-09-27,no demuestra que no exista una copia accesible: solo que no se localizó por estas vías en esa fecha,no evaluado: fuera de la síntesis y de los denominadores; no cuenta como exclusión por contenido; reevaluable con acceso institucional o con el PDF,localizar la publicación por título y sede; solicitar el PDF
W4402675603,principal,W4402675603,False,sin resumen que verificar,solo título,10.1016/j.infsof.2024.107584,A search-and-fill strategy to code generation for complex software requirements,2024,1.ª pasada: no encontrado; reintento: no encontrado; arXiv por título: no encontrado,sin copia de acceso abierto localizada por DOI ni en arXiv,3,"recuperación por DOI (Unpaywall, Semantic Scholar, PubMed Central, enlaces de minería de Crossref, resolución del DOI) + búsqueda por título en la API de arXiv",1.ª pasada: unpaywall 200: no OA location; semantic_scholar 429: HTTP 429; pmc 200: no PMCID found; crossref_tdm : no TDM link returned accessible content; doi_resolve 200: landing page accessible but full text requires HTML scraping — consider uploading PDF manually | reintento: unpaywall 200: no OA location; semantic_scholar 200: no openAccessPdf; pmc 200: no PMCID found; crossref_tdm : no TDM link returned accessible content; doi_resolve 200: landing page accessible but full text requires HTML scraping — consider uploading PDF manually | arXiv: sin candidato,no se localizó una copia de acceso abierto por las vías probadas,2026-09-27,no demuestra que no exista una copia accesible: solo que no se localizó por estas vías en esa fecha,no evaluado: fuera de la síntesis y de los denominadores; no cuenta como exclusión por contenido; reevaluable con acceso institucional o con el PDF,consultar el DOI con acceso institucional o solicitar el PDF a los autores
W2768228955,principal,W2768228955,False,sin resumen que verificar,solo título,10.1007/978-3-319-71440-0_5,Expert Sourcing to Support the Identification of Model Elements in System Descriptions,2017,1.ª pasada: no encontrado; arXiv por título: no encontrado,sin copia de acceso abierto localizada por DOI ni en arXiv,2,"recuperación por DOI (Unpaywall, Semantic Scholar, PubMed Central, enlaces de minería de Crossref, resolución del DOI) + búsqueda por título en la API de arXiv",1.ª pasada: unpaywall 200: no OA location; semantic_scholar 200: no openAccessPdf; pmc 200: no PMCID found; crossref_tdm : no TDM links in CrossRef; doi_resolve 200: landing page accessible but full text requires HTML scraping — consider uploading PDF manually | arXiv: sin candidato,no se localizó una copia de acceso abierto por las vías probadas,2026-09-27,no demuestra que no exista una copia accesible: solo que no se localizó por estas vías en esa fecha,no evaluado: fuera de la síntesis y de los denominadores; no cuenta como exclusión por contenido; reevaluable con acceso institucional o con el PDF,consultar el DOI con acceso institucional o solicitar el PDF a los autores
W4402595032,principal,W4402595032,True,si,título y resumen,10.1109/sse62657.2024.00026,Software Service Engineering in the Era of Large Language Models,2024,1.ª pasada: no encontrado; reintento: no encontrado; arXiv por título: no encontrado,sin copia de acceso abierto localizada por DOI ni en arXiv,3,"recuperación por DOI (Unpaywall, Semantic Scholar, PubMed Central, enlaces de minería de Crossref, resolución del DOI) + búsqueda por título en la API de arXiv",1.ª pasada: unpaywall 200: no OA location; semantic_scholar 429: HTTP 429; pmc 200: no PMCID found; crossref_tdm : no TDM links in CrossRef; doi_resolve 202: HTTP 202 | reintento: unpaywall 200: no OA location; semantic_scholar 200: no openAccessPdf; pmc 200: no PMCID found; crossref_tdm : no TDM links in CrossRef; doi_resolve 202: HTTP 202 | arXiv: sin candidato,no se localizó una copia de acceso abierto por las vías probadas,2026-09-27,no demuestra que no exista una copia accesible: solo que no se localizó por estas vías en esa fecha,no evaluado: fuera de la síntesis y de los denominadores; no cuenta como exclusión por contenido; reevaluable con acceso institucional o con el PDF,consultar el DOI con acceso institucional o solicitar el PDF a los autores
W4417231376,principal,W4417231376,False,sin resumen que verificar,solo título,10.1007/s10579-025-09855-y,Enhancing software and learning with Serbian student feedback corpora,2025,1.ª pasada: no encontrado; reintento: no encontrado; arXiv por título: no encontrado,sin copia de acceso abierto localizada por DOI ni en arXiv,3,"recuperación por DOI (Unpaywall, Semantic Scholar, PubMed Central, enlaces de minería de Crossref, resolución del DOI) + búsqueda por título en la API de arXiv",1.ª pasada: crossref 502: CrossRef lookup failed — cannot verify DOI exists | reintento: unpaywall 200: no OA location; semantic_scholar 200: no openAccessPdf; pmc 200: no PMCID found; crossref_tdm : no TDM link returned accessible content; doi_resolve 200: landing page accessible but full text requires HTML scraping — consider uploading PDF manually | arXiv: sin candidato,no se localizó una copia de acceso abierto por las vías probadas,2026-09-27,no demuestra que no exista una copia accesible: solo que no se localizó por estas vías en esa fecha,no evaluado: fuera de la síntesis y de los denominadores; no cuenta como exclusión por contenido; reevaluable con acceso institucional o con el PDF,consultar el DOI con acceso institucional o solicitar el PDF a los autores
W2296412217,principal,W2296412217,True,si,título y resumen,10.5220/0005398301880200,OnTheme/Doc - An Ontology-based Approach for Crosscutting Concern Identification from Software Requirements,2015,1.ª pasada: no encontrado; arXiv por título: no encontrado,sin copia de acceso abierto localizada por DOI ni en arXiv,2,"recuperación por DOI (Unpaywall, Semantic Scholar, PubMed Central, enlaces de minería de Crossref, resolución del DOI) + búsqueda por título en la API de arXiv","1.ª pasada: unpaywall 200: no OA location; semantic_scholar : URL is a DOI redirect, not a direct PDF; pmc 200: no PMCID found; crossref_tdm : no TDM links in CrossRef; doi_resolve 200: landing page accessible but full text requires HTML scraping — consider uploading PDF manually | arXiv: sin candidato",no se localizó una copia de acceso abierto por las vías probadas,2026-09-27,no demuestra que no exista una copia accesible: solo que no se localizó por estas vías en esa fecha,no evaluado: fuera de la síntesis y de los denominadores; no cuenta como exclusión por contenido; reevaluable con acceso institucional o con el PDF,consultar el DOI con acceso institucional o solicitar el PDF a los autores
W4415186721,principal,W4415186721,False,sin resumen que verificar,solo título,10.1007/978-3-032-06401-1_37,Computational Tool Based on AI for the Management of Clinical Relevance Denials,2025,1.ª pasada: no encontrado; arXiv por título: no encontrado,sin copia de acceso abierto localizada por DOI ni en arXiv,2,"recuperación por DOI (Unpaywall, Semantic Scholar, PubMed Central, enlaces de minería de Crossref, resolución del DOI) + búsqueda por título en la API de arXiv",1.ª pasada: unpaywall 200: no OA location; semantic_scholar 404: HTTP 404; pmc 200: no PMCID found; crossref_tdm : no TDM links in CrossRef; doi_resolve 200: landing page accessible but full text requires HTML scraping — consider uploading PDF manually | arXiv: sin candidato,no se localizó una copia de acceso abierto por las vías probadas,2026-09-27,no demuestra que no exista una copia accesible: solo que no se localizó por estas vías en esa fecha,no evaluado: fuera de la síntesis y de los denominadores; no cuenta como exclusión por contenido; reevaluable con acceso institucional o con el PDF,consultar el DOI con acceso institucional o solicitar el PDF a los autores
W3004827127,principal,W3004827127,False,sin resumen que verificar,solo título,10.1007/s00500-020-04688-z,Formal modelling of OWL ontologies-based requirements for the development of safe and secure smart city systems,2020,1.ª pasada: no encontrado; reintento: no encontrado; arXiv por título: no encontrado,sin copia de acceso abierto localizada por DOI ni en arXiv,3,"recuperación por DOI (Unpaywall, Semantic Scholar, PubMed Central, enlaces de minería de Crossref, resolución del DOI) + búsqueda por título en la API de arXiv",1.ª pasada: crossref 502: CrossRef lookup failed — cannot verify DOI exists | reintento: unpaywall 200: no OA location; semantic_scholar 200: no openAccessPdf; pmc 200: no PMCID found; crossref_tdm : no TDM link returned accessible content; doi_resolve 200: landing page accessible but full text requires HTML scraping — consider uploading PDF manually | arXiv: sin candidato,no se localizó una copia de acceso abierto por las vías probadas,2026-09-27,no demuestra que no exista una copia accesible: solo que no se localizó por estas vías en esa fecha,no evaluado: fuera de la síntesis y de los denominadores; no cuenta como exclusión por contenido; reevaluable con acceso institucional o con el PDF,consultar el DOI con acceso institucional o solicitar el PDF a los autores
W4382405173,principal,W4382405173,False,sin resumen que verificar,solo título,10.1016/j.scico.2023.102994,TABASCO: A transformer based contextualization toolkit,2023,1.ª pasada: no encontrado; arXiv por título: no encontrado,sin copia de acceso abierto localizada por DOI ni en arXiv,2,"recuperación por DOI (Unpaywall, Semantic Scholar, PubMed Central, enlaces de minería de Crossref, resolución del DOI) + búsqueda por título en la API de arXiv",1.ª pasada: unpaywall 200: no OA location; semantic_scholar 200: no openAccessPdf; pmc 200: no PMCID found; crossref_tdm : no TDM link returned accessible content; doi_resolve 200: landing page accessible but full text requires HTML scraping — consider uploading PDF manually | arXiv: sin candidato,no se localizó una copia de acceso abierto por las vías probadas,2026-09-27,no demuestra que no exista una copia accesible: solo que no se localizó por estas vías en esa fecha,no evaluado: fuera de la síntesis y de los denominadores; no cuenta como exclusión por contenido; reevaluable con acceso institucional o con el PDF,consultar el DOI con acceso institucional o solicitar el PDF a los autores
W2528410472,principal,W2528410472,False,sin resumen que verificar,solo título,10.1007/978-3-319-47166-2_23,On the Use of Domain and System Knowledge Modeling in Goal-Based Event-B Specifications,2016,1.ª pasada: no encontrado; arXiv por título: no encontrado,sin copia de acceso abierto localizada por DOI ni en arXiv,2,"recuperación por DOI (Unpaywall, Semantic Scholar, PubMed Central, enlaces de minería de Crossref, resolución del DOI) + búsqueda por título en la API de arXiv",1.ª pasada: unpaywall 200: no OA location; semantic_scholar 200: no openAccessPdf; pmc 200: no PMCID found; crossref_tdm : no TDM links in CrossRef; doi_resolve 200: landing page accessible but full text requires HTML scraping — consider uploading PDF manually | arXiv: sin candidato,no se localizó una copia de acceso abierto por las vías probadas,2026-09-27,no demuestra que no exista una copia accesible: solo que no se localizó por estas vías en esa fecha,no evaluado: fuera de la síntesis y de los denominadores; no cuenta como exclusión por contenido; reevaluable con acceso institucional o con el PDF,consultar el DOI con acceso institucional o solicitar el PDF a los autores
W2587684450,principal,W2587684450,True,si,título y resumen,10.1109/intech.2016.7845068,Sematic analysis of business rules using discourse representation theory,2016,1.ª pasada: no encontrado; arXiv por título: no encontrado,sin copia de acceso abierto localizada por DOI ni en arXiv,2,"recuperación por DOI (Unpaywall, Semantic Scholar, PubMed Central, enlaces de minería de Crossref, resolución del DOI) + búsqueda por título en la API de arXiv",1.ª pasada: unpaywall 200: no OA location; semantic_scholar 200: no openAccessPdf; pmc 200: no PMCID found; crossref_tdm : no TDM links in CrossRef; doi_resolve 202: HTTP 202 | arXiv: sin candidato,no se localizó una copia de acceso abierto por las vías probadas,2026-09-27,no demuestra que no exista una copia accesible: solo que no se localizó por estas vías en esa fecha,no evaluado: fuera de la síntesis y de los denominadores; no cuenta como exclusión por contenido; reevaluable con acceso institucional o con el PDF,consultar el DOI con acceso institucional o solicitar el PDF a los autores
D-W2790857019,dirigida,W2790857019,False,sin resumen que verificar,solo título,,Um Estudo Baseado em Evidências sobre Abordagens Ágeis de Apoio ao Desenvolvimento de Requisitos de Software.,2017,arXiv por título: no encontrado,sin DOI: solo se buscó por título en arXiv,1,búsqueda por título en la API de arXiv,arXiv: sin candidato,"sin DOI: solo se buscó por título en arXiv, sin copia localizada",2026-09-27,no demuestra que no exista una copia accesible: solo que no se localizó por estas vías en esa fecha,no evaluado: fuera de la síntesis y de los denominadores; no cuenta como exclusión por contenido; reevaluable con acceso institucional o con el PDF,localizar la publicación por título y sede; solicitar el PDF
W2259064926,principal,W2259064926,False,sin resumen que verificar,solo título,10.1007/978-3-662-48634-4_12,Using an Ideas Creation System to Assist and Inspire Creativity in Requirements Engineering,2015,1.ª pasada: no encontrado; arXiv por título: no encontrado,sin copia de acceso abierto localizada por DOI ni en arXiv,2,"recuperación por DOI (Unpaywall, Semantic Scholar, PubMed Central, enlaces de minería de Crossref, resolución del DOI) + búsqueda por título en la API de arXiv",1.ª pasada: unpaywall 200: no OA location returned valid PDF; semantic_scholar : SafeFetchError: safeFetch: https-only (got http://) — http://www.springer.com/gb/book/9783662486337; pmc 200: no PMCID found; crossref_tdm : no TDM links in CrossRef; doi_resolve 200: landing page accessible but full text requires HTML scraping — consider uploading PDF manually | arXiv: sin candidato,no se localizó una copia de acceso abierto por las vías probadas,2026-09-27,no demuestra que no exista una copia accesible: solo que no se localizó por estas vías en esa fecha,no evaluado: fuera de la síntesis y de los denominadores; no cuenta como exclusión por contenido; reevaluable con acceso institucional o con el PDF,consultar el DOI con acceso institucional o solicitar el PDF a los autores
W2890187298,principal,W2890187298,False,sin resumen que verificar,solo título,10.1007/978-3-030-00787-4_1,Enterprise Ontology-Driven Development,2018,1.ª pasada: no encontrado; arXiv por título: no encontrado,sin copia de acceso abierto localizada por DOI ni en arXiv,2,"recuperación por DOI (Unpaywall, Semantic Scholar, PubMed Central, enlaces de minería de Crossref, resolución del DOI) + búsqueda por título en la API de arXiv",1.ª pasada: unpaywall 200: no OA location; semantic_scholar 200: no openAccessPdf; pmc 200: no PMCID found; crossref_tdm : no TDM links in CrossRef; doi_resolve 200: landing page accessible but full text requires HTML scraping — consider uploading PDF manually | arXiv: sin candidato,no se localizó una copia de acceso abierto por las vías probadas,2026-09-27,no demuestra que no exista una copia accesible: solo que no se localizó por estas vías en esa fecha,no evaluado: fuera de la síntesis y de los denominadores; no cuenta como exclusión por contenido; reevaluable con acceso institucional o con el PDF,consultar el DOI con acceso institucional o solicitar el PDF a los autores
W3015105962,principal,W3015105962,False,sin resumen que verificar,solo título,10.1007/978-3-030-30106-4_4,Mining Software Requirements,2020,1.ª pasada: no encontrado; arXiv por título: no encontrado,sin copia de acceso abierto localizada por DOI ni en arXiv,2,"recuperación por DOI (Unpaywall, Semantic Scholar, PubMed Central, enlaces de minería de Crossref, resolución del DOI) + búsqueda por título en la API de arXiv",1.ª pasada: unpaywall 200: no OA location; semantic_scholar 200: no openAccessPdf; pmc 200: no PMCID found; crossref_tdm : no TDM links in CrossRef; doi_resolve 200: landing page accessible but full text requires HTML scraping — consider uploading PDF manually | arXiv: candidato 1002.1199v1 con Jaccard de título 0.27,no se localizó una copia de acceso abierto por las vías probadas,2026-09-27,no demuestra que no exista una copia accesible: solo que no se localizó por estas vías en esa fecha,no evaluado: fuera de la síntesis y de los denominadores; no cuenta como exclusión por contenido; reevaluable con acceso institucional o con el PDF,consultar el DOI con acceso institucional o solicitar el PDF a los autores
W7140092931,principal,W7140092931,True,si,título y resumen,10.1109/it67293.2026.11435673,Towards Role-Based Multi-Agent LLM Systems for Software Requirements Analysis,2026,1.ª pasada: no encontrado; arXiv por título: no encontrado,sin copia de acceso abierto localizada por DOI ni en arXiv,2,"recuperación por DOI (Unpaywall, Semantic Scholar, PubMed Central, enlaces de minería de Crossref, resolución del DOI) + búsqueda por título en la API de arXiv",1.ª pasada: unpaywall 200: no OA location; semantic_scholar 200: no openAccessPdf; pmc 200: no PMCID found; crossref_tdm : no TDM links in CrossRef; doi_resolve 202: HTTP 202 | arXiv: sin candidato,no se localizó una copia de acceso abierto por las vías probadas,2026-09-27,no demuestra que no exista una copia accesible: solo que no se localizó por estas vías en esa fecha,no evaluado: fuera de la síntesis y de los denominadores; no cuenta como exclusión por contenido; reevaluable con acceso institucional o con el PDF,consultar el DOI con acceso institucional o solicitar el PDF a los autores
W2525372479,principal,W2525372479,True,si,título y resumen,,Domain ontology based detection approach to identify effect types of security requirements upon functional requirements,2015,arXiv por título: no encontrado,sin DOI: solo se buscó por título en arXiv,1,búsqueda por título en la API de arXiv,arXiv: sin candidato,"sin DOI: solo se buscó por título en arXiv, sin copia localizada",2026-09-27,no demuestra que no exista una copia accesible: solo que no se localizó por estas vías en esa fecha,no evaluado: fuera de la síntesis y de los denominadores; no cuenta como exclusión por contenido; reevaluable con acceso institucional o con el PDF,localizar la publicación por título y sede; solicitar el PDF
D-W2971253494,dirigida,W2971253494,False,sin resumen que verificar,solo título,,Sobre la Viabilidad de un Componente para Especificar Requisitos No Funcionales: Un Estudio de Síntesis Estructurada.,2019,arXiv por título: no encontrado,sin DOI: solo se buscó por título en arXiv,1,búsqueda por título en la API de arXiv,arXiv: sin candidato,"sin DOI: solo se buscó por título en arXiv, sin copia localizada",2026-09-27,no demuestra que no exista una copia accesible: solo que no se localizó por estas vías en esa fecha,no evaluado: fuera de la síntesis y de los denominadores; no cuenta como exclusión por contenido; reevaluable con acceso institucional o con el PDF,localizar la publicación por título y sede; solicitar el PDF
W2399720201,principal,W2399720201,False,sin resumen que verificar,solo título,10.1007/978-3-319-29473-5_11,Test Case Generation from Natural Language Requirements Using CPN Simulation,2016,1.ª pasada: no encontrado; arXiv por título: no encontrado,sin copia de acceso abierto localizada por DOI ni en arXiv,2,"recuperación por DOI (Unpaywall, Semantic Scholar, PubMed Central, enlaces de minería de Crossref, resolución del DOI) + búsqueda por título en la API de arXiv",1.ª pasada: unpaywall 200: no OA location; semantic_scholar 200: no openAccessPdf; pmc 200: no PMCID found; crossref_tdm : no TDM links in CrossRef; doi_resolve 200: landing page accessible but full text requires HTML scraping — consider uploading PDF manually | arXiv: sin candidato,no se localizó una copia de acceso abierto por las vías probadas,2026-09-27,no demuestra que no exista una copia accesible: solo que no se localizó por estas vías en esa fecha,no evaluado: fuera de la síntesis y de los denominadores; no cuenta como exclusión por contenido; reevaluable con acceso institucional o con el PDF,consultar el DOI con acceso institucional o solicitar el PDF a los autores
W2982252666,principal,W2982252666,False,sin resumen que verificar,solo título,10.1007/978-3-030-34146-6_15,GORO 2.0: Evolving an Ontology for Goal-Oriented Requirements Engineering,2019,1.ª pasada: no encontrado; reintento: no encontrado; arXiv por título: no encontrado,sin copia de acceso abierto localizada por DOI ni en arXiv,3,"recuperación por DOI (Unpaywall, Semantic Scholar, PubMed Central, enlaces de minería de Crossref, resolución del DOI) + búsqueda por título en la API de arXiv",1.ª pasada: unpaywall 200: no OA location; semantic_scholar 429: HTTP 429; pmc 200: no PMCID found; crossref_tdm : no TDM links in CrossRef; doi_resolve 200: landing page accessible but full text requires HTML scraping — consider uploading PDF manually | reintento: unpaywall 200: no OA location; semantic_scholar 200: no openAccessPdf; pmc 200: no PMCID found; crossref_tdm : no TDM links in CrossRef; doi_resolve 200: landing page accessible but full text requires HTML scraping — consider uploading PDF manually | arXiv: sin candidato,no se localizó una copia de acceso abierto por las vías probadas,2026-09-27,no demuestra que no exista una copia accesible: solo que no se localizó por estas vías en esa fecha,no evaluado: fuera de la síntesis y de los denominadores; no cuenta como exclusión por contenido; reevaluable con acceso institucional o con el PDF,consultar el DOI con acceso institucional o solicitar el PDF a los autores
W4241587546,principal,W4241587546,False,no,solo título (resumen ajeno retirado),10.1016/j.mprp.2015.01.007,UK focus on 3D printing safety,2015,búsqueda complementaria: no encontrado,sin copia de acceso abierto localizada por DOI ni en arXiv,2,"recuperación por DOI (Unpaywall, Semantic Scholar, PubMed Central, enlaces de minería de Crossref, resolución del DOI) + búsqueda por título en la API de arXiv (27-sep-2026, añadida en esta versión)","búsqueda complementaria: sin detalle | arXiv: sin candidato (consulta ti:""UK focus on 3D printing safety"", 0 resultados)",no se localizó una copia de acceso abierto por las vías probadas,2026-09-27,no demuestra que no exista una copia accesible: solo que no se localizó por estas vías en esa fecha,no evaluado: fuera de la síntesis y de los denominadores; no cuenta como exclusión por contenido; reevaluable con acceso institucional o con el PDF,consultar el DOI con acceso institucional o solicitar el PDF a los autores
W4287385199,principal,W4287385199,False,sin resumen que verificar,solo título,10.1007/978-3-031-10548-7_49,Software Functional Requirements Classification Using Ensemble Learning,2022,1.ª pasada: no encontrado; arXiv por título: no encontrado,sin copia de acceso abierto localizada por DOI ni en arXiv,2,"recuperación por DOI (Unpaywall, Semantic Scholar, PubMed Central, enlaces de minería de Crossref, resolución del DOI) + búsqueda por título en la API de arXiv",1.ª pasada: unpaywall 200: no OA location; semantic_scholar 200: no openAccessPdf; pmc 200: no PMCID found; crossref_tdm : no TDM links in CrossRef; doi_resolve 200: landing page accessible but full text requires HTML scraping — consider uploading PDF manually | arXiv: sin candidato,no se localizó una copia de acceso abierto por las vías probadas,2026-09-27,no demuestra que no exista una copia accesible: solo que no se localizó por estas vías en esa fecha,no evaluado: fuera de la síntesis y de los denominadores; no cuenta como exclusión por contenido; reevaluable con acceso institucional o con el PDF,consultar el DOI con acceso institucional o solicitar el PDF a los autores
W395385492,principal,W395385492,False,sin resumen que verificar,solo título,10.1007/978-3-319-15618-7_13,A Security Ontology for Security Requirements Elicitation,2015,1.ª pasada: no encontrado; reintento: no encontrado; arXiv por título: no encontrado,sin copia de acceso abierto localizada por DOI ni en arXiv,3,"recuperación por DOI (Unpaywall, Semantic Scholar, PubMed Central, enlaces de minería de Crossref, resolución del DOI) + búsqueda por título en la API de arXiv",1.ª pasada: crossref 502: CrossRef lookup failed — cannot verify DOI exists | reintento: unpaywall 200: no OA location; semantic_scholar 200: no openAccessPdf; pmc 200: no PMCID found; crossref_tdm : no TDM links in CrossRef; doi_resolve 200: landing page accessible but full text requires HTML scraping — consider uploading PDF manually | arXiv: sin candidato,no se localizó una copia de acceso abierto por las vías probadas,2026-09-27,no demuestra que no exista una copia accesible: solo que no se localizó por estas vías en esa fecha,no evaluado: fuera de la síntesis y de los denominadores; no cuenta como exclusión por contenido; reevaluable con acceso institucional o con el PDF,consultar el DOI con acceso institucional o solicitar el PDF a los autores
W1602445004,principal,W1602445004,True,si,título y resumen,10.1109/icdew.2015.7129546,SemTree: An index for supporting semantic retrieval of documents,2015,1.ª pasada: no encontrado; arXiv por título: no encontrado,sin copia de acceso abierto localizada por DOI ni en arXiv,2,"recuperación por DOI (Unpaywall, Semantic Scholar, PubMed Central, enlaces de minería de Crossref, resolución del DOI) + búsqueda por título en la API de arXiv",1.ª pasada: unpaywall 200: no OA location; semantic_scholar : PDF fetch failed: 403; pmc 200: no PMCID found; crossref_tdm : no TDM links in CrossRef; doi_resolve 202: HTTP 202 | arXiv: sin candidato,no se localizó una copia de acceso abierto por las vías probadas,2026-09-27,no demuestra que no exista una copia accesible: solo que no se localizó por estas vías en esa fecha,no evaluado: fuera de la síntesis y de los denominadores; no cuenta como exclusión por contenido; reevaluable con acceso institucional o con el PDF,consultar el DOI con acceso institucional o solicitar el PDF a los autores
W4285270336,principal,W4285270336,False,sin resumen que verificar,solo título,10.1007/978-3-031-02447-4_8,HSCRD: Hybridized Semantic Approach for Knowledge Centric Requirement Discovery,2022,1.ª pasada: no encontrado; arXiv por título: no encontrado,sin copia de acceso abierto localizada por DOI ni en arXiv,2,"recuperación por DOI (Unpaywall, Semantic Scholar, PubMed Central, enlaces de minería de Crossref, resolución del DOI) + búsqueda por título en la API de arXiv",1.ª pasada: unpaywall 200: no OA location; semantic_scholar 404: HTTP 404; pmc 200: no PMCID found; crossref_tdm : no TDM links in CrossRef; doi_resolve 200: landing page accessible but full text requires HTML scraping — consider uploading PDF manually | arXiv: sin candidato,no se localizó una copia de acceso abierto por las vías probadas,2026-09-27,no demuestra que no exista una copia accesible: solo que no se localizó por estas vías en esa fecha,no evaluado: fuera de la síntesis y de los denominadores; no cuenta como exclusión por contenido; reevaluable con acceso institucional o con el PDF,consultar el DOI con acceso institucional o solicitar el PDF a los autores
W4405764339,principal,W4405764339,False,sin resumen que verificar,solo título,10.1007/978-981-97-8798-2_7,Enhancing TrUStAPIS Methodology in the Web of Things with LLM-Generated IoT Trust Semantics,2024,1.ª pasada: no encontrado; reintento: no encontrado; arXiv por título: no encontrado,sin copia de acceso abierto localizada por DOI ni en arXiv,3,"recuperación por DOI (Unpaywall, Semantic Scholar, PubMed Central, enlaces de minería de Crossref, resolución del DOI) + búsqueda por título en la API de arXiv",1.ª pasada: unpaywall 200: no OA location; semantic_scholar 429: HTTP 429; pmc 200: no PMCID found; crossref_tdm : no TDM links in CrossRef; doi_resolve 200: landing page accessible but full text requires HTML scraping — consider uploading PDF manually | reintento: unpaywall 200: no OA location; semantic_scholar 200: no openAccessPdf; pmc 200: no PMCID found; crossref_tdm : no TDM links in CrossRef; doi_resolve 200: landing page accessible but full text requires HTML scraping — consider uploading PDF manually | arXiv: sin candidato,no se localizó una copia de acceso abierto por las vías probadas,2026-09-27,no demuestra que no exista una copia accesible: solo que no se localizó por estas vías en esa fecha,no evaluado: fuera de la síntesis y de los denominadores; no cuenta como exclusión por contenido; reevaluable con acceso institucional o con el PDF,consultar el DOI con acceso institucional o solicitar el PDF a los autores
W4409054034,principal,W4409054034,False,sin resumen que verificar,solo título,10.1007/978-3-031-88531-0_15,Automatic Prompt Engineering: The Case of Requirements Classification,2025,1.ª pasada: no encontrado; arXiv por título: no encontrado,sin copia de acceso abierto localizada por DOI ni en arXiv,2,"recuperación por DOI (Unpaywall, Semantic Scholar, PubMed Central, enlaces de minería de Crossref, resolución del DOI) + búsqueda por título en la API de arXiv",1.ª pasada: unpaywall 200: no OA location; semantic_scholar 200: no openAccessPdf; pmc 200: no PMCID found; crossref_tdm : no TDM links in CrossRef; doi_resolve 200: landing page accessible but full text requires HTML scraping — consider uploading PDF manually | arXiv: sin candidato,no se localizó una copia de acceso abierto por las vías probadas,2026-09-27,no demuestra que no exista una copia accesible: solo que no se localizó por estas vías en esa fecha,no evaluado: fuera de la síntesis y de los denominadores; no cuenta como exclusión por contenido; reevaluable con acceso institucional o con el PDF,consultar el DOI con acceso institucional o solicitar el PDF a los autores
W7117468024,principal,W7117468024,True,si,título y resumen,10.1109/ms.2025.3622259,"Intentions, Standards, and Emotions: How Requirements Are Engineered in the Era of Large Language Models",2025,1.ª pasada: no encontrado; arXiv por título: no encontrado,sin copia de acceso abierto localizada por DOI ni en arXiv,2,"recuperación por DOI (Unpaywall, Semantic Scholar, PubMed Central, enlaces de minería de Crossref, resolución del DOI) + búsqueda por título en la API de arXiv",1.ª pasada: unpaywall 200: no OA location; semantic_scholar 200: no openAccessPdf; pmc 200: no PMCID found; crossref_tdm : no TDM links in CrossRef; doi_resolve 202: HTTP 202 | arXiv: sin candidato,no se localizó una copia de acceso abierto por las vías probadas,2026-09-27,no demuestra que no exista una copia accesible: solo que no se localizó por estas vías en esa fecha,no evaluado: fuera de la síntesis y de los denominadores; no cuenta como exclusión por contenido; reevaluable con acceso institucional o con el PDF,consultar el DOI con acceso institucional o solicitar el PDF a los autores
W2792929624,principal,W2792929624,False,sin resumen que verificar,solo título,10.1007/978-3-319-77243-1_8,Pinpointing Ambiguity and Incompleteness in Requirements Engineering via Information Visualization and NLP,2018,1.ª pasada: no encontrado; arXiv por título: no encontrado,sin copia de acceso abierto localizada por DOI ni en arXiv,2,"recuperación por DOI (Unpaywall, Semantic Scholar, PubMed Central, enlaces de minería de Crossref, resolución del DOI) + búsqueda por título en la API de arXiv","1.ª pasada: unpaywall 200: no OA location; semantic_scholar : URL returned text/html; charset=utf-8, not a PDF; pmc 200: no PMCID found; crossref_tdm : no TDM links in CrossRef; doi_resolve 200: landing page accessible but full text requires HTML scraping — consider uploading PDF manually | arXiv: sin candidato",no se localizó una copia de acceso abierto por las vías probadas,2026-09-27,no demuestra que no exista una copia accesible: solo que no se localizó por estas vías en esa fecha,no evaluado: fuera de la síntesis y de los denominadores; no cuenta como exclusión por contenido; reevaluable con acceso institucional o con el PDF,consultar el DOI con acceso institucional o solicitar el PDF a los autores
W2461521309,principal,W2461521309,False,sin resumen que verificar,solo título,10.1007/978-3-319-46397-1_35,Visualizing User Story Requirements at Multiple Granularity Levels via Semantic Relatedness,2016,1.ª pasada: no encontrado; arXiv por título: no encontrado,sin copia de acceso abierto localizada por DOI ni en arXiv,2,"recuperación por DOI (Unpaywall, Semantic Scholar, PubMed Central, enlaces de minería de Crossref, resolución del DOI) + búsqueda por título en la API de arXiv",1.ª pasada: unpaywall 200: no OA location; semantic_scholar 200: no openAccessPdf; pmc 200: no PMCID found; crossref_tdm : no TDM links in CrossRef; doi_resolve 200: landing page accessible but full text requires HTML scraping — consider uploading PDF manually | arXiv: sin candidato,no se localizó una copia de acceso abierto por las vías probadas,2026-09-27,no demuestra que no exista una copia accesible: solo que no se localizó por estas vías en esa fecha,no evaluado: fuera de la síntesis y de los denominadores; no cuenta como exclusión por contenido; reevaluable con acceso institucional o con el PDF,consultar el DOI con acceso institucional o solicitar el PDF a los autores
W3011637770,principal,W3011637770,False,sin resumen que verificar,solo título,10.1007/s00766-020-00329-x,A retrospective on Telos as a metamodeling language for requirements engineering,2020,1.ª pasada: no encontrado; arXiv por título: no encontrado,sin copia de acceso abierto localizada por DOI ni en arXiv,2,"recuperación por DOI (Unpaywall, Semantic Scholar, PubMed Central, enlaces de minería de Crossref, resolución del DOI) + búsqueda por título en la API de arXiv",1.ª pasada: unpaywall 200: no OA location; semantic_scholar : SafeFetchError: safeFetch: https-only (got http://) — http://urn.kb.se/resolve?urn=urn:nbn:se:his:diva-18313; pmc 200: no PMCID found; crossref_tdm : no TDM link returned accessible content; doi_resolve 200: landing page accessible but full text requires HTML scraping — consider uploading PDF manually | arXiv: sin candidato,no se localizó una copia de acceso abierto por las vías probadas,2026-09-27,no demuestra que no exista una copia accesible: solo que no se localizó por estas vías en esa fecha,no evaluado: fuera de la síntesis y de los denominadores; no cuenta como exclusión por contenido; reevaluable con acceso institucional o con el PDF,consultar el DOI con acceso institucional o solicitar el PDF a los autores
W7116654226,principal,W7116654226,True,si,título y resumen,10.1117/12.3092088,System requirements analysis method based on DCE node graph,2025,1.ª pasada: no encontrado; arXiv por título: no encontrado,sin copia de acceso abierto localizada por DOI ni en arXiv,2,"recuperación por DOI (Unpaywall, Semantic Scholar, PubMed Central, enlaces de minería de Crossref, resolución del DOI) + búsqueda por título en la API de arXiv",1.ª pasada: unpaywall 200: no OA location; semantic_scholar 200: no openAccessPdf; pmc 200: no PMCID found; crossref_tdm : no TDM links in CrossRef; doi_resolve 200: landing page accessible but full text requires HTML scraping — consider uploading PDF manually | arXiv: sin candidato,no se localizó una copia de acceso abierto por las vías probadas,2026-09-27,no demuestra que no exista una copia accesible: solo que no se localizó por estas vías en esa fecha,no evaluado: fuera de la síntesis y de los denominadores; no cuenta como exclusión por contenido; reevaluable con acceso institucional o con el PDF,consultar el DOI con acceso institucional o solicitar el PDF a los autores
W7168169801,principal,W7168169801,False,sin resumen que verificar,solo título,10.1007/978-981-92-2014-4_13,CMAS4G2: A Locally Deployed Cooperative Multi-agent System for Gherkin Acceptance Test Generation,2026,1.ª pasada: no encontrado; arXiv por título: no encontrado,sin copia de acceso abierto localizada por DOI ni en arXiv,2,"recuperación por DOI (Unpaywall, Semantic Scholar, PubMed Central, enlaces de minería de Crossref, resolución del DOI) + búsqueda por título en la API de arXiv",1.ª pasada: unpaywall 200: no OA location; semantic_scholar 200: no openAccessPdf; pmc 200: no PMCID found; crossref_tdm : no TDM links in CrossRef; doi_resolve 200: landing page accessible but full text requires HTML scraping — consider uploading PDF manually | arXiv: sin candidato,no se localizó una copia de acceso abierto por las vías probadas,2026-09-27,no demuestra que no exista una copia accesible: solo que no se localizó por estas vías en esa fecha,no evaluado: fuera de la síntesis y de los denominadores; no cuenta como exclusión por contenido; reevaluable con acceso institucional o con el PDF,consultar el DOI con acceso institucional o solicitar el PDF a los autores
W4409054015,principal,W4409054015,False,sin resumen que verificar,solo título,10.1007/978-3-031-88531-0_17,Prompt Me: Intelligent Software Agent for Requirements Engineering - A Vision Paper,2025,1.ª pasada: no encontrado; arXiv por título: no encontrado,sin copia de acceso abierto localizada por DOI ni en arXiv,2,"recuperación por DOI (Unpaywall, Semantic Scholar, PubMed Central, enlaces de minería de Crossref, resolución del DOI) + búsqueda por título en la API de arXiv",1.ª pasada: unpaywall 200: no OA location; semantic_scholar 200: no openAccessPdf; pmc 200: no PMCID found; crossref_tdm : no TDM links in CrossRef; doi_resolve 200: landing page accessible but full text requires HTML scraping — consider uploading PDF manually | arXiv: sin candidato,no se localizó una copia de acceso abierto por las vías probadas,2026-09-27,no demuestra que no exista una copia accesible: solo que no se localizó por estas vías en esa fecha,no evaluado: fuera de la síntesis y de los denominadores; no cuenta como exclusión por contenido; reevaluable con acceso institucional o con el PDF,consultar el DOI con acceso institucional o solicitar el PDF a los autores
W4235280327,principal,W4235280327,False,sin resumen que verificar,solo título,10.1007/978-3-319-18597-2_8,Modelling,2015,1.ª pasada: no encontrado; arXiv por título: no encontrado,sin copia de acceso abierto localizada por DOI ni en arXiv,2,"recuperación por DOI (Unpaywall, Semantic Scholar, PubMed Central, enlaces de minería de Crossref, resolución del DOI) + búsqueda por título en la API de arXiv",1.ª pasada: unpaywall 200: no OA location; semantic_scholar 404: HTTP 404; pmc 200: no PMCID found; crossref_tdm : no TDM links in CrossRef; doi_resolve 200: landing page accessible but full text requires HTML scraping — consider uploading PDF manually | arXiv: sin candidato,no se localizó una copia de acceso abierto por las vías probadas,2026-09-27,no demuestra que no exista una copia accesible: solo que no se localizó por estas vías en esa fecha,no evaluado: fuera de la síntesis y de los denominadores; no cuenta como exclusión por contenido; reevaluable con acceso institucional o con el PDF,consultar el DOI con acceso institucional o solicitar el PDF a los autores
W2995822904,principal,W2995822904,False,sin resumen que verificar,solo título,10.1007/978-3-030-37487-7_17,An Ontology-Based Approach to the Agile Requirements Engineering,2019,1.ª pasada: no encontrado; reintento: no encontrado; arXiv por título: no encontrado,sin copia de acceso abierto localizada por DOI ni en arXiv,3,"recuperación por DOI (Unpaywall, Semantic Scholar, PubMed Central, enlaces de minería de Crossref, resolución del DOI) + búsqueda por título en la API de arXiv",1.ª pasada: unpaywall 200: no OA location; semantic_scholar 429: HTTP 429; pmc 200: no PMCID found; crossref_tdm : no TDM links in CrossRef; doi_resolve 200: landing page accessible but full text requires HTML scraping — consider uploading PDF manually | reintento: unpaywall 200: no OA location; semantic_scholar 200: no openAccessPdf; pmc 200: no PMCID found; crossref_tdm : no TDM links in CrossRef; doi_resolve 200: landing page accessible but full text requires HTML scraping — consider uploading PDF manually | arXiv: sin candidato,no se localizó una copia de acceso abierto por las vías probadas,2026-09-27,no demuestra que no exista una copia accesible: solo que no se localizó por estas vías en esa fecha,no evaluado: fuera de la síntesis y de los denominadores; no cuenta como exclusión por contenido; reevaluable con acceso institucional o con el PDF,consultar el DOI con acceso institucional o solicitar el PDF a los autores
W2590479606,principal,W2590479606,False,sin resumen que verificar,solo título,10.1007/978-3-319-54627-8_7,Application of Inference Rules to a Software Requirements Ontology to Generate Software Test Cases,2017,1.ª pasada: no encontrado; arXiv por título: no encontrado,sin copia de acceso abierto localizada por DOI ni en arXiv,2,"recuperación por DOI (Unpaywall, Semantic Scholar, PubMed Central, enlaces de minería de Crossref, resolución del DOI) + búsqueda por título en la API de arXiv",1.ª pasada: unpaywall 200: no OA location; semantic_scholar : SafeFetchError: safeFetch: https-only (got http://) — http://urn.kb.se/resolve?urn=urn:nbn:se:hj:diva-35164; pmc 200: no PMCID found; crossref_tdm : no TDM links in CrossRef; doi_resolve 200: landing page accessible but full text requires HTML scraping — consider uploading PDF manually | arXiv: sin candidato,no se localizó una copia de acceso abierto por las vías probadas,2026-09-27,no demuestra que no exista una copia accesible: solo que no se localizó por estas vías en esa fecha,no evaluado: fuera de la síntesis y de los denominadores; no cuenta como exclusión por contenido; reevaluable con acceso institucional o con el PDF,consultar el DOI con acceso institucional o solicitar el PDF a los autores
W2947201799,principal,W2947201799,True,si,título y resumen,10.1145/3318236.3318257,An Ontological Approach to Specify Conflicts among Non-Functional Requirements,2019,1.ª pasada: no encontrado; arXiv por título: no encontrado,sin copia de acceso abierto localizada por DOI ni en arXiv,2,"recuperación por DOI (Unpaywall, Semantic Scholar, PubMed Central, enlaces de minería de Crossref, resolución del DOI) + búsqueda por título en la API de arXiv",1.ª pasada: unpaywall 200: no OA location; semantic_scholar 200: no openAccessPdf; pmc 200: no PMCID found; crossref_tdm : no TDM link returned accessible content; doi_resolve 403: HTTP 403 | arXiv: sin candidato,no se localizó una copia de acceso abierto por las vías probadas,2026-09-27,no demuestra que no exista una copia accesible: solo que no se localizó por estas vías en esa fecha,no evaluado: fuera de la síntesis y de los denominadores; no cuenta como exclusión por contenido; reevaluable con acceso institucional o con el PDF,consultar el DOI con acceso institucional o solicitar el PDF a los autores
W4214611632,principal,W4214611632,False,sin resumen que verificar,solo título,10.1007/s00766-022-00374-8,Detecting coreferent entities in natural language requirements,2022,1.ª pasada: no encontrado; arXiv por título: no encontrado,sin copia de acceso abierto localizada por DOI ni en arXiv,2,"recuperación por DOI (Unpaywall, Semantic Scholar, PubMed Central, enlaces de minería de Crossref, resolución del DOI) + búsqueda por título en la API de arXiv",1.ª pasada: unpaywall 200: no OA location; semantic_scholar 200: no openAccessPdf; pmc 200: no PMCID found; crossref_tdm : no TDM link returned accessible content; doi_resolve 200: landing page accessible but full text requires HTML scraping — consider uploading PDF manually | arXiv: sin candidato,no se localizó una copia de acceso abierto por las vías probadas,2026-09-27,no demuestra que no exista una copia accesible: solo que no se localizó por estas vías en esa fecha,no evaluado: fuera de la síntesis y de los denominadores; no cuenta como exclusión por contenido; reevaluable con acceso institucional o con el PDF,consultar el DOI con acceso institucional o solicitar el PDF a los autores
W2889857138,principal,W2889857138,False,sin resumen que verificar,solo título,10.1007/978-3-319-99007-1_102,Non-functional Ontology Requirements Specifications: Islamic Banking Domain,2018,1.ª pasada: no encontrado; arXiv por título: no encontrado,sin copia de acceso abierto localizada por DOI ni en arXiv,2,"recuperación por DOI (Unpaywall, Semantic Scholar, PubMed Central, enlaces de minería de Crossref, resolución del DOI) + búsqueda por título en la API de arXiv",1.ª pasada: unpaywall 200: no OA location; semantic_scholar 200: no openAccessPdf; pmc 200: no PMCID found; crossref_tdm : no TDM links in CrossRef; doi_resolve 200: landing page accessible but full text requires HTML scraping — consider uploading PDF manually | arXiv: sin candidato,no se localizó una copia de acceso abierto por las vías probadas,2026-09-27,no demuestra que no exista una copia accesible: solo que no se localizó por estas vías en esa fecha,no evaluado: fuera de la síntesis y de los denominadores; no cuenta como exclusión por contenido; reevaluable con acceso institucional o con el PDF,consultar el DOI con acceso institucional o solicitar el PDF a los autores
D-W3149218598,dirigida,W3149218598,False,sin resumen que verificar,solo título,,Generalización de requisitos de software de dominio específico para clasificación de texto.,2020,arXiv por título: no encontrado,sin DOI: solo se buscó por título en arXiv,1,búsqueda por título en la API de arXiv,arXiv: sin candidato,"sin DOI: solo se buscó por título en arXiv, sin copia localizada",2026-09-27,no demuestra que no exista una copia accesible: solo que no se localizó por estas vías en esa fecha,no evaluado: fuera de la síntesis y de los denominadores; no cuenta como exclusión por contenido; reevaluable con acceso institucional o con el PDF,localizar la publicación por título y sede; solicitar el PDF
W7124960068,principal,W7124960068,True,si,título y resumen,10.1109/asew67777.2025.00063,Towards Multi-Agentic AI for automated software design and modelling: challenges and opportunities,2025,1.ª pasada: no encontrado; arXiv por título: no encontrado,sin copia de acceso abierto localizada por DOI ni en arXiv,2,"recuperación por DOI (Unpaywall, Semantic Scholar, PubMed Central, enlaces de minería de Crossref, resolución del DOI) + búsqueda por título en la API de arXiv",1.ª pasada: unpaywall 200: no OA location; semantic_scholar 200: no openAccessPdf; pmc 200: no PMCID found; crossref_tdm : no TDM links in CrossRef; doi_resolve 202: HTTP 202 | arXiv: sin candidato,no se localizó una copia de acceso abierto por las vías probadas,2026-09-27,no demuestra que no exista una copia accesible: solo que no se localizó por estas vías en esa fecha,no evaluado: fuera de la síntesis y de los denominadores; no cuenta como exclusión por contenido; reevaluable con acceso institucional o con el PDF,consultar el DOI con acceso institucional o solicitar el PDF a los autores
W2886614420,principal,W2886614420,False,sin resumen que verificar,solo título,10.1007/978-3-319-98938-9_22,Formalisation of SysML/KAOS Goal Assignments with B System Component Decompositions,2018,1.ª pasada: no encontrado; arXiv por título: no encontrado,sin copia de acceso abierto localizada por DOI ni en arXiv,2,"recuperación por DOI (Unpaywall, Semantic Scholar, PubMed Central, enlaces de minería de Crossref, resolución del DOI) + búsqueda por título en la API de arXiv",1.ª pasada: unpaywall 200: no OA location; semantic_scholar 200: no openAccessPdf; pmc 200: no PMCID found; crossref_tdm : no TDM links in CrossRef; doi_resolve 200: landing page accessible but full text requires HTML scraping — consider uploading PDF manually | arXiv: sin candidato,no se localizó una copia de acceso abierto por las vías probadas,2026-09-27,no demuestra que no exista una copia accesible: solo que no se localizó por estas vías en esa fecha,no evaluado: fuera de la síntesis y de los denominadores; no cuenta como exclusión por contenido; reevaluable con acceso institucional o con el PDF,consultar el DOI con acceso institucional o solicitar el PDF a los autores
W4412190197,principal,W4412190197,False,sin resumen que verificar,solo título,10.1007/978-981-96-8892-0_37,Evaluating Large Language Models for the Automated Generation of Software Requirements,2025,1.ª pasada: no encontrado; arXiv por título: no encontrado,sin copia de acceso abierto localizada por DOI ni en arXiv,2,"recuperación por DOI (Unpaywall, Semantic Scholar, PubMed Central, enlaces de minería de Crossref, resolución del DOI) + búsqueda por título en la API de arXiv",1.ª pasada: unpaywall 200: no OA location; semantic_scholar 200: no openAccessPdf; pmc 200: no PMCID found; crossref_tdm : no TDM links in CrossRef; doi_resolve 200: landing page accessible but full text requires HTML scraping — consider uploading PDF manually | arXiv: sin candidato,no se localizó una copia de acceso abierto por las vías probadas,2026-09-27,no demuestra que no exista una copia accesible: solo que no se localizó por estas vías en esa fecha,no evaluado: fuera de la síntesis y de los denominadores; no cuenta como exclusión por contenido; reevaluable con acceso institucional o con el PDF,consultar el DOI con acceso institucional o solicitar el PDF a los autores
W4408162838,principal,W4408162838,False,sin resumen que verificar,solo título,10.1007/978-3-031-73143-3_6,Automated Requirements Terminology Extraction,2025,1.ª pasada: no encontrado; arXiv por título: no encontrado,sin copia de acceso abierto localizada por DOI ni en arXiv,2,"recuperación por DOI (Unpaywall, Semantic Scholar, PubMed Central, enlaces de minería de Crossref, resolución del DOI) + búsqueda por título en la API de arXiv",1.ª pasada: unpaywall 200: no OA location; semantic_scholar 404: HTTP 404; pmc 200: no PMCID found; crossref_tdm : no TDM links in CrossRef; doi_resolve 200: landing page accessible but full text requires HTML scraping — consider uploading PDF manually | arXiv: sin candidato,no se localizó una copia de acceso abierto por las vías probadas,2026-09-27,no demuestra que no exista una copia accesible: solo que no se localizó por estas vías en esa fecha,no evaluado: fuera de la síntesis y de los denominadores; no cuenta como exclusión por contenido; reevaluable con acceso institucional o con el PDF,consultar el DOI con acceso institucional o solicitar el PDF a los autores
W4410871519,principal,W4410871519,False,sin resumen que verificar,solo título,10.1007/978-3-031-87880-0_13,An EBNF-Based Grammar for Use Case Specification,2025,1.ª pasada: no encontrado; arXiv por título: no encontrado,sin copia de acceso abierto localizada por DOI ni en arXiv,2,"recuperación por DOI (Unpaywall, Semantic Scholar, PubMed Central, enlaces de minería de Crossref, resolución del DOI) + búsqueda por título en la API de arXiv",1.ª pasada: unpaywall 200: no OA location; semantic_scholar 404: HTTP 404; pmc 200: no PMCID found; crossref_tdm : no TDM links in CrossRef; doi_resolve 200: landing page accessible but full text requires HTML scraping — consider uploading PDF manually | arXiv: sin candidato,no se localizó una copia de acceso abierto por las vías probadas,2026-09-27,no demuestra que no exista una copia accesible: solo que no se localizó por estas vías en esa fecha,no evaluado: fuera de la síntesis y de los denominadores; no cuenta como exclusión por contenido; reevaluable con acceso institucional o con el PDF,consultar el DOI con acceso institucional o solicitar el PDF a los autores
W4411612612,principal,W4411612612,False,sin resumen que verificar,solo título,10.1007/978-981-96-1687-9_1,Construction and Application of Knowledge Graphs in Requirement Engineering Process,2025,1.ª pasada: no encontrado; arXiv por título: no encontrado,sin copia de acceso abierto localizada por DOI ni en arXiv,2,"recuperación por DOI (Unpaywall, Semantic Scholar, PubMed Central, enlaces de minería de Crossref, resolución del DOI) + búsqueda por título en la API de arXiv",1.ª pasada: unpaywall 200: no OA location; semantic_scholar 404: HTTP 404; pmc 200: no PMCID found; crossref_tdm : no TDM links in CrossRef; doi_resolve 200: landing page accessible but full text requires HTML scraping — consider uploading PDF manually | arXiv: sin candidato,no se localizó una copia de acceso abierto por las vías probadas,2026-09-27,no demuestra que no exista una copia accesible: solo que no se localizó por estas vías en esa fecha,no evaluado: fuera de la síntesis y de los denominadores; no cuenta como exclusión por contenido; reevaluable con acceso institucional o con el PDF,consultar el DOI con acceso institucional o solicitar el PDF a los autores
W2806644626,principal,W2806644626,True,si,título y resumen,10.14569/ijacsa.2018.090528,Integration of Heterogeneous Requirements using Ontologies,2018,1.ª pasada: no encontrado; arXiv por título: no encontrado,sin copia de acceso abierto localizada por DOI ni en arXiv,2,"recuperación por DOI (Unpaywall, Semantic Scholar, PubMed Central, enlaces de minería de Crossref, resolución del DOI) + búsqueda por título en la API de arXiv",1.ª pasada: unpaywall 200: no OA location returned valid PDF; semantic_scholar : SafeFetchError: safeFetch: https-only (got http://) — http://thesai.org/Downloads/Volume9No5/Paper_28-Integration_of_Heterogeneous_Requirements.pdf; pmc 200: no PMCID found; crossref_tdm : no TDM links in CrossRef; doi_resolve 200: landing page accessible but full text requires HTML scraping — consider uploading PDF manually | arXiv: sin candidato,no se localizó una copia de acceso abierto por las vías probadas,2026-09-27,no demuestra que no exista una copia accesible: solo que no se localizó por estas vías en esa fecha,no evaluado: fuera de la síntesis y de los denominadores; no cuenta como exclusión por contenido; reevaluable con acceso institucional o con el PDF,consultar el DOI con acceso institucional o solicitar el PDF a los autores
W3206124440,principal,W3206124440,False,sin resumen que verificar,solo título,10.1007/978-3-030-89247-0_7,Event-Driven Temporal Logic Pattern for Control Software Requirements Specification,2021,1.ª pasada: no encontrado; arXiv por título: no encontrado,sin copia de acceso abierto localizada por DOI ni en arXiv,2,"recuperación por DOI (Unpaywall, Semantic Scholar, PubMed Central, enlaces de minería de Crossref, resolución del DOI) + búsqueda por título en la API de arXiv","1.ª pasada: unpaywall 200: no OA location; semantic_scholar : URL returned text/html; charset=UTF-8, not a PDF; pmc 200: no PMCID found; crossref_tdm : no TDM links in CrossRef; doi_resolve 200: landing page accessible but full text requires HTML scraping — consider uploading PDF manually | arXiv: sin candidato",no se localizó una copia de acceso abierto por las vías probadas,2026-09-27,no demuestra que no exista una copia accesible: solo que no se localizó por estas vías en esa fecha,no evaluado: fuera de la síntesis y de los denominadores; no cuenta como exclusión por contenido; reevaluable con acceso institucional o con el PDF,consultar el DOI con acceso institucional o solicitar el PDF a los autores
W4408316624,principal,W4408316624,False,sin resumen que verificar,solo título,10.1007/978-3-031-84148-4_10,User-Intimate and Trustworthy Ontology-Based Requirement Engineering Methodology: A Case Study on Connected and Autonomous Electrical Vehicles,2025,1.ª pasada: no encontrado; arXiv por título: no encontrado,sin copia de acceso abierto localizada por DOI ni en arXiv,2,"recuperación por DOI (Unpaywall, Semantic Scholar, PubMed Central, enlaces de minería de Crossref, resolución del DOI) + búsqueda por título en la API de arXiv",1.ª pasada: unpaywall 200: no OA location; semantic_scholar 404: HTTP 404; pmc 200: no PMCID found; crossref_tdm : no TDM links in CrossRef; doi_resolve 200: landing page accessible but full text requires HTML scraping — consider uploading PDF manually | arXiv: sin candidato,no se localizó una copia de acceso abierto por las vías probadas,2026-09-27,no demuestra que no exista una copia accesible: solo que no se localizó por estas vías en esa fecha,no evaluado: fuera de la síntesis y de los denominadores; no cuenta como exclusión por contenido; reevaluable con acceso institucional o con el PDF,consultar el DOI con acceso institucional o solicitar el PDF a los autores
W4312343973,principal,W4312343973,False,sin resumen que verificar,solo título,10.1007/978-3-031-19961-5_4,Alignment Techniques in Domain-Specific Models,2022,1.ª pasada: no encontrado; arXiv por título: no encontrado,sin copia de acceso abierto localizada por DOI ni en arXiv,2,"recuperación por DOI (Unpaywall, Semantic Scholar, PubMed Central, enlaces de minería de Crossref, resolución del DOI) + búsqueda por título en la API de arXiv",1.ª pasada: unpaywall 200: no OA location; semantic_scholar 200: no openAccessPdf; pmc 200: no PMCID found; crossref_tdm : no TDM links in CrossRef; doi_resolve 200: landing page accessible but full text requires HTML scraping — consider uploading PDF manually | arXiv: sin candidato,no se localizó una copia de acceso abierto por las vías probadas,2026-09-27,no demuestra que no exista una copia accesible: solo que no se localizó por estas vías en esa fecha,no evaluado: fuera de la síntesis y de los denominadores; no cuenta como exclusión por contenido; reevaluable con acceso institucional o con el PDF,consultar el DOI con acceso institucional o solicitar el PDF a los autores
W4385981450,principal,W4385981450,False,sin resumen que verificar,solo título,10.1007/978-3-031-36118-0_46,Investigation of Drawbacks of the Software Development Artifacts Reuse Approaches based on Semantic Analysis,2023,1.ª pasada: no encontrado; arXiv por título: no encontrado,sin copia de acceso abierto localizada por DOI ni en arXiv,2,"recuperación por DOI (Unpaywall, Semantic Scholar, PubMed Central, enlaces de minería de Crossref, resolución del DOI) + búsqueda por título en la API de arXiv",1.ª pasada: unpaywall 200: no OA location; semantic_scholar 404: HTTP 404; pmc 200: no PMCID found; crossref_tdm : no TDM links in CrossRef; doi_resolve 200: landing page accessible but full text requires HTML scraping — consider uploading PDF manually | arXiv: sin candidato,no se localizó una copia de acceso abierto por las vías probadas,2026-09-27,no demuestra que no exista una copia accesible: solo que no se localizó por estas vías en esa fecha,no evaluado: fuera de la síntesis y de los denominadores; no cuenta como exclusión por contenido; reevaluable con acceso institucional o con el PDF,consultar el DOI con acceso institucional o solicitar el PDF a los autores
W1961724537,principal,W1961724537,True,si,título y resumen,10.1504/ijhpcn.2015.071261,A semantic driven approach for requirements consistency verification,2015,1.ª pasada: no encontrado; arXiv por título: no encontrado,sin copia de acceso abierto localizada por DOI ni en arXiv,2,"recuperación por DOI (Unpaywall, Semantic Scholar, PubMed Central, enlaces de minería de Crossref, resolución del DOI) + búsqueda por título en la API de arXiv",1.ª pasada: unpaywall 200: no OA location; semantic_scholar 200: no openAccessPdf; pmc 200: no PMCID found; crossref_tdm : no TDM links in CrossRef; doi_resolve 403: HTTP 403 | arXiv: sin candidato,no se localizó una copia de acceso abierto por las vías probadas,2026-09-27,no demuestra que no exista una copia accesible: solo que no se localizó por estas vías en esa fecha,no evaluado: fuera de la síntesis y de los denominadores; no cuenta como exclusión por contenido; reevaluable con acceso institucional o con el PDF,consultar el DOI con acceso institucional o solicitar el PDF a los autores
W4377964933,principal,W4377964933,False,sin resumen que verificar,solo título,10.1007/978-3-031-30031-8_6,"Research Philosophy, Design and Methodology",2023,1.ª pasada: no encontrado; reintento: no encontrado; arXiv por título: no encontrado,sin copia de acceso abierto localizada por DOI ni en arXiv,3,"recuperación por DOI (Unpaywall, Semantic Scholar, PubMed Central, enlaces de minería de Crossref, resolución del DOI) + búsqueda por título en la API de arXiv",1.ª pasada: crossref 502: CrossRef lookup failed — cannot verify DOI exists | reintento: unpaywall 200: no OA location; semantic_scholar 404: HTTP 404; pmc 200: no PMCID found; crossref_tdm : no TDM links in CrossRef; doi_resolve 200: landing page accessible but full text requires HTML scraping — consider uploading PDF manually | arXiv: sin candidato,no se localizó una copia de acceso abierto por las vías probadas,2026-09-27,no demuestra que no exista una copia accesible: solo que no se localizó por estas vías en esa fecha,no evaluado: fuera de la síntesis y de los denominadores; no cuenta como exclusión por contenido; reevaluable con acceso institucional o con el PDF,consultar el DOI con acceso institucional o solicitar el PDF a los autores
W4414599856,principal,W4414599856,False,sin resumen que verificar,solo título,10.1007/s00766-025-00450-9,A design science research approach to Large Language Model-Based Agents for Requirements Specification (LLMBA4RS) in low-code applications,2025,1.ª pasada: no encontrado; arXiv por título: no encontrado,sin copia de acceso abierto localizada por DOI ni en arXiv,2,"recuperación por DOI (Unpaywall, Semantic Scholar, PubMed Central, enlaces de minería de Crossref, resolución del DOI) + búsqueda por título en la API de arXiv",1.ª pasada: unpaywall 200: no OA location; semantic_scholar 200: no openAccessPdf; pmc 200: no PMCID found; crossref_tdm : no TDM link returned accessible content; doi_resolve 200: landing page accessible but full text requires HTML scraping — consider uploading PDF manually | arXiv: sin candidato,no se localizó una copia de acceso abierto por las vías probadas,2026-09-27,no demuestra que no exista una copia accesible: solo que no se localizó por estas vías en esa fecha,no evaluado: fuera de la síntesis y de los denominadores; no cuenta como exclusión por contenido; reevaluable con acceso institucional o con el PDF,consultar el DOI con acceso institucional o solicitar el PDF a los autores
W4408162808,principal,W4408162808,False,sin resumen que verificar,solo título,10.1007/978-3-031-73143-3_3,Requirements Similarity and Retrieval,2025,1.ª pasada: no encontrado; arXiv por título: no encontrado,sin copia de acceso abierto localizada por DOI ni en arXiv,2,"recuperación por DOI (Unpaywall, Semantic Scholar, PubMed Central, enlaces de minería de Crossref, resolución del DOI) + búsqueda por título en la API de arXiv",1.ª pasada: unpaywall 200: no OA location; semantic_scholar 404: HTTP 404; pmc 200: no PMCID found; crossref_tdm : no TDM links in CrossRef; doi_resolve 200: landing page accessible but full text requires HTML scraping — consider uploading PDF manually | arXiv: sin candidato,no se localizó una copia de acceso abierto por las vías probadas,2026-09-27,no demuestra que no exista una copia accesible: solo que no se localizó por estas vías en esa fecha,no evaluado: fuera de la síntesis y de los denominadores; no cuenta como exclusión por contenido; reevaluable con acceso institucional o con el PDF,consultar el DOI con acceso institucional o solicitar el PDF a los autores
W2898635348,principal,W2898635348,False,sin resumen que verificar,solo título,10.1007/978-3-030-03424-5_3,Dynamic Logic for Ensembles,2018,1.ª pasada: no encontrado; arXiv por título: no encontrado,sin copia de acceso abierto localizada por DOI ni en arXiv,2,"recuperación por DOI (Unpaywall, Semantic Scholar, PubMed Central, enlaces de minería de Crossref, resolución del DOI) + búsqueda por título en la API de arXiv",1.ª pasada: unpaywall 200: no OA location; semantic_scholar 200: no openAccessPdf; pmc 200: no PMCID found; crossref_tdm : no TDM links in CrossRef; doi_resolve 200: landing page accessible but full text requires HTML scraping — consider uploading PDF manually | arXiv: sin candidato,no se localizó una copia de acceso abierto por las vías probadas,2026-09-27,no demuestra que no exista una copia accesible: solo que no se localizó por estas vías en esa fecha,no evaluado: fuera de la síntesis y de los denominadores; no cuenta como exclusión por contenido; reevaluable con acceso institucional o con el PDF,consultar el DOI con acceso institucional o solicitar el PDF a los autores
W4394015414,principal,W4394015414,False,sin resumen que verificar,solo título,10.1016/j.eswa.2024.123927,A deep learning-based approach to similarity calculation for UML use case models,2024,1.ª pasada: no encontrado; reintento: no encontrado; arXiv por título: no encontrado,sin copia de acceso abierto localizada por DOI ni en arXiv,3,"recuperación por DOI (Unpaywall, Semantic Scholar, PubMed Central, enlaces de minería de Crossref, resolución del DOI) + búsqueda por título en la API de arXiv",1.ª pasada: unpaywall 200: no OA location; semantic_scholar 429: HTTP 429; pmc 200: no PMCID found; crossref_tdm : no TDM link returned accessible content; doi_resolve 200: landing page accessible but full text requires HTML scraping — consider uploading PDF manually | reintento: unpaywall 200: no OA location; semantic_scholar 200: no openAccessPdf; pmc 200: no PMCID found; crossref_tdm : no TDM link returned accessible content; doi_resolve 200: landing page accessible but full text requires HTML scraping — consider uploading PDF manually | arXiv: sin candidato,no se localizó una copia de acceso abierto por las vías probadas,2026-09-27,no demuestra que no exista una copia accesible: solo que no se localizó por estas vías en esa fecha,no evaluado: fuera de la síntesis y de los denominadores; no cuenta como exclusión por contenido; reevaluable con acceso institucional o con el PDF,consultar el DOI con acceso institucional o solicitar el PDF a los autores
W2746919277,principal,W2746919277,False,sin resumen que verificar,solo título,10.17781/p002271,Onto-Engineering: A Conceptual framework for Integrating Requirement Engineering Process with scientifically tuned Digital Forensics Ontologies,2017,1.ª pasada: no encontrado; arXiv por título: no encontrado,sin copia de acceso abierto localizada por DOI ni en arXiv,2,"recuperación por DOI (Unpaywall, Semantic Scholar, PubMed Central, enlaces de minería de Crossref, resolución del DOI) + búsqueda por título en la API de arXiv",1.ª pasada: unpaywall 200: no OA location; semantic_scholar 200: no openAccessPdf; pmc 200: no PMCID found; crossref_tdm : no TDM links in CrossRef; doi_resolve : SafeFetchError: safeFetch: too many redirects (> 5) — started at https://doi.org/10.17781/p002271 | arXiv: sin candidato,no se localizó una copia de acceso abierto por las vías probadas,2026-09-27,no demuestra que no exista una copia accesible: solo que no se localizó por estas vías en esa fecha,no evaluado: fuera de la síntesis y de los denominadores; no cuenta como exclusión por contenido; reevaluable con acceso institucional o con el PDF,consultar el DOI con acceso institucional o solicitar el PDF a los autores
W2472794676,principal,W2472794676,True,si,título y resumen,10.22360/springsim.2016.anss.061,Extended Variability Modeling Using System Entity Structure Ontology Within Matlab/Simulink,2016,1.ª pasada: no encontrado; arXiv por título: no encontrado,sin copia de acceso abierto localizada por DOI ni en arXiv,2,"recuperación por DOI (Unpaywall, Semantic Scholar, PubMed Central, enlaces de minería de Crossref, resolución del DOI) + búsqueda por título en la API de arXiv",1.ª pasada: unpaywall 200: no OA location; semantic_scholar 200: no openAccessPdf; pmc 200: no PMCID found; crossref_tdm : no TDM links in CrossRef; doi_resolve 403: HTTP 403 | arXiv: sin candidato,no se localizó una copia de acceso abierto por las vías probadas,2026-09-27,no demuestra que no exista una copia accesible: solo que no se localizó por estas vías en esa fecha,no evaluado: fuera de la síntesis y de los denominadores; no cuenta como exclusión por contenido; reevaluable con acceso institucional o con el PDF,consultar el DOI con acceso institucional o solicitar el PDF a los autores
W4405094075,principal,W4405094075,False,sin resumen que verificar,solo título,10.1007/978-981-96-0808-9_17,HSC: An Artificial Intelligence Service Composition Dataset from Hugging Face,2024,1.ª pasada: no encontrado; arXiv por título: no encontrado,sin copia de acceso abierto localizada por DOI ni en arXiv,2,"recuperación por DOI (Unpaywall, Semantic Scholar, PubMed Central, enlaces de minería de Crossref, resolución del DOI) + búsqueda por título en la API de arXiv",1.ª pasada: unpaywall 200: no OA location; semantic_scholar 200: no openAccessPdf; pmc 200: no PMCID found; crossref_tdm : no TDM links in CrossRef; doi_resolve 200: landing page accessible but full text requires HTML scraping — consider uploading PDF manually | arXiv: sin candidato,no se localizó una copia de acceso abierto por las vías probadas,2026-09-27,no demuestra que no exista una copia accesible: solo que no se localizó por estas vías en esa fecha,no evaluado: fuera de la síntesis y de los denominadores; no cuenta como exclusión por contenido; reevaluable con acceso institucional o con el PDF,consultar el DOI con acceso institucional o solicitar el PDF a los autores
W4206623951,principal,W4206623951,True,si,título y resumen,10.1109/dsa52907.2021.00074,Constructing A Creative Service Software with Semantic Web,2021,1.ª pasada: no encontrado; arXiv por título: no encontrado,sin copia de acceso abierto localizada por DOI ni en arXiv,2,"recuperación por DOI (Unpaywall, Semantic Scholar, PubMed Central, enlaces de minería de Crossref, resolución del DOI) + búsqueda por título en la API de arXiv",1.ª pasada: unpaywall 200: no OA location; semantic_scholar 200: no openAccessPdf; pmc 200: no PMCID found; crossref_tdm : no TDM links in CrossRef; doi_resolve 202: HTTP 202 | arXiv: sin candidato,no se localizó una copia de acceso abierto por las vías probadas,2026-09-27,no demuestra que no exista una copia accesible: solo que no se localizó por estas vías en esa fecha,no evaluado: fuera de la síntesis y de los denominadores; no cuenta como exclusión por contenido; reevaluable con acceso institucional o con el PDF,consultar el DOI con acceso institucional o solicitar el PDF a los autores
W4389672268,principal,W4389672268,False,sin resumen que verificar,solo título,10.1007/978-3-031-46002-9_23,"Large Language Model Assisted Software Engineering: Prospects, Challenges, and a Case Study",2023,1.ª pasada: no encontrado; arXiv por título: no encontrado,sin copia de acceso abierto localizada por DOI ni en arXiv,2,"recuperación por DOI (Unpaywall, Semantic Scholar, PubMed Central, enlaces de minería de Crossref, resolución del DOI) + búsqueda por título en la API de arXiv",1.ª pasada: unpaywall 200: no OA location; semantic_scholar 200: no openAccessPdf; pmc 200: no PMCID found; crossref_tdm : no TDM links in CrossRef; doi_resolve 200: landing page accessible but full text requires HTML scraping — consider uploading PDF manually | arXiv: sin candidato,no se localizó una copia de acceso abierto por las vías probadas,2026-09-27,no demuestra que no exista una copia accesible: solo que no se localizó por estas vías en esa fecha,no evaluado: fuera de la síntesis y de los denominadores; no cuenta como exclusión por contenido; reevaluable con acceso institucional o con el PDF,consultar el DOI con acceso institucional o solicitar el PDF a los autores
W2331329182,principal,W2331329182,False,sin resumen que verificar,solo título,10.1007/s10559-016-9808-3,Requirements Engineering and Semantic Web*,2016,1.ª pasada: no encontrado; arXiv por título: no encontrado,sin copia de acceso abierto localizada por DOI ni en arXiv,2,"recuperación por DOI (Unpaywall, Semantic Scholar, PubMed Central, enlaces de minería de Crossref, resolución del DOI) + búsqueda por título en la API de arXiv",1.ª pasada: unpaywall 200: no OA location; semantic_scholar 200: no openAccessPdf; pmc 200: no PMCID found; crossref_tdm : no TDM link returned accessible content; doi_resolve 200: landing page accessible but full text requires HTML scraping — consider uploading PDF manually | arXiv: sin candidato,no se localizó una copia de acceso abierto por las vías probadas,2026-09-27,no demuestra que no exista una copia accesible: solo que no se localizó por estas vías en esa fecha,no evaluado: fuera de la síntesis y de los denominadores; no cuenta como exclusión por contenido; reevaluable con acceso institucional o con el PDF,consultar el DOI con acceso institucional o solicitar el PDF a los autores
W2785576070,principal,W2785576070,False,sin resumen que verificar,solo título,,An Ontology-Based Approach to Use Requirements Engineering in Portals of Transparency.,2016,arXiv por título: no encontrado,sin DOI: solo se buscó por título en arXiv,1,búsqueda por título en la API de arXiv,arXiv: sin candidato,"sin DOI: solo se buscó por título en arXiv, sin copia localizada",2026-09-27,no demuestra que no exista una copia accesible: solo que no se localizó por estas vías en esa fecha,no evaluado: fuera de la síntesis y de los denominadores; no cuenta como exclusión por contenido; reevaluable con acceso institucional o con el PDF,localizar la publicación por título y sede; solicitar el PDF
W4410700188,principal,W4410700188,False,sin resumen que verificar,solo título,10.1007/978-3-031-88188-6_4,Generative Coding: Unlocking Ontological AI,2025,1.ª pasada: no encontrado; arXiv por título: no encontrado,sin copia de acceso abierto localizada por DOI ni en arXiv,2,"recuperación por DOI (Unpaywall, Semantic Scholar, PubMed Central, enlaces de minería de Crossref, resolución del DOI) + búsqueda por título en la API de arXiv",1.ª pasada: unpaywall 200: no OA location; semantic_scholar 404: HTTP 404; pmc 200: no PMCID found; crossref_tdm : no TDM links in CrossRef; doi_resolve 200: landing page accessible but full text requires HTML scraping — consider uploading PDF manually | arXiv: sin candidato,no se localizó una copia de acceso abierto por las vías probadas,2026-09-27,no demuestra que no exista una copia accesible: solo que no se localizó por estas vías en esa fecha,no evaluado: fuera de la síntesis y de los denominadores; no cuenta como exclusión por contenido; reevaluable con acceso institucional o con el PDF,consultar el DOI con acceso institucional o solicitar el PDF a los autores
W7124697836,principal,W7124697836,False,sin resumen que verificar,solo título,10.1007/s10515-026-00593-1,From interaction to evolution: A behavior-driven framework for automated software requirements elicitation,2026,1.ª pasada: no encontrado; reintento: no encontrado; arXiv por título: no encontrado,sin copia de acceso abierto localizada por DOI ni en arXiv,3,"recuperación por DOI (Unpaywall, Semantic Scholar, PubMed Central, enlaces de minería de Crossref, resolución del DOI) + búsqueda por título en la API de arXiv",1.ª pasada: unpaywall 200: no OA location; semantic_scholar 429: HTTP 429; pmc 200: no PMCID found; crossref_tdm : no TDM link returned accessible content; doi_resolve 200: landing page accessible but full text requires HTML scraping — consider uploading PDF manually | reintento: unpaywall 200: no OA location; semantic_scholar 200: no openAccessPdf; pmc 200: no PMCID found; crossref_tdm : no TDM link returned accessible content; doi_resolve 200: landing page accessible but full text requires HTML scraping — consider uploading PDF manually | arXiv: sin candidato,no se localizó una copia de acceso abierto por las vías probadas,2026-09-27,no demuestra que no exista una copia accesible: solo que no se localizó por estas vías en esa fecha,no evaluado: fuera de la síntesis y de los denominadores; no cuenta como exclusión por contenido; reevaluable con acceso institucional o con el PDF,consultar el DOI con acceso institucional o solicitar el PDF a los autores
W4402240799,principal,W4402240799,False,sin resumen que verificar,solo título,10.1016/j.datak.2024.102351,"Unraveling the foundations and the evolution of conceptual modeling—Intellectual structure, current themes, and trajectories",2024,1.ª pasada: no encontrado; arXiv por título: no encontrado,sin copia de acceso abierto localizada por DOI ni en arXiv,2,"recuperación por DOI (Unpaywall, Semantic Scholar, PubMed Central, enlaces de minería de Crossref, resolución del DOI) + búsqueda por título en la API de arXiv",1.ª pasada: unpaywall 200: no OA location; semantic_scholar 200: no openAccessPdf; pmc 200: no PMCID found; crossref_tdm : no TDM link returned accessible content; doi_resolve 200: landing page accessible but full text requires HTML scraping — consider uploading PDF manually | arXiv: sin candidato,no se localizó una copia de acceso abierto por las vías probadas,2026-09-27,no demuestra que no exista una copia accesible: solo que no se localizó por estas vías en esa fecha,no evaluado: fuera de la síntesis y de los denominadores; no cuenta como exclusión por contenido; reevaluable con acceso institucional o con el PDF,consultar el DOI con acceso institucional o solicitar el PDF a los autores
W2217694160,principal,W2217694160,False,sin resumen que verificar,solo título,,Studies on Ontology-based Verification of Software Requirements,2015,arXiv por título: no encontrado,sin DOI: solo se buscó por título en arXiv,1,búsqueda por título en la API de arXiv,arXiv: sin candidato,"sin DOI: solo se buscó por título en arXiv, sin copia localizada",2026-09-27,no demuestra que no exista una copia accesible: solo que no se localizó por estas vías en esa fecha,no evaluado: fuera de la síntesis y de los denominadores; no cuenta como exclusión por contenido; reevaluable con acceso institucional o con el PDF,localizar la publicación por título y sede; solicitar el PDF
W2904611516,principal,W2904611516,False,sin resumen que verificar,solo título,10.1007/978-3-030-03003-2_7,Intelligent Support of Requirements Management in Agile Environment,2018,1.ª pasada: no encontrado; arXiv por título: no encontrado,sin copia de acceso abierto localizada por DOI ni en arXiv,2,"recuperación por DOI (Unpaywall, Semantic Scholar, PubMed Central, enlaces de minería de Crossref, resolución del DOI) + búsqueda por título en la API de arXiv",1.ª pasada: unpaywall 200: no OA location; semantic_scholar 200: no openAccessPdf; pmc 200: no PMCID found; crossref_tdm : no TDM links in CrossRef; doi_resolve 200: landing page accessible but full text requires HTML scraping — consider uploading PDF manually | arXiv: sin candidato,no se localizó una copia de acceso abierto por las vías probadas,2026-09-27,no demuestra que no exista una copia accesible: solo que no se localizó por estas vías en esa fecha,no evaluado: fuera de la síntesis y de los denominadores; no cuenta como exclusión por contenido; reevaluable con acceso institucional o con el PDF,consultar el DOI con acceso institucional o solicitar el PDF a los autores
W4409054132,principal,W4409054132,False,sin resumen que verificar,solo título,10.1007/978-3-031-88531-0_11,Generating Domain Models with LLMs Using Instruction Tuning: A Research Preview,2025,1.ª pasada: no encontrado; arXiv por título: no encontrado,sin copia de acceso abierto localizada por DOI ni en arXiv,2,"recuperación por DOI (Unpaywall, Semantic Scholar, PubMed Central, enlaces de minería de Crossref, resolución del DOI) + búsqueda por título en la API de arXiv","1.ª pasada: unpaywall 200: no OA location; semantic_scholar : URL returned text/html; charset=utf-8, not a PDF; pmc 200: no PMCID found; crossref_tdm : no TDM links in CrossRef; doi_resolve 200: landing page accessible but full text requires HTML scraping — consider uploading PDF manually | arXiv: sin candidato",no se localizó una copia de acceso abierto por las vías probadas,2026-09-27,no demuestra que no exista una copia accesible: solo que no se localizó por estas vías en esa fecha,no evaluado: fuera de la síntesis y de los denominadores; no cuenta como exclusión por contenido; reevaluable con acceso institucional o con el PDF,consultar el DOI con acceso institucional o solicitar el PDF a los autores
W2973115441,principal,W2973115441,False,sin resumen que verificar,solo título,10.1007/978-3-030-28005-5_46,Formalising Process Assessment and Capability Determination: An Ontology Approach,2019,1.ª pasada: no encontrado; arXiv por título: no encontrado,sin copia de acceso abierto localizada por DOI ni en arXiv,2,"recuperación por DOI (Unpaywall, Semantic Scholar, PubMed Central, enlaces de minería de Crossref, resolución del DOI) + búsqueda por título en la API de arXiv",1.ª pasada: unpaywall 200: no OA location; semantic_scholar : SafeFetchError: safeFetch: https-only (got http://) — http://hdl.handle.net/10072/392783; pmc 200: no PMCID found; crossref_tdm : no TDM links in CrossRef; doi_resolve 200: landing page accessible but full text requires HTML scraping — consider uploading PDF manually | arXiv: sin candidato,no se localizó una copia de acceso abierto por las vías probadas,2026-09-27,no demuestra que no exista una copia accesible: solo que no se localizó por estas vías en esa fecha,no evaluado: fuera de la síntesis y de los denominadores; no cuenta como exclusión por contenido; reevaluable con acceso institucional o con el PDF,consultar el DOI con acceso institucional o solicitar el PDF a los autores
W4405599286,principal,W4405599286,False,sin resumen que verificar,solo título,10.1007/978-3-031-71082-7_7,Ontology-based Modeling and Analysis of Trustworthiness Requirements,2024,1.ª pasada: no encontrado; arXiv por título: no encontrado,sin copia de acceso abierto localizada por DOI ni en arXiv,2,"recuperación por DOI (Unpaywall, Semantic Scholar, PubMed Central, enlaces de minería de Crossref, resolución del DOI) + búsqueda por título en la API de arXiv",1.ª pasada: unpaywall 200: no OA location; semantic_scholar 404: HTTP 404; pmc 200: no PMCID found; crossref_tdm : no TDM links in CrossRef; doi_resolve 200: landing page accessible but full text requires HTML scraping — consider uploading PDF manually | arXiv: sin candidato,no se localizó una copia de acceso abierto por las vías probadas,2026-09-27,no demuestra que no exista una copia accesible: solo que no se localizó por estas vías en esa fecha,no evaluado: fuera de la síntesis y de los denominadores; no cuenta como exclusión por contenido; reevaluable con acceso institucional o con el PDF,consultar el DOI con acceso institucional o solicitar el PDF a los autores
W2551021142,principal,W2551021142,False,sin resumen que verificar,solo título,10.1007/s10009-016-0443-0,The role of user requirements in data repository design,2016,1.ª pasada: no encontrado; arXiv por título: no encontrado,sin copia de acceso abierto localizada por DOI ni en arXiv,2,"recuperación por DOI (Unpaywall, Semantic Scholar, PubMed Central, enlaces de minería de Crossref, resolución del DOI) + búsqueda por título en la API de arXiv",1.ª pasada: unpaywall 200: no OA location; semantic_scholar 200: no openAccessPdf; pmc 200: no PMCID found; crossref_tdm : no TDM link returned accessible content; doi_resolve 200: landing page accessible but full text requires HTML scraping — consider uploading PDF manually | arXiv: sin candidato,no se localizó una copia de acceso abierto por las vías probadas,2026-09-27,no demuestra que no exista una copia accesible: solo que no se localizó por estas vías en esa fecha,no evaluado: fuera de la síntesis y de los denominadores; no cuenta como exclusión por contenido; reevaluable con acceso institucional o con el PDF,consultar el DOI con acceso institucional o solicitar el PDF a los autores
W2969220981,principal,W2969220981,False,sin resumen que verificar,solo título,10.1007/978-981-32-9244-4_36,"Improvement of QSL by Ontologies of E-Questionnaire, E-Testing, and E-Voting Systems",2019,1.ª pasada: no encontrado; arXiv por título: no encontrado,sin copia de acceso abierto localizada por DOI ni en arXiv,2,"recuperación por DOI (Unpaywall, Semantic Scholar, PubMed Central, enlaces de minería de Crossref, resolución del DOI) + búsqueda por título en la API de arXiv",1.ª pasada: unpaywall 200: no OA location; semantic_scholar 200: no openAccessPdf; pmc 200: no PMCID found; crossref_tdm : no TDM links in CrossRef; doi_resolve 200: landing page accessible but full text requires HTML scraping — consider uploading PDF manually | arXiv: sin candidato,no se localizó una copia de acceso abierto por las vías probadas,2026-09-27,no demuestra que no exista una copia accesible: solo que no se localizó por estas vías en esa fecha,no evaluado: fuera de la síntesis y de los denominadores; no cuenta como exclusión por contenido; reevaluable con acceso institucional o con el PDF,consultar el DOI con acceso institucional o solicitar el PDF a los autores
D-W2979677127,dirigida,W2979677127,False,sin resumen que verificar,solo título,10.1007/978-981-13-8475-2_2,Building Up a VET System: Formal VET,2019,1.ª pasada: no encontrado; arXiv por título: no encontrado,sin copia de acceso abierto localizada por DOI ni en arXiv,2,"recuperación por DOI (Unpaywall, Semantic Scholar, PubMed Central, enlaces de minería de Crossref, resolución del DOI) + búsqueda por título en la API de arXiv",1.ª pasada: unpaywall 200: no OA location; semantic_scholar 200: no openAccessPdf; pmc 200: no PMCID found; crossref_tdm : no TDM links in CrossRef; doi_resolve 200: landing page accessible but full text requires HTML scraping — consider uploading PDF manually | arXiv: candidato 2108.05556v1 con Jaccard de título 0.17,no se localizó una copia de acceso abierto por las vías probadas,2026-09-27,no demuestra que no exista una copia accesible: solo que no se localizó por estas vías en esa fecha,no evaluado: fuera de la síntesis y de los denominadores; no cuenta como exclusión por contenido; reevaluable con acceso institucional o con el PDF,consultar el DOI con acceso institucional o solicitar el PDF a los autores
W4313048395,principal,W4313048395,False,sin resumen que verificar,solo título,10.1007/978-3-031-11686-5_2,Feature and Variability Extraction from Natural Language Requirements,2022,1.ª pasada: no encontrado; arXiv por título: no encontrado,sin copia de acceso abierto localizada por DOI ni en arXiv,2,"recuperación por DOI (Unpaywall, Semantic Scholar, PubMed Central, enlaces de minería de Crossref, resolución del DOI) + búsqueda por título en la API de arXiv",1.ª pasada: unpaywall 200: no OA location; semantic_scholar 200: no openAccessPdf; pmc 200: no PMCID found; crossref_tdm : no TDM links in CrossRef; doi_resolve 200: landing page accessible but full text requires HTML scraping — consider uploading PDF manually | arXiv: sin candidato,no se localizó una copia de acceso abierto por las vías probadas,2026-09-27,no demuestra que no exista una copia accesible: solo que no se localizó por estas vías en esa fecha,no evaluado: fuera de la síntesis y de los denominadores; no cuenta como exclusión por contenido; reevaluable con acceso institucional o con el PDF,consultar el DOI con acceso institucional o solicitar el PDF a los autores
D-W2982505836,dirigida,W2982505836,False,sin resumen que verificar,solo título,,Marco de trabajo para la elicitación y evolución de requisitos no funcionales basadas en la gestión de conocimiento.,2018,arXiv por título: no encontrado,sin DOI: solo se buscó por título en arXiv,1,búsqueda por título en la API de arXiv,arXiv: sin candidato,"sin DOI: solo se buscó por título en arXiv, sin copia localizada",2026-09-27,no demuestra que no exista una copia accesible: solo que no se localizó por estas vías en esa fecha,no evaluado: fuera de la síntesis y de los denominadores; no cuenta como exclusión por contenido; reevaluable con acceso institucional o con el PDF,localizar la publicación por título y sede; solicitar el PDF
W4414979835,principal,W4414979835,False,sin resumen que verificar,solo título,10.1007/s42979-025-04444-w,TTool-AI: A Large Language Model-Based Assistant for Model Driven Engineering,2025,1.ª pasada: no encontrado; reintento: no encontrado; arXiv por título: no encontrado,sin copia de acceso abierto localizada por DOI ni en arXiv,3,"recuperación por DOI (Unpaywall, Semantic Scholar, PubMed Central, enlaces de minería de Crossref, resolución del DOI) + búsqueda por título en la API de arXiv",1.ª pasada: crossref 502: CrossRef lookup failed — cannot verify DOI exists | reintento: unpaywall 200: no OA location; semantic_scholar 200: no openAccessPdf; pmc 200: no PMCID found; crossref_tdm : no TDM link returned accessible content; doi_resolve 200: landing page accessible but full text requires HTML scraping — consider uploading PDF manually | arXiv: sin candidato,no se localizó una copia de acceso abierto por las vías probadas,2026-09-27,no demuestra que no exista una copia accesible: solo que no se localizó por estas vías en esa fecha,no evaluado: fuera de la síntesis y de los denominadores; no cuenta como exclusión por contenido; reevaluable con acceso institucional o con el PDF,consultar el DOI con acceso institucional o solicitar el PDF a los autores
W7106002102,principal,W7106002102,False,sin resumen que verificar,solo título,10.1007/978-3-032-12089-2_23,Influence of LLM Prioritizations on Human Decisions in Requirements Engineering,2025,1.ª pasada: no encontrado; reintento: no encontrado; arXiv por título: no encontrado,sin copia de acceso abierto localizada por DOI ni en arXiv,3,"recuperación por DOI (Unpaywall, Semantic Scholar, PubMed Central, enlaces de minería de Crossref, resolución del DOI) + búsqueda por título en la API de arXiv",1.ª pasada: crossref 502: CrossRef lookup failed — cannot verify DOI exists | reintento: unpaywall 200: no OA location; semantic_scholar 200: no openAccessPdf; pmc 200: no PMCID found; crossref_tdm : no TDM links in CrossRef; doi_resolve 200: landing page accessible but full text requires HTML scraping — consider uploading PDF manually | arXiv: sin candidato,no se localizó una copia de acceso abierto por las vías probadas,2026-09-27,no demuestra que no exista una copia accesible: solo que no se localizó por estas vías en esa fecha,no evaluado: fuera de la síntesis y de los denominadores; no cuenta como exclusión por contenido; reevaluable con acceso institucional o con el PDF,consultar el DOI con acceso institucional o solicitar el PDF a los autores
W4225363106,principal,W4225363106,False,sin resumen que verificar,solo título,10.1007/978-981-16-8403-6_28,OntoReqC: An Ontology Focused Integrative Approach for Classification of Software Requirements,2022,1.ª pasada: no encontrado; arXiv por título: no encontrado,sin copia de acceso abierto localizada por DOI ni en arXiv,2,"recuperación por DOI (Unpaywall, Semantic Scholar, PubMed Central, enlaces de minería de Crossref, resolución del DOI) + búsqueda por título en la API de arXiv",1.ª pasada: unpaywall 200: no OA location; semantic_scholar 404: HTTP 404; pmc 200: no PMCID found; crossref_tdm : no TDM links in CrossRef; doi_resolve 200: landing page accessible but full text requires HTML scraping — consider uploading PDF manually | arXiv: sin candidato,no se localizó una copia de acceso abierto por las vías probadas,2026-09-27,no demuestra que no exista una copia accesible: solo que no se localizó por estas vías en esa fecha,no evaluado: fuera de la síntesis y de los denominadores; no cuenta como exclusión por contenido; reevaluable con acceso institucional o con el PDF,consultar el DOI con acceso institucional o solicitar el PDF a los autores
W2968612922,principal,W2968612922,True,si,título y resumen,,Exploration on Automated Software Requirement Document Readability Approaches,2017,arXiv por título: no encontrado,sin DOI: solo se buscó por título en arXiv,1,búsqueda por título en la API de arXiv,arXiv: sin candidato,"sin DOI: solo se buscó por título en arXiv, sin copia localizada",2026-09-27,no demuestra que no exista una copia accesible: solo que no se localizó por estas vías en esa fecha,no evaluado: fuera de la síntesis y de los denominadores; no cuenta como exclusión por contenido; reevaluable con acceso institucional o con el PDF,localizar la publicación por título y sede; solicitar el PDF
W2405457986,principal,W2405457986,False,sin resumen que verificar,solo título,10.1007/978-3-319-29133-8_19,CrossCutting Concerns Identification Supported by Ontologies: A Preliminary Study,2015,1.ª pasada: no encontrado; arXiv por título: no encontrado,sin copia de acceso abierto localizada por DOI ni en arXiv,2,"recuperación por DOI (Unpaywall, Semantic Scholar, PubMed Central, enlaces de minería de Crossref, resolución del DOI) + búsqueda por título en la API de arXiv",1.ª pasada: unpaywall 200: no OA location; semantic_scholar 200: no openAccessPdf; pmc 200: no PMCID found; crossref_tdm : no TDM links in CrossRef; doi_resolve 200: landing page accessible but full text requires HTML scraping — consider uploading PDF manually | arXiv: sin candidato,no se localizó una copia de acceso abierto por las vías probadas,2026-09-27,no demuestra que no exista una copia accesible: solo que no se localizó por estas vías en esa fecha,no evaluado: fuera de la síntesis y de los denominadores; no cuenta como exclusión por contenido; reevaluable con acceso institucional o con el PDF,consultar el DOI con acceso institucional o solicitar el PDF a los autores
W4391954186,principal,W4391954186,False,sin resumen que verificar,solo título,10.1007/978-3-031-50590-4_10,Generation of Microservice Names from Functional Requirements: An Automated Approach,2024,1.ª pasada: no encontrado; reintento: no encontrado; arXiv por título: no encontrado,sin copia de acceso abierto localizada por DOI ni en arXiv,3,"recuperación por DOI (Unpaywall, Semantic Scholar, PubMed Central, enlaces de minería de Crossref, resolución del DOI) + búsqueda por título en la API de arXiv",1.ª pasada: crossref 502: CrossRef lookup failed — cannot verify DOI exists | reintento: unpaywall 200: no OA location; semantic_scholar 404: HTTP 404; pmc 200: no PMCID found; crossref_tdm : no TDM links in CrossRef; doi_resolve 200: landing page accessible but full text requires HTML scraping — consider uploading PDF manually | arXiv: sin candidato,no se localizó una copia de acceso abierto por las vías probadas,2026-09-27,no demuestra que no exista una copia accesible: solo que no se localizó por estas vías en esa fecha,no evaluado: fuera de la síntesis y de los denominadores; no cuenta como exclusión por contenido; reevaluable con acceso institucional o con el PDF,consultar el DOI con acceso institucional o solicitar el PDF a los autores
W282834435,principal,W282834435,False,sin resumen que verificar,solo título,10.1007/978-3-319-16101-3_11,From Stakeholder Requirements to Formal Specifications Through Refinement,2015,1.ª pasada: no encontrado; arXiv por título: no encontrado,sin copia de acceso abierto localizada por DOI ni en arXiv,2,"recuperación por DOI (Unpaywall, Semantic Scholar, PubMed Central, enlaces de minería de Crossref, resolución del DOI) + búsqueda por título en la API de arXiv",1.ª pasada: unpaywall 200: no OA location; semantic_scholar : SafeFetchError: safeFetch: https-only (got http://) — http://www.inf.ufes.br/%7Egguizzardi/REFSQ2015.pdf; pmc 200: no PMCID found; crossref_tdm : no TDM links in CrossRef; doi_resolve 200: landing page accessible but full text requires HTML scraping — consider uploading PDF manually | arXiv: sin candidato,no se localizó una copia de acceso abierto por las vías probadas,2026-09-27,no demuestra que no exista una copia accesible: solo que no se localizó por estas vías en esa fecha,no evaluado: fuera de la síntesis y de los denominadores; no cuenta como exclusión por contenido; reevaluable con acceso institucional o con el PDF,consultar el DOI con acceso institucional o solicitar el PDF a los autores
W4411096052,principal,W4411096052,False,sin resumen que verificar,solo título,10.1007/978-3-031-94590-8_16,LLM4Model: Automated Requirements Specification Model Authoring,2025,1.ª pasada: no encontrado; reintento: no encontrado; arXiv por título: no encontrado,sin copia de acceso abierto localizada por DOI ni en arXiv,3,"recuperación por DOI (Unpaywall, Semantic Scholar, PubMed Central, enlaces de minería de Crossref, resolución del DOI) + búsqueda por título en la API de arXiv",1.ª pasada: crossref 502: CrossRef lookup failed — cannot verify DOI exists | reintento: unpaywall 200: no OA location; semantic_scholar 200: no openAccessPdf; pmc 200: no PMCID found; crossref_tdm : no TDM links in CrossRef; doi_resolve 200: landing page accessible but full text requires HTML scraping — consider uploading PDF manually | arXiv: sin candidato,no se localizó una copia de acceso abierto por las vías probadas,2026-09-27,no demuestra que no exista una copia accesible: solo que no se localizó por estas vías en esa fecha,no evaluado: fuera de la síntesis y de los denominadores; no cuenta como exclusión por contenido; reevaluable con acceso institucional o con el PDF,consultar el DOI con acceso institucional o solicitar el PDF a los autores
W3205313195,principal,W3205313195,True,si,título y resumen,10.3390/a14100298,SENSE: A Flow-Down Semantics-Based Requirements Engineering Framework,2021,1.ª pasada: no encontrado; arXiv por título: no encontrado,sin copia de acceso abierto localizada por DOI ni en arXiv,2,"recuperación por DOI (Unpaywall, Semantic Scholar, PubMed Central, enlaces de minería de Crossref, resolución del DOI) + búsqueda por título en la API de arXiv",1.ª pasada: unpaywall 200: no OA location returned valid PDF; semantic_scholar : PDF fetch failed: 403; pmc 200: no PMCID found; crossref_tdm : no TDM links in CrossRef; doi_resolve 403: HTTP 403 | arXiv: sin candidato,no se localizó una copia de acceso abierto por las vías probadas,2026-09-27,no demuestra que no exista una copia accesible: solo que no se localizó por estas vías en esa fecha,no evaluado: fuera de la síntesis y de los denominadores; no cuenta como exclusión por contenido; reevaluable con acceso institucional o con el PDF,consultar el DOI con acceso institucional o solicitar el PDF a los autores
W2468997147,principal,W2468997147,False,sin resumen que verificar,solo título,10.1007/978-3-319-30337-6_13,Requirements Verification Method for System Engineering Based on a RDF Logic View,2016,1.ª pasada: no encontrado; arXiv por título: no encontrado,sin copia de acceso abierto localizada por DOI ni en arXiv,2,"recuperación por DOI (Unpaywall, Semantic Scholar, PubMed Central, enlaces de minería de Crossref, resolución del DOI) + búsqueda por título en la API de arXiv",1.ª pasada: unpaywall 200: no OA location; semantic_scholar 200: no openAccessPdf; pmc 200: no PMCID found; crossref_tdm : no TDM links in CrossRef; doi_resolve 200: landing page accessible but full text requires HTML scraping — consider uploading PDF manually | arXiv: sin candidato,no se localizó una copia de acceso abierto por las vías probadas,2026-09-27,no demuestra que no exista una copia accesible: solo que no se localizó por estas vías en esa fecha,no evaluado: fuera de la síntesis y de los denominadores; no cuenta como exclusión por contenido; reevaluable con acceso institucional o con el PDF,consultar el DOI con acceso institucional o solicitar el PDF a los autores
D-W2304587407,dirigida,W2304587407,False,sin resumen que verificar,solo título,,Especificación de requisitos para servicios cloud dirigido por valor,2015,arXiv por título: no encontrado,sin DOI: solo se buscó por título en arXiv,1,búsqueda por título en la API de arXiv,arXiv: sin candidato,"sin DOI: solo se buscó por título en arXiv, sin copia localizada",2026-09-27,no demuestra que no exista una copia accesible: solo que no se localizó por estas vías en esa fecha,no evaluado: fuera de la síntesis y de los denominadores; no cuenta como exclusión por contenido; reevaluable con acceso institucional o con el PDF,localizar la publicación por título y sede; solicitar el PDF
W2952053506,principal,W2952053506,False,sin resumen que verificar,solo título,10.1007/978-3-030-00114-8_33,Ontology-Driven Requirements Engineering in the Responsive and Formal Design Process,2019,1.ª pasada: no encontrado; arXiv por título: no encontrado,sin copia de acceso abierto localizada por DOI ni en arXiv,2,"recuperación por DOI (Unpaywall, Semantic Scholar, PubMed Central, enlaces de minería de Crossref, resolución del DOI) + búsqueda por título en la API de arXiv",1.ª pasada: unpaywall 200: no OA location; semantic_scholar 200: no openAccessPdf; pmc 200: no PMCID found; crossref_tdm : no TDM links in CrossRef; doi_resolve 200: landing page accessible but full text requires HTML scraping — consider uploading PDF manually | arXiv: sin candidato,no se localizó una copia de acceso abierto por las vías probadas,2026-09-27,no demuestra que no exista una copia accesible: solo que no se localizó por estas vías en esa fecha,no evaluado: fuera de la síntesis y de los denominadores; no cuenta como exclusión por contenido; reevaluable con acceso institucional o con el PDF,consultar el DOI con acceso institucional o solicitar el PDF a los autores
W2769191291,principal,W2769191291,False,sin resumen que verificar,solo título,10.1007/978-3-319-70581-1_12,Information Technology for Assurance of Veracity of Quality Information in the Software Requirements Specification,2017,1.ª pasada: no encontrado; arXiv por título: no encontrado,sin copia de acceso abierto localizada por DOI ni en arXiv,2,"recuperación por DOI (Unpaywall, Semantic Scholar, PubMed Central, enlaces de minería de Crossref, resolución del DOI) + búsqueda por título en la API de arXiv",1.ª pasada: unpaywall 200: no OA location; semantic_scholar 200: no openAccessPdf; pmc 200: no PMCID found; crossref_tdm : no TDM links in CrossRef; doi_resolve 200: landing page accessible but full text requires HTML scraping — consider uploading PDF manually | arXiv: sin candidato,no se localizó una copia de acceso abierto por las vías probadas,2026-09-27,no demuestra que no exista una copia accesible: solo que no se localizó por estas vías en esa fecha,no evaluado: fuera de la síntesis y de los denominadores; no cuenta como exclusión por contenido; reevaluable con acceso institucional o con el PDF,consultar el DOI con acceso institucional o solicitar el PDF a los autores
W2151073382,principal,W2151073382,False,sin resumen que verificar,solo título,10.1007/978-3-319-19216-1_11,Towards an Ontology-Based Approach to Safety Management in Cooperative Intelligent Transportation Systems,2015,1.ª pasada: no encontrado; arXiv por título: no encontrado,sin copia de acceso abierto localizada por DOI ni en arXiv,2,"recuperación por DOI (Unpaywall, Semantic Scholar, PubMed Central, enlaces de minería de Crossref, resolución del DOI) + búsqueda por título en la API de arXiv",1.ª pasada: unpaywall 200: no OA location; semantic_scholar : SafeFetchError: safeFetch: https-only (got http://) — http://urn.kb.se/resolve?urn=urn:nbn:se:kth:diva-172509; pmc 200: no PMCID found; crossref_tdm : no TDM links in CrossRef; doi_resolve 200: landing page accessible but full text requires HTML scraping — consider uploading PDF manually | arXiv: sin candidato,no se localizó una copia de acceso abierto por las vías probadas,2026-09-27,no demuestra que no exista una copia accesible: solo que no se localizó por estas vías en esa fecha,no evaluado: fuera de la síntesis y de los denominadores; no cuenta como exclusión por contenido; reevaluable con acceso institucional o con el PDF,consultar el DOI con acceso institucional o solicitar el PDF a los autores
W3019384108,principal,W3019384108,True,si,título y resumen,10.1080/09720529.2020.1721884,Ontology driven software development for automatic detection and updation of software requirement specifications,2020,1.ª pasada: no encontrado; arXiv por título: no encontrado,sin copia de acceso abierto localizada por DOI ni en arXiv,2,"recuperación por DOI (Unpaywall, Semantic Scholar, PubMed Central, enlaces de minería de Crossref, resolución del DOI) + búsqueda por título en la API de arXiv",1.ª pasada: unpaywall 200: no OA location; semantic_scholar 200: no openAccessPdf; pmc 200: no PMCID found; crossref_tdm : no TDM links in CrossRef; doi_resolve 403: HTTP 403 | arXiv: sin candidato,no se localizó una copia de acceso abierto por las vías probadas,2026-09-27,no demuestra que no exista una copia accesible: solo que no se localizó por estas vías en esa fecha,no evaluado: fuera de la síntesis y de los denominadores; no cuenta como exclusión por contenido; reevaluable con acceso institucional o con el PDF,consultar el DOI con acceso institucional o solicitar el PDF a los autores
W7155028710,principal,W7155028710,False,sin resumen que verificar,solo título,10.1007/978-3-032-19488-6_7,Generative Reasoning Meets Multimodal Evaluation: A Novel Approach to Activity and Package Diagram Comparison in UML Modeling,2026,1.ª pasada: no encontrado; reintento: no encontrado; arXiv por título: no encontrado,sin copia de acceso abierto localizada por DOI ni en arXiv,3,"recuperación por DOI (Unpaywall, Semantic Scholar, PubMed Central, enlaces de minería de Crossref, resolución del DOI) + búsqueda por título en la API de arXiv",1.ª pasada: unpaywall 200: no OA location; semantic_scholar 429: HTTP 429; pmc 200: no PMCID found; crossref_tdm : no TDM links in CrossRef; doi_resolve 200: landing page accessible but full text requires HTML scraping — consider uploading PDF manually | reintento: unpaywall 200: no OA location; semantic_scholar 404: HTTP 404; pmc 200: no PMCID found; crossref_tdm : no TDM links in CrossRef; doi_resolve 200: landing page accessible but full text requires HTML scraping — consider uploading PDF manually | arXiv: sin candidato,no se localizó una copia de acceso abierto por las vías probadas,2026-09-27,no demuestra que no exista una copia accesible: solo que no se localizó por estas vías en esa fecha,no evaluado: fuera de la síntesis y de los denominadores; no cuenta como exclusión por contenido; reevaluable con acceso institucional o con el PDF,consultar el DOI con acceso institucional o solicitar el PDF a los autores
W3216278056,principal,W3216278056,False,sin resumen que verificar,solo título,10.1007/s10515-021-00301-1,Opinion mining for app reviews: an analysis of textual representation and predictive models,2021,1.ª pasada: no encontrado; reintento: no encontrado; arXiv por título: no encontrado,sin copia de acceso abierto localizada por DOI ni en arXiv,3,"recuperación por DOI (Unpaywall, Semantic Scholar, PubMed Central, enlaces de minería de Crossref, resolución del DOI) + búsqueda por título en la API de arXiv",1.ª pasada: crossref 502: CrossRef lookup failed — cannot verify DOI exists | reintento: unpaywall 200: no OA location; semantic_scholar 200: no openAccessPdf; pmc 200: no PMCID found; crossref_tdm : no TDM link returned accessible content; doi_resolve 200: landing page accessible but full text requires HTML scraping — consider uploading PDF manually | arXiv: sin candidato,no se localizó una copia de acceso abierto por las vías probadas,2026-09-27,no demuestra que no exista una copia accesible: solo que no se localizó por estas vías en esa fecha,no evaluado: fuera de la síntesis y de los denominadores; no cuenta como exclusión por contenido; reevaluable con acceso institucional o con el PDF,consultar el DOI con acceso institucional o solicitar el PDF a los autores
W7118182172,principal,W7118182172,False,sin resumen que verificar,solo título,10.1007/s10515-025-00586-6,An interactive and AI-enhanced framework for semi-automatically generating iStar goal models,2026,1.ª pasada: no encontrado; reintento: no encontrado; arXiv por título: no encontrado,sin copia de acceso abierto localizada por DOI ni en arXiv,3,"recuperación por DOI (Unpaywall, Semantic Scholar, PubMed Central, enlaces de minería de Crossref, resolución del DOI) + búsqueda por título en la API de arXiv",1.ª pasada: unpaywall 200: no OA location; semantic_scholar 429: HTTP 429; pmc 200: no PMCID found; crossref_tdm : no TDM link returned accessible content; doi_resolve 200: landing page accessible but full text requires HTML scraping — consider uploading PDF manually | reintento: unpaywall 200: no OA location; semantic_scholar 200: no openAccessPdf; pmc 200: no PMCID found; crossref_tdm : no TDM link returned accessible content; doi_resolve 200: landing page accessible but full text requires HTML scraping — consider uploading PDF manually | arXiv: sin candidato,no se localizó una copia de acceso abierto por las vías probadas,2026-09-27,no demuestra que no exista una copia accesible: solo que no se localizó por estas vías en esa fecha,no evaluado: fuera de la síntesis y de los denominadores; no cuenta como exclusión por contenido; reevaluable con acceso institucional o con el PDF,consultar el DOI con acceso institucional o solicitar el PDF a los autores
W4282916014,principal,W4282916014,False,sin resumen que verificar,solo título,10.1007/s10515-022-00334-0,An Automated Security Concerns Recommender Based on Use Case Specification Ontology,2022,1.ª pasada: no encontrado; arXiv por título: no encontrado,sin copia de acceso abierto localizada por DOI ni en arXiv,2,"recuperación por DOI (Unpaywall, Semantic Scholar, PubMed Central, enlaces de minería de Crossref, resolución del DOI) + búsqueda por título en la API de arXiv",1.ª pasada: unpaywall 200: no OA location; semantic_scholar 200: no openAccessPdf; pmc 200: no PMCID found; crossref_tdm : no TDM link returned accessible content; doi_resolve 200: landing page accessible but full text requires HTML scraping — consider uploading PDF manually | arXiv: sin candidato,no se localizó una copia de acceso abierto por las vías probadas,2026-09-27,no demuestra que no exista una copia accesible: solo que no se localizó por estas vías en esa fecha,no evaluado: fuera de la síntesis y de los denominadores; no cuenta como exclusión por contenido; reevaluable con acceso institucional o con el PDF,consultar el DOI con acceso institucional o solicitar el PDF a los autores
W7117966210,principal,W7117966210,False,sin resumen que verificar,solo título,10.1007/978-3-032-08977-9_29,Exploring Manifold-Based Clustering Techniques for Enhanced Inductive Thematic Analysis,2026,1.ª pasada: no encontrado; reintento: no encontrado; arXiv por título: no encontrado,sin copia de acceso abierto localizada por DOI ni en arXiv,3,"recuperación por DOI (Unpaywall, Semantic Scholar, PubMed Central, enlaces de minería de Crossref, resolución del DOI) + búsqueda por título en la API de arXiv",1.ª pasada: unpaywall 200: no OA location; semantic_scholar 429: HTTP 429; pmc 200: no PMCID found; crossref_tdm : no TDM links in CrossRef; doi_resolve 200: landing page accessible but full text requires HTML scraping — consider uploading PDF manually | reintento: unpaywall 200: no OA location; semantic_scholar 404: HTTP 404; pmc 200: no PMCID found; crossref_tdm : no TDM links in CrossRef; doi_resolve 200: landing page accessible but full text requires HTML scraping — consider uploading PDF manually | arXiv: sin candidato,no se localizó una copia de acceso abierto por las vías probadas,2026-09-27,no demuestra que no exista una copia accesible: solo que no se localizó por estas vías en esa fecha,no evaluado: fuera de la síntesis y de los denominadores; no cuenta como exclusión por contenido; reevaluable con acceso institucional o con el PDF,consultar el DOI con acceso institucional o solicitar el PDF a los autores
W2912775330,principal,W2912775330,False,sin resumen que verificar,solo título,10.1007/978-3-030-12085-6_6,Threat Modeling the Cloud: An Ontology Based Approach,2019,1.ª pasada: no encontrado; arXiv por título: no encontrado,sin copia de acceso abierto localizada por DOI ni en arXiv,2,"recuperación por DOI (Unpaywall, Semantic Scholar, PubMed Central, enlaces de minería de Crossref, resolución del DOI) + búsqueda por título en la API de arXiv",1.ª pasada: unpaywall 200: no OA location; semantic_scholar 200: no openAccessPdf; pmc 200: no PMCID found; crossref_tdm : no TDM links in CrossRef; doi_resolve 200: landing page accessible but full text requires HTML scraping — consider uploading PDF manually | arXiv: sin candidato,no se localizó una copia de acceso abierto por las vías probadas,2026-09-27,no demuestra que no exista una copia accesible: solo que no se localizó por estas vías en esa fecha,no evaluado: fuera de la síntesis y de los denominadores; no cuenta como exclusión por contenido; reevaluable con acceso institucional o con el PDF,consultar el DOI con acceso institucional o solicitar el PDF a los autores
W4416414956,principal,W4416414956,False,sin resumen que verificar,solo título,10.1007/978-3-032-08697-6_7,On the Integration of Manual and Automated Processes for the Distinctiveness of Naturalism and Modernism,2025,1.ª pasada: no encontrado; arXiv por título: no encontrado,sin copia de acceso abierto localizada por DOI ni en arXiv,2,"recuperación por DOI (Unpaywall, Semantic Scholar, PubMed Central, enlaces de minería de Crossref, resolución del DOI) + búsqueda por título en la API de arXiv",1.ª pasada: unpaywall 200: no OA location; semantic_scholar 200: no openAccessPdf; pmc 200: no PMCID found; crossref_tdm : no TDM links in CrossRef; doi_resolve 200: landing page accessible but full text requires HTML scraping — consider uploading PDF manually | arXiv: sin candidato,no se localizó una copia de acceso abierto por las vías probadas,2026-09-27,no demuestra que no exista una copia accesible: solo que no se localizó por estas vías en esa fecha,no evaluado: fuera de la síntesis y de los denominadores; no cuenta como exclusión por contenido; reevaluable con acceso institucional o con el PDF,consultar el DOI con acceso institucional o solicitar el PDF a los autores
W2979323956,principal,W2979323956,True,si,título y resumen,10.1109/qrs-c.2019.00031,Security Requirements Analysis – A Vision for an Automated Toolchain,2019,1.ª pasada: no encontrado; arXiv por título: no encontrado,sin copia de acceso abierto localizada por DOI ni en arXiv,2,"recuperación por DOI (Unpaywall, Semantic Scholar, PubMed Central, enlaces de minería de Crossref, resolución del DOI) + búsqueda por título en la API de arXiv",1.ª pasada: unpaywall 200: no OA location; semantic_scholar 200: no openAccessPdf; pmc 200: no PMCID found; crossref_tdm : no TDM links in CrossRef; doi_resolve 202: HTTP 202 | arXiv: sin candidato,no se localizó una copia de acceso abierto por las vías probadas,2026-09-27,no demuestra que no exista una copia accesible: solo que no se localizó por estas vías en esa fecha,no evaluado: fuera de la síntesis y de los denominadores; no cuenta como exclusión por contenido; reevaluable con acceso institucional o con el PDF,consultar el DOI con acceso institucional o solicitar el PDF a los autores
W2929906942,principal,W2929906942,False,no,solo título (resumen ajeno retirado),10.14569/ijacsa.2019.0100329,A Domain Ontology for Software Requirements Change Management in Global Software Development Environment,2019,1.ª pasada: no encontrado; arXiv por título: no encontrado,sin copia de acceso abierto localizada por DOI ni en arXiv,2,"recuperación por DOI (Unpaywall, Semantic Scholar, PubMed Central, enlaces de minería de Crossref, resolución del DOI) + búsqueda por título en la API de arXiv",1.ª pasada: unpaywall 200: no OA location returned valid PDF; semantic_scholar : SafeFetchError: safeFetch: https-only (got http://) — http://thesai.org/Downloads/Volume10No3/Paper_29-Supply_Chain_Modeling_and_Simulation.pdf; pmc 200: no PMCID found; crossref_tdm : no TDM links in CrossRef; doi_resolve 200: landing page accessible but full text requires HTML scraping — consider uploading PDF manually | arXiv: sin candidato,no se localizó una copia de acceso abierto por las vías probadas,2026-09-27,no demuestra que no exista una copia accesible: solo que no se localizó por estas vías en esa fecha,no evaluado: fuera de la síntesis y de los denominadores; no cuenta como exclusión por contenido; reevaluable con acceso institucional o con el PDF,consultar el DOI con acceso institucional o solicitar el PDF a los autores
W4415323052,principal,W4415323052,False,sin resumen que verificar,solo título,10.1007/s10515-025-00571-z,Automating software size measurement from python code using language models,2025,1.ª pasada: no encontrado; reintento: no encontrado; arXiv por título: no encontrado,sin copia de acceso abierto localizada por DOI ni en arXiv,3,"recuperación por DOI (Unpaywall, Semantic Scholar, PubMed Central, enlaces de minería de Crossref, resolución del DOI) + búsqueda por título en la API de arXiv",1.ª pasada: crossref 502: CrossRef lookup failed — cannot verify DOI exists | reintento: unpaywall 200: no OA location; semantic_scholar 200: no openAccessPdf; pmc 200: no PMCID found; crossref_tdm : no TDM link returned accessible content; doi_resolve 200: landing page accessible but full text requires HTML scraping — consider uploading PDF manually | arXiv: sin candidato,no se localizó una copia de acceso abierto por las vías probadas,2026-09-27,no demuestra que no exista una copia accesible: solo que no se localizó por estas vías en esa fecha,no evaluado: fuera de la síntesis y de los denominadores; no cuenta como exclusión por contenido; reevaluable con acceso institucional o con el PDF,consultar el DOI con acceso institucional o solicitar el PDF a los autores
